block,run_json,configuration,dwell_us,round,control,any_window_pass,first_phase_pass_ms,error,common_rotation_deg,gain_error_db,maximum_observable_gain_error_db,maximum_observable_phase_bias_deg,passed,raw_phase_bias_deg,relative_phase_bias_deg,weighted_phase_bias_deg,frequency_hz
block-20260910T043304238564Z,/srv/bulk/samteway/lab-data/tracking-jitter-20260910-v1/captures/block-20260910T043304238564Z-r1-A-200us-20260910T043408.695441Z/run.json,A,200,1,False,True,20.929775612288285,,-1.3561774723702202,"[-0.044484298330607214, -0.3145102650241361, -0.20178428581364025, -0.0247925826565177, -0.07219280486301047, -0.07118466552546623]",0.3145102650241361,5.931720240229117,True,"[-3.620258165618629, 1.7458227549432435, 0.535641606978287, 1.0742912640454256, 4.575542767858897, 0.9509555010821367]","[-2.2640806932484083, 3.102000227313464, 1.8918190793485072, 2.4304687364156456, 5.931720240229117, 2.307132973452357]",2.6175243964435477,5800000000
block-20260910T043304238564Z,/srv/bulk/samteway/lab-data/tracking-jitter-20260910-v1/captures/block-20260910T043304238564Z-r1-A-200us-control-20260910T043417.851028Z/run.json,A,200,1,True,True,20.92772525988936,,-1.2820763706894642,"[-0.10538625444711439, -0.596019507960051, -0.284764551479317, -0.2171588621287882, -0.2853756330958041, -0.4288157268003406]",0.596019507960051,3.2101362986150215,True,"[-2.1584732077304385, -0.9800932597193325, -1.8710063967250397, 0.7644514689304326, 1.9280599279255577, 0.10626202437377213]","[-0.876396837040974, 0.301983110970132, -0.5889300260355752, 2.046527839619897, 3.2101362986150215, 1.3883383950632364]",1.3361388012548896,5800000000
block-20260910T043304238564Z,/srv/bulk/samteway/lab-data/tracking-jitter-20260910-v1/captures/block-20260910T043304238564Z-r1-A-1000us-20260910T043432.559340Z/run.json,A,1000,1,False,True,25.115631510070124,,-0.8960548503484314,"[0.20121076977207147, -0.06254501648765179, 0.16318895603502842, 0.44063940025420545, 0.16255763366425086, -0.1627667129074933]",0.44063940025420545,4.616258304760715,True,"[-2.494503274493504, 1.8965567195284936, 0.31876654807293686, 0.8628553681531531, 3.7202034544122826, 0.351888134458484]","[-1.5984484241450723, 2.7926115698769247, 1.2148213984213683, 1.7589102185015844, 4.616258304760715, 1.2479429848069152]",1.8986978003021115,5800000000
block-20260910T043304238564Z,/srv/bulk/samteway/lab-data/tracking-jitter-20260910-v1/captures/block-20260910T043304238564Z-r2-A-1000us-20260910T043441.713076Z/run.json,A,1000,2,False,True,25.119607176062306,,-1.4938970807270686,"[-0.23378004571258165, -0.2153944227199266, -0.2783730055216749, -0.15167758474669796, -0.2993030674576967, -0.23375199501081]",0.2993030674576967,3.00384749177921,True,"[-3.223462320566127, -1.1911959740941056, 0.9606593194053782, -0.19292916952966502, 1.5099504110521416, 1.0291683508813914]","[-1.7295652398390582, 0.3027011066329631, 2.454556400132447, 1.3009679111974037, 3.00384749177921, 2.52306543160846]",1.9545568559222104,5800000000
block-20260910T043304238564Z,/srv/bulk/samteway/lab-data/tracking-jitter-20260910-v1/captures/block-20260910T043304238564Z-r2-A-200us-control-20260910T043456.400000Z/run.json,A,200,2,True,False,200.33061530681266,,3.714669892477614,"[-18.11600451676523, 12.914808105382981, -8.645801237626355, 0.47263293785998056, 3.52815773249779, -1.1134166239110117]",18.11600451676523,67.90218178289935,False,"[5.6134064569795665, -59.3532559141825, 66.46844168865708, -64.18751189042173, 29.908263321792404, -28.992697677972327]","[1.8987365645019525, -63.067925806660114, 62.753771796179464, -67.90218178289935, 26.19359342931479, -32.70736757044994]",38.742486398350096,5800000000
block-20260910T043304238564Z,/srv/bulk/samteway/lab-data/tracking-jitter-20260910-v1/captures/block-20260910T043304238564Z-r2-A-200us-20260910T043505.473681Z/run.json,A,200,2,False,False,,,4.006662697310191,"[-15.984757503406184, 11.945364234140644, -8.064130449314627, -0.3654707210118035, 3.0436811764506593, -1.6055984515101995]",15.984757503406184,64.97962287983961,False,"[7.1982280665188405, -59.10427940076904, 57.42089401448544, -60.97296018252943, 27.662042290212113, -27.396721673795092]","[3.1915653692086505, -63.11094209807923, 53.41423131717525, -64.97962287983961, 23.655379592901923, -31.403384371105286]",35.50251957259349,5800000000
block-20260910T043304238564Z,/srv/bulk/samteway/lab-data/tracking-jitter-20260910-v1/captures/block-20260910T043304238564Z-r3-A-200us-20260910T043514.660070Z/run.json,A,200,3,False,True,20.929430481610755,,-3.440244467866587,"[-0.2447289776977864, 0.27858386714650585, -0.29658145227033184, -0.09847609114541739, -0.4611192310246965, -0.4750675405683353]",0.4750675405683353,5.661213274000358,True,"[-5.187570860415139, -1.847873854396885, -1.8666888446254466, -1.6099971297293076, 2.2209688061337705, -2.421303180250703]","[-1.7473263925485518, 1.5923706134697027, 1.573555623241141, 1.8302473381372795, 5.661213274000358, 1.0189412876158845]",2.1262151860443352,5800000000
block-20260910T043304238564Z,/srv/bulk/samteway/lab-data/tracking-jitter-20260910-v1/captures/block-20260910T043304238564Z-r3-A-1000us-20260910T043529.254929Z/run.json,A,1000,3,False,True,50.234843215313,,0.4021593420731871,"[0.32943517102113856, 0.33154275373624337, -0.030501092546466237, 0.30443964000957313, -0.058724233238370394, 0.12284865950419613]",0.33154275373624337,6.761068692278122,True,"[-1.9011695968927653, 5.641236575080186, 3.8995312947719003, 1.032773529642043, 7.163228034351309, 1.3266775798906478]","[-2.3033289389659526, 5.2390772330069995, 3.497371952698713, 0.6306141875688559, 6.761068692278122, 0.9245182378174606]",2.8932505711625427,5800000000
block-20260910T043304238564Z,/srv/bulk/samteway/lab-data/tracking-jitter-20260910-v1/captures/block-20260910T043304238564Z-r3-A-200us-control-20260910T043543.939725Z/run.json,A,200,3,True,True,20.93336892277595,,-0.8319323083708217,"[-0.13460138531754773, -0.22230319368282458, -0.2909421379976147, -0.0018385919868004594, 0.025592679590731596, -0.3233647215669553]",0.3233647215669553,4.52377681017531,True,"[-1.9267749918830228, -1.367983091584937, 0.44992949590844905, -0.1358957709983123, 3.6918445018044883, -0.2295621244218684]","[-1.0948426835122012, -0.536050783214115, 1.2818618042792709, 0.6960365373725095, 4.52377681017531, 0.6023701839489534]",1.4847912130902674,5800000000
block-20260910T043733496539Z,/srv/bulk/samteway/lab-data/tracking-jitter-20260910-v1/captures/block-20260910T043733496539Z-r1-A-1000us-20260910T043839.581758Z/run.json,A,1000,1,False,False,,,-20.849155871303857,"[1.8773068156068675, -3.7048784754055646, 4.088650169064024, -12.034786190013826, 7.072662423092895, 0.5978301079701174]",12.034786190013826,131.2271769686651,False,"[-152.07633283996896, -20.888474932254642, 26.180689506782862, -5.242273623586022, -119.53906687392406, -144.0997733949041]","[-131.2271769686651, -0.039319060950782365, 47.02984537808672, 15.606882247717836, -98.68991100262019, -123.25061752360025]",58.99332961975282,2475000000
block-20260910T043733496539Z,/srv/bulk/samteway/lab-data/tracking-jitter-20260910-v1/captures/block-20260910T043733496539Z-r1-A-50us-20260910T043854.540296Z/run.json,A,50,1,False,False,,,5.255691705942446,"[-4.440010521857281, -8.142889047279047, 0.7056418670515423, -2.546579278623825, 13.511849779060505, -7.649048941733108]",8.142889047279047,15.643376539173985,False,"[-2.4579059237080414, 14.505839061812221, 12.229892173823648, -10.387684833231537, -35.488691968785254, 10.96829185020642]","[-7.713597629650488, 9.250147355869776, 6.974200467881201, -15.643376539173985, -40.74438367472771, 5.7126001442639724]",10.849624321663498,2475000000
block-20260910T043733496539Z,/srv/bulk/samteway/lab-data/tracking-jitter-20260910-v1/captures/block-20260910T043733496539Z-r1-A-25us-20260910T043909.280473Z/run.json,A,25,1,False,False,,,4.617475892466911,"[-5.308845167775868, -8.206112548027614, -3.3342422733766286, -4.774592685543359, 7.392790514381762, -9.495566339833074]",9.495566339833074,8.674324525745043,False,"[-0.36756976540301534, 9.34039444151248, 10.385029244501416, -4.056848633278133, -14.635509752264369, 10.730764246564714]","[-4.985045657869927, 4.722918549045569, 5.767553352034503, -8.674324525745043, -19.25298564473128, 6.113288354097803]",6.172491963211671,2475000000
block-20260910T043733496539Z,/srv/bulk/samteway/lab-data/tracking-jitter-20260910-v1/captures/block-20260910T043733496539Z-r1-A-200us-control-20260910T043924.089350Z/run.json,A,200,1,True,True,1.4950596833556136,,0.30595749846962145,"[-0.18680352609258216, -0.4171935234607216, -0.38354198489501423, -0.43858669059790123, 3.0485748839004008, -0.4478550897781193]",0.4478550897781193,3.2620830013548905,True,"[-1.502894245785038, -0.33548973981502206, 0.8529063236854668, 1.793185873292035, 22.740528346150963, 3.5680404998245123]","[-1.8088517442546594, -0.6414472382846436, 0.5469488252158453, 1.4872283748224138, 22.434570847681346, 3.2620830013548905]",1.509496377503032,2475000000
block-20260910T043733496539Z,/srv/bulk/samteway/lab-data/tracking-jitter-20260910-v1/captures/block-20260910T043733496539Z-r1-A-200us-20260910T043933.212425Z/run.json,A,200,1,False,True,1.4950338554147555,,-0.010812833475377833,"[-0.596436206271918, -0.6159594583252636, -0.22274566437785429, -0.35262166840294734, 3.857395539621247, -0.7757540464605955]",0.7757540464605955,4.124485727326811,True,"[-4.135298560802189, 0.17747045293451025, 0.8563874797150942, 1.34182802528095, 21.785453069649073, 2.6950238312557673]","[-4.124485727326811, 0.1882832864098881, 0.867200313190472, 1.3526408587563277, 21.796265903124453, 2.7058366647311454]",2.008127757513878,2475000000
block-20260910T043733496539Z,/srv/bulk/samteway/lab-data/tracking-jitter-20260910-v1/captures/block-20260910T043733496539Z-r1-A-100us-20260910T043948.087548Z/run.json,A,100,1,False,False,,,-3.3896788674578766,"[-3.2922333324426214, -1.4155932942231857, -0.4959443195282934, -0.13523261113755752, -2.1705731173574447, -3.5597167077019702]",3.5597167077019702,11.754944840206406,False,"[-5.487369354654056, -3.0914893996634563, -0.11556225932655129, -5.692876700210134, 13.42761448895926, 8.36526597274853]","[-2.0976904871961786, 0.2981894677944202, 3.274116608131325, -2.303197832752257, 16.817293356417135, 11.754944840206406]",2.867916200131041,2475000000
block-20260910T043733496539Z,/srv/bulk/samteway/lab-data/tracking-jitter-20260910-v1/captures/block-20260910T043733496539Z-r2-A-25us-20260910T044002.677536Z/run.json,A,25,2,False,False,,,5.582181109557081,"[-5.078202762201095, -9.295798294106259, -2.126366040624354, -4.350069453309145, 10.765410004839184, -8.425750651671839]",9.295798294106259,13.150764266426648,False,"[-5.803937484539627, 12.176955704292768, 13.015709409265906, -4.141911593309967, -29.66147208673456, 18.732945375983732]","[-11.386118594096708, 6.594774594735686, 7.433528299708824, -9.724092702867049, -35.24365319629164, 13.150764266426648]",8.76057329568249,2475000000
block-20260910T043733496539Z,/srv/bulk/samteway/lab-data/tracking-jitter-20260910-v1/captures/block-20260910T043733496539Z-r2-A-50us-20260910T044017.192756Z/run.json,A,50,2,False,False,,,1.225342606478424,"[-2.6974603494447633, -3.578968598732637, -1.741856024833657, -2.3071130975218197, 4.763887627800588, -4.120287933480319]",4.120287933480319,3.400762200078523,False,"[-2.0031424841602092, 2.4349041736648473, 4.626104806556947, -0.8802117577983953, 2.2943678340697984, 4.560146312880217]","[-3.228485090638633, 1.2095615671864233, 3.400762200078523, -2.105554364276819, 1.0690252275913745, 3.3348037064017935]",2.2356580954448555,2475000000
block-20260910T043733496539Z,/srv/bulk/samteway/lab-data/tracking-jitter-20260910-v1/captures/block-20260910T043733496539Z-r2-A-200us-control-20260910T044031.695861Z/run.json,A,200,2,True,True,1.4952627978838275,,-0.19889966186875793,"[-0.3933947197073742, -0.30818381284435586, -0.21885718523059092, -0.014218555913598637, 3.692428203326026, -0.4760649788887786]",0.4760649788887786,2.7351423985488883,True,"[-1.4034050383117735, -0.706579208034608, -0.21189696123468899, 0.9573195968458803, 28.29222085349485, 2.536242736680131]","[-1.2045053764430154, -0.5076795461658502, -0.012997299365931025, 1.1562192587146383, 28.49112051536361, 2.7351423985488883]",1.4010433114681238,2475000000
block-20260910T043733496539Z,/srv/bulk/samteway/lab-data/tracking-jitter-20260910-v1/captures/block-20260910T043733496539Z-r2-A-100us-20260910T044046.703999Z/run.json,A,100,2,False,False,1.79382998130677,,-0.40372392564398285,"[-0.6125926717748228, -1.28700111941182, -0.45997904324510397, -0.6408095960627368, 0.7548124082974739, -1.878060817831799]",1.878060817831799,5.613458739500565,False,"[-1.4267375677858387, -1.1677846593636605, -2.0860431730482984, 1.4575866756661333, 22.175053547137313, 5.209734813856582]","[-1.023013642141856, -0.7640607337196776, -1.682319247404316, 1.8613106013101162, 22.5787774727813, 5.613458739500565]",1.8197949383468306,2475000000
block-20260910T043733496539Z,/srv/bulk/samteway/lab-data/tracking-jitter-20260910-v1/captures/block-20260910T043733496539Z-r2-A-1000us-20260910T044101.491680Z/run.json,A,1000,2,False,True,6.277716630780518,,-2.5647569531813312,"[-0.017984471652222996, 0.05311178697792525, 0.13099250080397026, -0.043221259563269554, 1.4603448924392937, -0.028647832151292615]",0.13099250080397026,3.50394405368264,True,"[-4.879362543450137, -2.267823689089147, -1.0346655604453934, -2.931244289813184, 23.66984877747233, 0.9391871005013083]","[-2.314605590268806, 0.29693326409218423, 1.5300913927359376, -0.36648733663185296, 26.23460573065366, 3.50394405368264]",1.5629156048717654,2475000000
block-20260910T043733496539Z,/srv/bulk/samteway/lab-data/tracking-jitter-20260910-v1/captures/block-20260910T043733496539Z-r2-A-200us-20260910T044116.321962Z/run.json,A,200,2,False,True,1.4948018400173015,,0.26110129170630725,"[0.2500372861398812, -0.29200449032741516, -0.4383854599988113, -0.6058281250335628, 3.3719530262611164, -0.17383352380804293]",0.6058281250335628,4.1813094751380575,True,"[1.8421450137877082, -0.2757395105903807, 0.9542733367459529, -0.7234651434164666, 25.132429606350684, 4.442410766844365]","[1.581043722081401, -0.536840802296688, 0.6931720450396456, -0.9845664351227739, 24.87132831464438, 4.1813094751380575]",1.479693491011241,2475000000
block-20260910T043733496539Z,/srv/bulk/samteway/lab-data/tracking-jitter-20260910-v1/captures/block-20260910T043733496539Z-r3-A-1000us-20260910T044131.243925Z/run.json,A,1000,3,False,True,6.278271172200399,,-0.9797347513748721,"[0.24073114977485194, -0.1316576561078287, -0.1268441130538318, -0.19125073762541994, 2.661837648869669, 0.012517041597532358]",0.24073114977485194,4.061118328296502,True,"[-0.013338241288223916, -1.2969039395888229, -0.17973095130436453, -2.0037244383496993, 22.026231112539357, 3.0813835769216302]","[0.9663965100866483, -0.3171691882139507, 0.8000038000705076, -1.023989686974827, 23.005965863914227, 4.061118328296502]",1.323878753453905,2475000000
block-20260910T043733496539Z,/srv/bulk/samteway/lab-data/tracking-jitter-20260910-v1/captures/block-20260910T043733496539Z-r3-A-100us-20260910T044145.969569Z/run.json,A,100,3,False,True,0.8969996324720109,,-0.680345142610834,"[0.12948896023217862, -0.23042836469874717, -0.31535574512629383, -0.30625381808355895, 2.4621798227354716, -0.06893540809184971]",0.31535574512629383,3.7808233901216894,True,"[0.9812077467932421, -0.9654378214296226, -0.1976405793833183, -2.031592769195954, 25.549944269261353, 3.100478247510855]","[1.661552889404076, -0.2850926788187884, 0.4827045632275158, -1.3512476265851194, 26.23028941187219, 3.7808233901216894]",1.5182681644935052,2475000000
block-20260910T043733496539Z,/srv/bulk/samteway/lab-data/tracking-jitter-20260910-v1/captures/block-20260910T043733496539Z-r3-A-25us-20260910T044200.761974Z/run.json,A,25,3,False,False,,,-4.315807391143439,"[-14.355423972705353, -9.932916453889904, -7.770099162495754, -13.7260170764547, -9.276877395789938, -22.30775296143614]",22.30775296143614,89.87719202307449,False,"[-94.19299941421794, -2.4758069174964854, 22.172447376021655, 14.614614787973094, 19.891107515415527, 13.059671511287377]","[-89.87719202307449, 1.8400004736469533, 26.488254767165095, 18.930422179116533, 24.206914906558964, 17.375478902430817]",37.732358397053325,2475000000
block-20260910T043733496539Z,/srv/bulk/samteway/lab-data/tracking-jitter-20260910-v1/captures/block-20260910T043733496539Z-r3-A-200us-control-20260910T044215.882823Z/run.json,A,200,3,True,False,1.4951729855505798,,-2.062580397651973,"[-1.073008977266995, -0.7628817393000319, 0.3305847578375547, -0.7612579804766582, 0.5117908838294323, -1.4360392237098132]",1.4360392237098132,6.240013885408975,False,"[-2.3292386815613866, -2.901340713850984, -0.8746701127736711, -1.8206784512596166, 16.028832466215842, 4.1774334877570025]","[-0.2666582839094135, -0.8387603161990106, 1.1879102848783019, 0.2419019463923564, 18.091412863867813, 6.240013885408975]",1.4925003623527398,2475000000
block-20260910T043733496539Z,/srv/bulk/samteway/lab-data/tracking-jitter-20260910-v1/captures/block-20260910T043733496539Z-r3-A-50us-20260910T044230.513894Z/run.json,A,50,3,False,False,5.381804676395092,,0.028246947516085814,"[-1.5924170049182573, -2.4049493784028155, -2.5073670140389517, -2.5264998333520476, 2.0996071411950994, -2.846186557613863]",2.846186557613863,1.873744487065848,False,"[0.6253872669262741, -0.061821447659379566, 1.2653114454789998, -1.1129954476235073, 32.33577616335777, 1.901991434581934]","[0.5971403194101884, -0.09006839517546537, 1.2370644979629142, -1.1412423951395931, 32.30752921584168, 1.873744487065848]",1.4135011237983672,2475000000
block-20260910T043733496539Z,/srv/bulk/samteway/lab-data/tracking-jitter-20260910-v1/captures/block-20260910T043733496539Z-r3-A-200us-20260910T044245.242133Z/run.json,A,200,3,False,False,,,64.44061167791247,"[-21.00567698784507, -7.042123914358635, 4.854620449489957, -2.8802480315590477, 21.93722118514257, -11.901907613503152]",21.00567698784507,97.9118514237208,False,"[-4.748773817810435, 143.3496059183709, 19.854250868969007, -33.47123974580833, -47.66719728328002, 111.23917494043495]","[-69.1893854957229, 78.90899424045845, -44.58636080894346, -97.9118514237208, -112.10780896119249, 46.79856326252248]",79.15039827394916,2475000000
block-20260910T044450635209Z,/srv/bulk/samteway/lab-data/tracking-jitter-20260910-v1/captures/block-20260910T044450635209Z-r1-B-1000us-20260910T044656.284277Z/run.json,B,1000,1,False,True,6.277363867983415,,-0.13247667413183065,"[0.03888911154789464, 0.08820913290469601, 0.15599163536373256, 0.15248471963039223, 0.17698983246639288, 0.6531644391961184]",0.6531644391961184,2.7157338212865447,True,"[-0.10372409022312024, 0.3103225930097826, -0.2113759484591912, -0.4862536319912061, 0.3701018291781731, -2.848210495418376]","[0.028752583908710404, 0.4427992671416132, -0.07889927432736056, -0.35377695785937546, 0.5025785033100036, -2.7157338212865447]",0.5857756407217951,2475000000
block-20260910T044450635209Z,/srv/bulk/samteway/lab-data/tracking-jitter-20260910-v1/captures/block-20260910T044450635209Z-r1-B-50us-20260910T044712.011128Z/run.json,B,50,1,False,False,400.5460514763199,,-0.045910868991084375,"[-1.5471839536750829, -1.6101860280217772, -0.7567174318470962, -1.22147695656588, 0.22855510033551446, -1.4330714144232566]",1.6101860280217772,1.6897753120439505,False,"[-0.2549384581423738, -0.12501685496503925, 0.04812310675824881, 0.3555938094288328, -3.060121362927087, -1.7356861810350346]","[-0.2090275891512894, -0.07910598597395489, 0.09403397574933317, 0.4015046784199171, -3.0142104939360026, -1.6897753120439505]",0.39947978137171375,2475000000
block-20260910T044450635209Z,/srv/bulk/samteway/lab-data/tracking-jitter-20260910-v1/captures/block-20260910T044450635209Z-r1-B-25us-20260910T044727.455476Z/run.json,B,25,1,False,False,,,-8.348520682494652,"[-9.447192762975046, -3.1574625237044716, -0.025495550284080473, -4.199143382336944, -4.8750845857217024, -5.983576222161892]",9.447192762975046,44.66847154227533,False,"[-53.016992224769986, -4.688760295371429, 12.866028575016468, 0.9236966748488589, -121.78921048729472, -8.04683282884311]","[-44.66847154227533, 3.659760387123224, 21.21454925751112, 9.272217357343509, -113.44068980480009, 0.3016878536515407]",20.44221291921296,2475000000
block-20260910T044450635209Z,/srv/bulk/samteway/lab-data/tracking-jitter-20260910-v1/captures/block-20260910T044450635209Z-r1-A-200us-control-20260910T044742.766421Z/run.json,A,200,1,True,True,1.4947088807307225,,-2.177568112547185,"[0.15579243683634658, -0.2652702832986077, -0.6450333379343234, -0.17186301049497194, -2.1772315317885447, -0.32633688510109604]",0.6450333379343234,4.069254758002428,True,"[-3.546537955484418, -1.1066379079253097, -2.3662619543984142, -3.480803430782959, 14.208726029803696, 1.891686645455244]","[-1.3689698429372328, 1.0709302046218754, -0.1886938418512292, -1.303235318235774, 16.38629414235088, 4.069254758002428]",1.5030008338802796,2475000000
block-20260910T044450635209Z,/srv/bulk/samteway/lab-data/tracking-jitter-20260910-v1/captures/block-20260910T044450635209Z-r1-B-200us-20260910T044751.778237Z/run.json,B,200,1,False,True,20.925454297209114,,-1.4813557794132226,"[-0.7638656119591687, -0.0978458426335124, 0.6298488392551389, 0.4796668283087627, -4.031087854378454, -0.505769006338783]",0.7638656119591687,2.5203852171286516,True,"[-3.3255782032413364, -2.249768832089431, -2.680676636738645, 1.0390294377154294, 3.441085397834713, -0.5103030531286146]","[-1.8442224238281137, -0.7684130526762081, -1.1993208573254224, 2.5203852171286516, 4.922441177247935, 0.971052726284608]",1.6727340605916903,2475000000
block-20260910T044450635209Z,/srv/bulk/samteway/lab-data/tracking-jitter-20260910-v1/captures/block-20260910T044450635209Z-r1-B-100us-20260910T044807.327849Z/run.json,B,100,1,False,False,200.03272778914857,,-2.21955631251357,"[-1.8791337596433053, -1.264074760033795, -0.09115880900302144, 0.08320169199701719, -3.7002277878863676, -1.946878133702743]",1.946878133702743,7.443898869234327,False,"[-2.3678005632293515, -1.9270677597451085, -2.631895147318859, -3.1468532342625677, -12.60156693042047, 5.224342556720758]","[-0.14824425071578184, 0.2924885527684613, -0.41233883480528916, -0.9272969217489978, -10.3820106179069, 7.443898869234327]",1.4792101101843294,2475000000
block-20260910T044450635209Z,/srv/bulk/samteway/lab-data/tracking-jitter-20260910-v1/captures/block-20260910T044450635209Z-r1-A-1000us-control-20260910T044823.108037Z/run.json,A,1000,1,True,True,6.278933140280849,,-2.16960126920538,"[0.4266870219678915, 0.12742010368373502, 0.012417582016730105, 0.2952426978477095, -7.249617671201889, -0.33818009184331893]",0.4266870219678915,3.8623501830198634,True,"[-4.049659313450105, -2.9255007611835997, -1.431812105122155, -0.6335209367337484, -12.106535817984026, 1.6927489138144838]","[-1.8800580442447254, -0.7558994919782199, 0.7377891640832246, 1.5360803324716317, -9.936934548778646, 3.8623501830198634]",1.4683336772956639,2475000000
block-20260910T044450635209Z,/srv/bulk/samteway/lab-data/tracking-jitter-20260910-v1/captures/block-20260910T044450635209Z-r2-B-25us-20260910T044837.488312Z/run.json,B,25,2,False,False,,,-5.285984083864026,"[-13.128888532162936, -5.076866029957719, -3.8991804968876504, -6.627901294886489, -19.157733638193047, -10.545712131021748]",13.128888532162936,36.46661007956932,False,"[-41.75259416343334, -0.3590296347188205, 13.937201290467149, -0.5557890728402307, 22.532358618496744, -11.030374644886662]","[-36.46661007956932, 4.926954449145206, 19.223185374331173, 4.730195011023795, 27.818342702360773, -5.744390561022637]",16.412884589972982,2475000000
block-20260910T044450635209Z,/srv/bulk/samteway/lab-data/tracking-jitter-20260910-v1/captures/block-20260910T044450635209Z-r2-B-50us-20260910T044853.563467Z/run.json,B,50,2,False,True,5.3813699347711195,,-2.3813401519041264,"[-0.34168087364034416, -0.6039214409700199, -0.3866432436690048, -0.12226082715095432, -1.4605103027276236, -0.2925040358256495]",0.6039214409700199,7.242817314868573,True,"[-9.624157466772699, -1.2446084860914952, -1.4029020893028052, -0.19649723568660196, 5.557585895870698, -4.836316988999314]","[-7.242817314868573, 1.136731665812631, 0.9784380626013212, 2.184842916217524, 7.9389260477748245, -2.454976837095187]",3.247270281418143,2475000000
block-20260910T044450635209Z,/srv/bulk/samteway/lab-data/tracking-jitter-20260910-v1/captures/block-20260910T044450635209Z-r2-A-1000us-control-20260910T044909.265730Z/run.json,A,1000,2,True,True,6.27910221875987,,-0.9311061504259035,"[-0.5253681380567226, -0.049299532834385776, -0.3659059447752647, -0.789375927887402, -1.0011312294880772, -0.07973166510674512]",0.789375927887402,2.999853562295792,True,"[-3.8728790879005195, -2.3378394747275077, 1.0089887198985608, 2.068747411869889, 4.819413699688289, -1.4677445152661748]","[-2.9417729374746164, -1.406733324301604, 1.9400948703244645, 2.999853562295792, 5.750519850114192, -0.5366383648402713]",2.281167825678877,2475000000
block-20260910T044450635209Z,/srv/bulk/samteway/lab-data/tracking-jitter-20260910-v1/captures/block-20260910T044450635209Z-r2-B-100us-20260910T044923.917725Z/run.json,B,100,2,False,True,0.8969016536973716,,-1.2419458033829627,"[-0.4557109562978972, -0.3740356567741261, -0.1664788930647419, 0.4475854890559594, -0.8499917765547794, 0.18704806203736463]",0.4557109562978972,2.165464195815713,True,"[-3.0610559435980775, -0.320759973937723, -1.5735900900085042, -1.3037618244573108, 10.215059420613464, -3.407409999198676]","[-1.8191101402151149, 0.9211858294452397, -0.3316442866255414, -0.06181602107434823, 11.457005223996427, -2.165464195815713]",1.1297167749488786,2475000000
block-20260910T044450635209Z,/srv/bulk/samteway/lab-data/tracking-jitter-20260910-v1/captures/block-20260910T044450635209Z-r2-B-1000us-20260910T044939.553744Z/run.json,B,1000,2,False,True,6.278660175345137,,-0.007015833699913348,"[-0.356426630162913, -0.22907958630691613, 0.18562278921686526, -0.17106527688704704, 0.20930977456478755, 0.37111343773887945]",0.37111343773887945,1.1830196836795182,True,"[-0.7160174397426597, 0.14784957825033443, 0.690303449811129, 0.05622181287394079, -6.781880695999187, -1.1900355173794313]","[-0.7090016060427464, 0.15486541195024778, 0.6973192835110423, 0.06323764657385414, -6.774864862299274, -1.1830196836795182]",0.5219775424401399,2475000000
block-20260910T044450635209Z,/srv/bulk/samteway/lab-data/tracking-jitter-20260910-v1/captures/block-20260910T044450635209Z-r2-A-200us-control-20260910T044955.279050Z/run.json,A,200,2,True,False,,,53.514615451479145,"[-22.785265852148274, -6.035321819715715, 4.00159191562174, -4.687031122774812, 19.485908841733675, -10.30340321683199]",22.785265852148274,92.37356154815868,False,"[6.979048521538856, 145.88817699963784, 26.57282938116196, -28.815145612406123, -62.520647693504664, 113.28781985863817]","[-46.53556692994029, 92.37356154815868, -26.94178607031719, -82.32976106388527, -116.03526314498382, 59.77320440715902]",77.63168147289129,2475000000
block-20260910T044450635209Z,/srv/bulk/samteway/lab-data/tracking-jitter-20260910-v1/captures/block-20260910T044450635209Z-r2-B-200us-20260910T045004.358121Z/run.json,B,200,2,False,True,1.4950406988799128,,1.5675192855621203,"[-0.4212807159906925, -0.41261678168117294, -0.027235359225153882, -0.21932028003712611, -0.40374548745728317, 0.12459208426952376]",0.4212807159906925,1.9824445803168254,True,"[0.7516100314517495, 1.4565074495733286, 0.4580159939680733, 2.8365735738660076, 3.174997233796838, -0.414925294754705]","[-0.8159092541103707, -0.11101183598879179, -1.1095032915940468, 1.269054288303887, 1.6074779482347183, -1.9824445803168254]",0.9073698571660436,2475000000
block-20260910T044450635209Z,/srv/bulk/samteway/lab-data/tracking-jitter-20260910-v1/captures/block-20260910T044450635209Z-r3-B-100us-20260910T045020.625016Z/run.json,B,100,3,False,False,1.7936609109023798,,-0.05156973563664052,"[-0.8690754944548733, -1.2033383448411672, -0.7377449472816988, -0.9529141965316612, -0.2934438035460715, -0.858131499253606]",1.2033383448411672,2.0851373504347857,False,"[-1.0942917761648785, 0.5108070333574838, -0.39473618246839914, 0.06532701243254915, -1.2285957653770965, -2.136707086071426]","[-1.0427220405282382, 0.5623767689941245, -0.3431664468317587, 0.11689674806918968, -1.177026029740456, -2.0851373504347857]",0.6748876280767068,2475000000
block-20260910T044450635209Z,/srv/bulk/samteway/lab-data/tracking-jitter-20260910-v1/captures/block-20260910T044450635209Z-r3-A-200us-control-20260910T045036.268063Z/run.json,A,200,3,True,False,1.4947417429876673,,0.21761672376208527,"[-0.6976655405643766, -0.8683875359465809, -0.9316168659053203, -1.7548643631882688, 0.8450282394142723, -0.8335619575042768]",1.7548643631882688,2.0884325349748476,False,"[-0.3840479739429546, 0.4122953366449349, 2.3060492587369334, -0.6191580202255562, -1.414450423538164, 0.8194937656933445]","[-0.6016646977050398, 0.19467861288284966, 2.0884325349748476, -0.8367747439876414, -1.6320671473002495, 0.6018770419312592]",0.8781465313289522,2475000000
block-20260910T044450635209Z,/srv/bulk/samteway/lab-data/tracking-jitter-20260910-v1/captures/block-20260910T044450635209Z-r3-B-1000us-20260910T045050.908320Z/run.json,B,1000,3,False,True,6.2779381115603945,,0.1451884384887344,"[0.04012568153374178, -0.12158559741510476, 0.0692074671154744, -0.004858799022141323, 0.042711097200559815, 0.5275073635717906]",0.5275073635717906,1.8794342389295444,True,"[0.0757894757261675, 0.9101192748728717, -0.4369466567766928, -0.5292055573106186, 1.296024226518078, -1.7342458004408101]","[-0.0693989627625669, 0.7649308363841373, -0.5821350952654273, -0.6743939957993531, 1.1508357880293436, -1.8794342389295444]",0.72177270150721,2475000000
block-20260910T044450635209Z,/srv/bulk/samteway/lab-data/tracking-jitter-20260910-v1/captures/block-20260910T044450635209Z-r3-B-25us-20260910T045107.372104Z/run.json,B,25,3,False,False,,,3.9336847570402953,"[-5.890721724016945, -7.957792590408964, -2.081400497258276, -4.859599817008226, 5.375018583256969, -9.525796216529729]",9.525796216529729,6.5209774862062115,False,"[-2.5872927291659167, 7.752724585235184, 9.849283575681723, 0.06873878168235478, -35.1576718065753, 1.3090510182564068]","[-6.5209774862062115, 3.819039828194888, 5.915598818641428, -3.864945975357941, -39.09135656361559, -2.624633738783889]",4.892448920034426,2475000000
block-20260910T044450635209Z,/srv/bulk/samteway/lab-data/tracking-jitter-20260910-v1/captures/block-20260910T044450635209Z-r3-A-1000us-control-20260910T045123.505653Z/run.json,A,1000,3,True,False,6.277824489451207,,-0.6289396742763214,"[-0.35529965075932524, -0.29366340780697897, -0.8476500808155538, -1.432616768602205, 0.5305896616830362, -0.24924765256900186]",1.432616768602205,1.4538098358796794,False,"[-0.9753266261173829, -0.7322362813101596, 0.7283994719003865, -1.0248202088372145, 6.52523079839443, 0.824870161603358]","[-0.34638695184106155, -0.10329660703383828, 1.3573391461767077, -0.3958805345608932, 7.154170472670751, 1.4538098358796794]",0.6573800596957166,2475000000
block-20260910T044450635209Z,/srv/bulk/samteway/lab-data/tracking-jitter-20260910-v1/captures/block-20260910T044450635209Z-r3-B-50us-20260910T045137.825435Z/run.json,B,50,3,False,False,10.165879661995614,,0.16509758343034078,"[-2.070408747935262, -2.2130000024244985, -1.7655218809505915, -2.1220225969002082, -1.0636482708267074, -2.2730690081255864]",2.2730690081255864,3.6188428518437274,False,"[-2.217972628259702, 0.24074686815461463, -0.02539242781652082, 1.7997241402095663, 9.022735498752228, -3.4537452684133862]","[-2.383070211690043, 0.07564928472427385, -0.1904900112468616, 1.6346265567792255, 8.857637915321888, -3.6188428518437274]",1.4814546186875532,2475000000
block-20260910T044450635209Z,/srv/bulk/samteway/lab-data/tracking-jitter-20260910-v1/captures/block-20260910T044450635209Z-r3-B-200us-20260910T045153.021434Z/run.json,B,200,3,False,False,100.1629214749618,,2.1155312466346063,"[-1.4796402869460656, -0.5339933559171464, 0.9104418081543175, 0.6845262310506023, 1.4992228192684127, -1.1704534935975386]",1.4796402869460656,9.904644195539133,False,"[-3.2947062168319206, -2.136340886037121, 0.9428700730767181, 12.020175442173741, -32.56834946792325, 3.919743736382698]","[-5.410237463466526, -4.251872132671727, -1.1726611735578882, 9.904644195539133, -34.68388071455785, 1.8042124897480918]",6.494175787959083,2475000000
block-20260910T045514538927Z,/srv/bulk/samteway/lab-data/tracking-jitter-20260910-v1/captures/block-20260910T045514538927Z-r1-A-200us-20260910T045618.833367Z/run.json,A,200,1,False,True,1.495,,-0.09270484910564465,"[-0.055318538645777696, -0.03851457032560576, -0.03592585616856093, -0.06429014319672195, -0.07078685486528297, -0.07800710442255365]",0.07800710442255365,1.526378632797998,True,"[-0.12894602675860276, 0.2169646004340647, -0.015289945395081104, -0.10464099274749926, 1.4336737836923534, -0.2111578527506654]","[-0.036241177652958124, 0.3096694495397094, 0.07741490371056355, -0.011936143641854606, 1.526378632797998, -0.11845300364502075]",0.15040541283894202,915000000
block-20260910T045514538927Z,/srv/bulk/samteway/lab-data/tracking-jitter-20260910-v1/captures/block-20260910T045514538927Z-r1-A-200us-control-20260910T045628.080028Z/run.json,A,200,1,True,True,1.495,,-0.21266463110070657,"[-0.014910847565107934, 0.018590329502303143, 0.021597607052731206, 0.006687022212315944, -0.020945191402455307, -0.004334060496049685]",0.021597607052731206,1.339254596115494,True,"[-0.24827023317386426, 0.07293137284571428, -0.14762769835958867, -0.24742811541888254, 1.1265899650147875, -0.28481303583601164]","[-0.035605602073157695, 0.2855960039464209, 0.06503693274111792, -0.034763484318175955, 1.339254596115494, -0.07214840473530505]",0.13016931079704258,915000000
block-20260910T045514538927Z,/srv/bulk/samteway/lab-data/tracking-jitter-20260910-v1/captures/block-20260910T045514538927Z-r1-A-1000us-20260910T045642.710270Z/run.json,A,1000,1,False,True,6.278,,-0.016756266813990364,"[0.015049829920749344, 0.018895581270619875, 0.01833662149679675, -0.005576341499328442, -0.04989291655693482, -0.019158309334984597]",0.04989291655693482,1.3467276863250992,True,"[-0.0409595985389189, 0.3241302020877405, 0.0818579691498342, -0.06302519319281567, 1.329971419511109, -0.15673260409229783]","[-0.024203331724928546, 0.34088646890173097, 0.09861423596382456, -0.04626892637882533, 1.3467276863250992, -0.13997633727830747]",0.14817966537783214,915000000
block-20260910T045514538927Z,/srv/bulk/samteway/lab-data/tracking-jitter-20260910-v1/captures/block-20260910T045514538927Z-r2-A-200us-control-20260910T045657.713735Z/run.json,A,200,2,True,True,1.495,,-0.05660526340564635,"[0.010744090531819347, 0.02148338488933039, 0.024997384058559134, 0.003242312349815725, -0.05979652330104424, -0.0028851980566598854]",0.05979652330104424,1.1890431038537106,True,"[-0.10075375196345235, 0.3071911232900318, 0.04593603755804325, -0.09823584426049177, 1.1324378404480642, -0.15835296983804978]","[-0.044148488557805995, 0.36379638669567815, 0.10254130096368962, -0.04163058085484541, 1.1890431038537106, -0.1017477064324034]",0.1382796465590109,915000000
block-20260910T045514538927Z,/srv/bulk/samteway/lab-data/tracking-jitter-20260910-v1/captures/block-20260910T045514538927Z-r2-A-200us-20260910T045706.822999Z/run.json,A,200,2,False,True,1.495,,-0.21602029430237443,"[0.027438625878674697, 0.03259636780623047, 0.02521163268400453, 0.0016588942499456496, -0.0593431245858864, -0.0038821878834062323]",0.0593431245858864,1.3587781258652651,True,"[-0.2536650853751394, 0.12397749802085979, -0.10734603249517162, -0.2592115543042556, 1.1427578315628908, -0.33940427244903176]","[-0.03764479107276499, 0.3399977923232342, 0.10867426180720278, -0.04319126000188118, 1.3587781258652651, -0.12338397814665739]",0.14864140408148793,915000000
block-20260910T045514538927Z,/srv/bulk/samteway/lab-data/tracking-jitter-20260910-v1/captures/block-20260910T045514538927Z-r2-A-1000us-20260910T045721.592844Z/run.json,A,1000,2,False,True,6.278,,-0.12049441112381593,"[0.003465976183135698, 0.039844341218287366, 0.02077904072082398, 0.0014914678012703398, -0.07436962283307899, -0.009734783979494743]",0.07436962283307899,1.6602018419467612,True,"[-0.19757297615420735, 0.21646425757035725, -0.028833007024475003, -0.1323156932117586, 1.5397074308229453, -0.17107654492436766]","[-0.07707856503039144, 0.3369586686941732, 0.09166140409934091, -0.011821282087942678, 1.6602018419467612, -0.050582133800551744]",0.1623784739619929,915000000
block-20260910T045514538927Z,/srv/bulk/samteway/lab-data/tracking-jitter-20260910-v1/captures/block-20260910T045514538927Z-r3-A-200us-control-20260910T045736.648370Z/run.json,A,200,3,True,True,1.495,,-0.2646264760939489,"[-0.05598972475215731, -0.02802197406537166, -0.03457194088706795, -0.05712459619344492, -0.10209532807997378, -0.06884867500451435]",0.10209532807997378,1.3791428724096801,True,"[-0.315421966998516, 0.1148027083418821, -0.18937693676172204, -0.29880488362525875, 1.1145163963157314, -0.3361907332806071]","[-0.050795490904567094, 0.379429184435831, 0.07524953933222688, -0.03417840753130982, 1.3791428724096801, -0.07156425718665814]",0.14453684945171835,915000000
block-20260910T045514538927Z,/srv/bulk/samteway/lab-data/tracking-jitter-20260910-v1/captures/block-20260910T045514538927Z-r3-A-200us-20260910T045746.070366Z/run.json,A,200,3,False,True,1.495,,-0.10797204831542542,"[-0.0420115826378847, -0.02370280080320031, -0.03176281752877681, -0.054062820376997056, -0.09105960199324666, -0.0658570378993663]",0.09105960199324666,1.3028587829029163,True,"[-0.1516915672941921, 0.2782688547613323, -0.04590883319796007, -0.12455449776068761, 1.194886734587491, -0.19588272383247704]","[-0.043719518978766664, 0.38624090307675774, 0.06206321511746535, -0.016582449445262184, 1.3028587829029163, -0.08791067551705163]",0.13957309530914264,915000000
block-20260910T045514538927Z,/srv/bulk/samteway/lab-data/tracking-jitter-20260910-v1/captures/block-20260910T045514538927Z-r3-A-1000us-20260910T045801.008246Z/run.json,A,1000,3,False,True,6.279,,-0.06343554967785896,"[0.013782880986294517, 0.030233801727243752, 0.01499607446560345, -0.004775118357396029, -0.08861314721496637, -0.012481602863527185]",0.08861314721496637,1.0080831047836127,True,"[-0.08920297112271786, 0.4102797823619632, 0.007721003627647416, -0.11657143653392125, 0.9446475551057538, -0.17900782466979556]","[-0.02576742144485891, 0.47371533203982225, 0.07115655330550637, -0.053135886856062305, 1.0080831047836127, -0.11557227499193659]",0.13898174459281182,915000000
block-20260911T030034179397Z,/srv/bulk/samteway/lab-data/tracking-jitter-20260911-resume-v1/captures/block-20260911T030034179397Z-r1-A-200us-control-20260911T030140.476776Z/run.json,A,200,1,True,False,,,4.422499730446674,"[-21.64371510827303, 9.847344640406675, 5.126873642823141, -11.079107595766612, 5.214764596038524, -0.4610580210101534]",21.64371510827303,89.8764586798885,False,"[26.33832212967157, -85.45395894944183, 84.41869296753143, -69.78068320211193, 51.559146958989146, -39.919735538449714]","[21.915822399224897, -89.8764586798885, 79.99619323708475, -74.2031829325586, 47.13664722854247, -44.342235268896395]",46.667614612100934,5811000000
block-20260911T030034179397Z,/srv/bulk/samteway/lab-data/tracking-jitter-20260911-resume-v1/captures/block-20260911T030034179397Z-r1-A-100us-20260911T030155.518839Z/run.json,A,100,1,False,False,,,21.747359501815517,"[-19.525564415350768, 0.2531252894847052, 11.837395121489273, -9.245043436344261, -3.0230983735341783, 1.6799794220158473]",19.525564415350768,107.78489540314065,False,"[37.18495529054295, -86.03753590132513, 6.669716121595794, -1.7645178197244533, 19.84192222535536, -1.0316495177868263]","[15.437595788727434, -107.78489540314065, -15.077643380219728, -23.51187732153997, -1.9054372764601613, -22.779009019602345]",31.471833648833012,5811000000
block-20260911T030034179397Z,/srv/bulk/samteway/lab-data/tracking-jitter-20260911-resume-v1/captures/block-20260911T030034179397Z-r1-A-50us-20260911T030210.161566Z/run.json,A,50,1,False,False,400.4094376135771,,-5.616269998139633,"[-1.9911112812975384, -2.4201923296464627, -0.048191962650851364, -1.917906682418031, -1.6303472490855366, -2.4697523645160806]",2.4697523645160806,9.901459283002191,False,"[-5.303507772588143, -11.893704876228067, 4.285189284862558, -5.404662001881379, -1.4952160314955725, -9.479524951041789]","[0.31276222555148936, -6.277434878088434, 9.901459283002191, 0.2116079962582544, 4.121053966644061, -3.8632549529021563]",2.4400584841963275,5811000000
block-20260911T030034179397Z,/srv/bulk/samteway/lab-data/tracking-jitter-20260911-resume-v1/captures/block-20260911T030034179397Z-r1-A-1000us-20260911T030224.828843Z/run.json,A,1000,1,False,True,12.551007000019148,,-1.1436480783714074,"[-0.04614887874913557, -0.3200315342388299, -0.5031603476250038, -0.3903690923548498, 0.005312273979008018, -0.45508556644430576]",0.5031603476250038,4.105798041644343,True,"[-1.837465768850872, -2.1859370485149037, -0.8594026387088248, -0.00579720705232076, 2.962149963272936, -0.509600711948083]","[-0.6938176904794651, -1.0422889701434968, 0.28424543966258237, 1.1378508713190865, 4.105798041644343, 0.6340473664233242]",1.2558563125264846,5811000000
block-20260911T030034179397Z,/srv/bulk/samteway/lab-data/tracking-jitter-20260911-resume-v1/captures/block-20260911T030034179397Z-r1-A-200us-20260911T030239.418851Z/run.json,A,200,1,False,False,,,-4.6476754448777315,"[-17.63799766780935, 9.101308116119304, 4.20239245087582, -11.384000561725163, 3.98586388156551, -0.8603326943530698]",17.63799766780935,84.48339169698224,False,"[13.197051590367392, -85.17707688975969, 79.8357162521045, -60.64401617373254, 48.424017877199844, -36.16220963985751]","[17.844727035245125, -80.52940144488196, 84.48339169698224, -55.99634072885481, 53.07169332207757, -31.51453419497977]",38.95935539795866,5811000000
block-20260911T030034179397Z,/srv/bulk/samteway/lab-data/tracking-jitter-20260911-resume-v1/captures/block-20260911T030034179397Z-r1-A-25us-20260911T030253.886334Z/run.json,A,25,1,False,False,,,-6.5667735553429205,"[-19.190454577187097, 4.931980166466922, 1.2952950329105701, -12.792109637542953, -0.08727310445038919, -4.642508696848355]",19.190454577187097,82.68927158400189,False,"[13.595554545437864, -89.2560451393448, 68.24615760271936, -69.13885314421728, 39.480911433487655, -46.02958618558111]","[20.162328100780787, -82.68927158400189, 74.81293115806228, -62.57207958887436, 46.04768498883057, -39.46281263023819]",41.378917068585146,5811000000
block-20260911T030034179397Z,/srv/bulk/samteway/lab-data/tracking-jitter-20260911-resume-v1/captures/block-20260911T030034179397Z-r2-A-50us-20260911T030308.810799Z/run.json,A,50,2,False,False,50.20074672171526,,-4.408606293410097,"[-1.137404439838909, -1.6804701510924445, -0.44301877397019235, -1.5203054955621789, -1.0537325804827782, -2.005353916550985]",2.005353916550985,2.8747705725594734,False,"[-4.4154801585478145, -7.283376865969571, -7.252339542789633, -3.8576538661763466, -1.777085857880263, -4.832114425493244]","[-0.006873865137717829, -2.8747705725594734, -2.843733249379537, 0.5509524272337506, 2.6315204355298336, -0.42350813208314764]",1.0434047833837696,5811000000
block-20260911T030034179397Z,/srv/bulk/samteway/lab-data/tracking-jitter-20260911-resume-v1/captures/block-20260911T030034179397Z-r2-A-1000us-20260911T030323.780170Z/run.json,A,1000,2,False,True,12.550103762927446,,-0.7549881662724661,"[-0.0717611359217821, -0.1870969638252563, -0.16854573325157096, -0.33698866274679784, -0.5471811430955035, -0.6159593471183005]",0.6159593471183005,3.0895339674410676,True,"[-1.6517402800553356, 0.015199101014949734, 2.334545801168601, 1.133608063386554, 0.39729361787974327, -0.23549494539498528]","[-0.8967521137828695, 0.7701872672874158, 3.0895339674410676, 1.88859622965902, 1.1522817841522095, 0.5194932208774808]",1.2048327543061081,5811000000
block-20260911T030034179397Z,/srv/bulk/samteway/lab-data/tracking-jitter-20260911-resume-v1/captures/block-20260911T030034179397Z-r2-A-25us-20260911T030338.660580Z/run.json,A,25,2,False,False,,,8.10607964523879,"[-18.35753871234783, -16.093739235669027, -5.328662766628984, -12.069031978403633, -3.315200771701436, 1.466575670534251]",18.35753871234783,92.79333871355915,False,"[38.77265011497058, -84.68725906832034, 8.799332081425602, -62.695696107200604, -11.679922939463383, -53.79102068253978]","[30.666570469731802, -92.79333871355915, 0.6932524361868132, -70.80177575243938, -19.78600258470217, -61.897100327778574]",48.07324899849219,5811000000
block-20260911T030034179397Z,/srv/bulk/samteway/lab-data/tracking-jitter-20260911-resume-v1/captures/block-20260911T030034179397Z-r2-A-200us-control-20260911T030353.861756Z/run.json,A,200,2,True,True,10.460428121314303,,-2.505385256068437,"[0.021259292643104645, -0.5592781488824373, -0.00974717474585149, -0.307430619387517, -0.2886775654042859, -0.3536940719650853]",0.5592781488824373,2.3197670726880704,True,"[-3.2406690746833244, -2.7132897675700427, -3.319521338234865, -0.18561818338036656, -2.1373857522995294, -2.202639325684487]","[-0.7352838186148872, -0.20790451150160566, -0.8141360821664279, 2.3197670726880704, 0.36799950376890755, 0.30274593038395026]",1.1729297876729987,5811000000
block-20260911T030034179397Z,/srv/bulk/samteway/lab-data/tracking-jitter-20260911-resume-v1/captures/block-20260911T030034179397Z-r2-A-200us-20260911T030403.433127Z/run.json,A,200,2,False,False,,,1.3095828450097533,"[-20.056696540522985, 9.32106058601361, 4.508871649148305, -10.501835071124265, 4.200613911448069, -1.4214896591740813]",20.056696540522985,87.09822208268557,False,"[22.046080491408397, -85.7886392376758, 82.95877557165181, -66.8858757281829, 51.01199452364625, -38.660640634507814]","[20.736497646398647, -87.09822208268557, 81.64919272664206, -68.19545857319264, 49.7024116786365, -39.97022347951757]",44.16431813562722,5811000000
block-20260911T030034179397Z,/srv/bulk/samteway/lab-data/tracking-jitter-20260911-resume-v1/captures/block-20260911T030034179397Z-r2-A-100us-20260911T030418.572003Z/run.json,A,100,2,False,True,20.621019736864024,,-4.081828414561423,"[-0.13607459733928076, -0.38035468536859024, -0.2125190527193502, -0.5375425689451949, -0.03141275183431283, -0.7239213369176598]",0.7239213369176598,3.123023899852661,True,"[-4.2835218764348895, -7.204852314414085, -5.323605807291955, -2.720219153960522, -3.075969923339866, -3.773260318519411]","[-0.20169346187346687, -3.123023899852661, -1.2417773927305322, 1.361609260600901, 1.0058584912215565, 0.3085680960420119]",1.026191530509334,5811000000
block-20260911T030034179397Z,/srv/bulk/samteway/lab-data/tracking-jitter-20260911-resume-v1/captures/block-20260911T030034179397Z-r3-A-200us-20260911T030433.634680Z/run.json,A,200,3,False,False,,,3.160396994380633,"[-21.896189461406557, 9.345271543945618, 5.142527301274028, -11.32101188305529, 4.311721011004778, -0.9129238057180113]",21.896189461406557,89.9864011936162,False,"[24.226456980534262, -86.82600419923557, 77.19016295526419, -64.79230163067048, 50.26097355853404, -38.45354548098418]","[21.066059986153633, -89.9864011936162, 74.02976596088355, -67.95269862505111, 47.10057656415341, -41.613942475364816]",44.25670631258918,5811000000
block-20260911T030034179397Z,/srv/bulk/samteway/lab-data/tracking-jitter-20260911-resume-v1/captures/block-20260911T030034179397Z-r3-A-50us-20260911T030448.753873Z/run.json,A,50,3,False,False,,,4.167764548105804,"[-25.994146987141107, -13.85878099187632, 12.037223127922427, -8.253588979346718, -8.673934844009633, 0.9284653208465242]",25.994146987141107,79.91892415085819,False,"[14.60216971321254, -75.75115960275237, -3.8906524640926414, -5.178652187853091, -15.844445064252593, 4.478773365673114]","[10.434405165106735, -79.91892415085819, -8.058417012198447, -9.346416735958897, -20.012209612358397, 0.31100881756730964]",22.209177456053272,5811000000
block-20260911T030034179397Z,/srv/bulk/samteway/lab-data/tracking-jitter-20260911-resume-v1/captures/block-20260911T030034179397Z-r3-A-1000us-20260911T030503.842112Z/run.json,A,1000,3,False,True,12.5517809772767,,-1.7770254672036536,"[-0.07868091106869929, -0.08760779667850976, -0.16181125380904746, -0.3230160878673659, -0.06390258166700638, -0.5057175674107275]",0.5057175674107275,3.4404571062612104,True,"[-2.985922220181026, -2.4861308709084358, 0.5668854944783863, 0.7240930525083744, 1.6634316390575568, -0.4719749462288634]","[-1.2088967529773718, -0.7091054037047817, 2.3439109616820404, 2.5011185197120285, 3.4404571062612104, 1.3050505209747902]",1.7237843794969592,5811000000
block-20260911T030034179397Z,/srv/bulk/samteway/lab-data/tracking-jitter-20260911-resume-v1/captures/block-20260911T030034179397Z-r3-A-200us-control-20260911T030519.085132Z/run.json,A,200,3,True,False,,,-2.2203272113072536,"[-20.747533390879415, 9.035100662270803, 4.571488511432168, -11.170751205029163, 4.245023056951476, -0.9811044840121323]",20.747533390879415,85.1544616810136,False,"[16.79731879315894, -87.37478889232085, 75.97642185797622, -62.10591073214639, 50.18522229469334, -37.92147258679417]","[19.017646004466194, -85.1544616810136, 78.19674906928347, -59.88558352083913, 52.405549506000604, -35.70114537548692]",40.90354621352456,5811000000
block-20260911T030034179397Z,/srv/bulk/samteway/lab-data/tracking-jitter-20260911-resume-v1/captures/block-20260911T030034179397Z-r3-A-25us-20260911T030534.092264Z/run.json,A,25,3,False,False,,,-8.956807003915541,"[-23.864723515357845, -15.87438485798958, -9.604943279939437, -5.223766094077719, 1.061097628371792, -7.384281153774804]",23.864723515357845,68.94386284791489,False,"[14.363250322010407, -77.90066985183044, 11.047632928116816, -74.52917564548908, -10.403867053000486, -26.481368168271935]","[23.320057325925948, -68.94386284791489, 20.00443993203236, -65.57236864157352, -1.4470600490849426, -17.524561164356395]",38.21263681129083,5811000000
block-20260911T030034179397Z,/srv/bulk/samteway/lab-data/tracking-jitter-20260911-resume-v1/captures/block-20260911T030034179397Z-r3-A-100us-20260911T030548.770696Z/run.json,A,100,3,False,False,50.20972612474277,,-3.7218513063926113,"[-0.7569407000186446, -1.0347992963141266, -0.404636302695645, -0.8535073252111602, -0.5566694887118729, -1.0861174583034143]",1.0861174583034143,4.7500039647151,False,"[-4.106865361130109, -6.822735476769548, 1.0281526583224885, -2.425751146799444, -0.4071927480669698, -5.041782550867804]","[-0.38501405473749756, -3.1008841703769363, 4.7500039647151, 1.2961001595931674, 3.314658558325642, -1.3199312444751918]",1.4439344217079202,5811000000
block-20260911T030757473520Z,/srv/bulk/samteway/lab-data/tracking-jitter-20260911-resume-v1/captures/block-20260911T030757473520Z-r1-A-1000us-control-20260911T031004.334697Z/run.json,A,1000,1,True,True,12.549972001155012,,-1.0477963054279271,"[0.1647826067081001, -0.1687007133879184, 0.5055016535519152, -0.21993160493778002, -0.12390648522157191, -0.27564148897076196]",0.5055016535519152,3.061167065245168,True,"[-1.8347207939476247, 1.348287388251848, -1.0552329672095493, -0.8857445843395809, 0.7852436639007334, 2.013370759817241]","[-0.7869244885196977, 2.396083693679775, -0.0074366617816222025, 0.16205172108834606, 1.8330399693286603, 3.061167065245168]",1.2340979378695554,5811000000
block-20260911T030757473520Z,/srv/bulk/samteway/lab-data/tracking-jitter-20260911-resume-v1/captures/block-20260911T030757473520Z-r1-B-100us-20260911T031019.311620Z/run.json,B,100,1,False,False,,,26.949504621984822,"[-15.853632410135807, -14.751727143176394, 13.947817586029757, -6.8376065949822165, -6.365484763663229, 3.036442934799019]",15.853632410135807,99.21055164306564,False,"[46.96338333911544, -72.26104702108081, 0.19017296726888144, 2.3244018405894176, -18.69510702180323, 9.952259727555935]","[20.013878717130616, -99.21055164306564, -26.759331654715943, -24.6251027813954, -45.64461164378805, -16.99724489442889]",33.483781794131254,5811000000
block-20260911T030757473520Z,/srv/bulk/samteway/lab-data/tracking-jitter-20260911-resume-v1/captures/block-20260911T030757473520Z-r1-B-50us-20260911T031035.732358Z/run.json,B,50,1,False,False,50.19852473962924,,-4.6232379311083625,"[-1.2047456376441619, -2.0964372538661817, -1.023843878093588, -1.6590749059466363, -1.4795798137190288, -1.7241129378331541]",2.0964372538661817,3.192496218601142,False,"[-5.212603623707629, -1.5517931594712457, -1.43074171250722, -3.522488452007967, -6.962299452006283, -3.809583979556003]","[-0.5893656925992661, 3.071444771637116, 3.192496218601142, 1.1007494791003956, -2.339061520897921, 0.8136539515523598]",1.2443547850220988,5811000000
block-20260911T030757473520Z,/srv/bulk/samteway/lab-data/tracking-jitter-20260911-resume-v1/captures/block-20260911T030757473520Z-r1-B-1000us-20260911T031054.451532Z/run.json,B,1000,1,False,True,12.55120592740249,,-0.43730531583196103,"[0.21425668175812612, -0.44317491426011946, -0.40319033183267383, -0.10633206965135059, 0.002236626883618791, -0.21969274139460865]",0.44317491426011946,6.417552855929093,True,"[-2.1003856398725316, 5.980247540097131, 0.2144804942704788, 1.9933459239763298, -1.3531356074569916, 2.7315825144791357]","[-1.663080324040571, 6.417552855929093, 0.6517858101024399, 2.430651239808291, -0.9158302916250307, 3.168887830311097]",2.4580522996735423,5811000000
block-20260911T030757473520Z,/srv/bulk/samteway/lab-data/tracking-jitter-20260911-resume-v1/captures/block-20260911T030757473520Z-r1-A-200us-control-20260911T031110.379619Z/run.json,A,200,1,True,False,,,-5.805458557496285,"[-16.064455039625894, 8.164846177441444, 4.330649712124158, -10.018607114335445, 3.5173719530753367, -0.830948267643456]",16.064455039625894,77.84417719103386,False,"[9.354292579122731, -81.6632530013831, 72.0387186335376, -49.99292299473056, 44.93653820400201, -31.563464287393053]","[15.159751136619018, -75.8577944438868, 77.84417719103386, -44.18746443723428, 50.74199676149831, -25.758005729896766]",34.00020321431416,5811000000
block-20260911T030757473520Z,/srv/bulk/samteway/lab-data/tracking-jitter-20260911-resume-v1/captures/block-20260911T030757473520Z-r1-B-200us-20260911T031119.123425Z/run.json,B,200,1,False,True,10.457241606369436,,-1.7695218678143045,"[0.04492544365591007, -0.5629778822970968, 0.6104288372203792, -0.19547331742023877, -0.1774628711582955, -0.2994071925114514]",0.6104288372203792,6.331016131840611,True,"[-3.5007687118163062, 4.561494264026306, 2.9506265453927543, -0.20321201414071263, -0.8839806989190305, 2.0917312304248266]","[-1.7312468440020015, 6.331016131840611, 4.720148413207059, 1.566309853673592, 0.8855411688952742, 3.861253098239132]",2.4664786024493925,5811000000
block-20260911T030757473520Z,/srv/bulk/samteway/lab-data/tracking-jitter-20260911-resume-v1/captures/block-20260911T030757473520Z-r1-B-25us-20260911T031134.854438Z/run.json,B,25,1,False,False,200.33963386425933,,-8.022170146465728,"[-2.771053288454959, -3.7881589073764443, -1.767613702394773, -3.338426345745576, -1.882000447042282, -3.4174945413223528]",3.7881589073764443,3.6610751846162333,False,"[-8.433872499109784, -6.278998766387358, -4.361094961849493, -8.476116246270047, -4.870171143327221, -8.238486068334586]","[-0.41170235264405897, 1.7431713800783684, 3.6610751846162333, -0.4539460998043206, 3.1519990031385063, -0.21631592186886078]",1.0630566035774,5811000000
block-20260911T030757473520Z,/srv/bulk/samteway/lab-data/tracking-jitter-20260911-resume-v1/captures/block-20260911T030757473520Z-r2-B-50us-20260911T031150.020758Z/run.json,B,50,2,False,False,,,-8.77210990001095,"[-13.454728310317423, 3.3940296589602834, 1.5062540513331708, -9.961151857551231, -0.04749481706590692, -3.631022618433244]",13.454728310317423,65.71444551706831,False,"[1.8847412164665143, -74.48655541707926, 52.93223448925532, -36.36308125510716, 34.36653227015304, -29.36040985773622]","[10.656851116477464, -65.71444551706831, 61.70434438926626, -27.590971355096215, 43.13864217016399, -20.588299957725265]",26.014659206838417,5811000000
block-20260911T030757473520Z,/srv/bulk/samteway/lab-data/tracking-jitter-20260911-resume-v1/captures/block-20260911T030757473520Z-r2-B-1000us-20260911T031205.514497Z/run.json,B,1000,2,False,True,12.547781647264095,,-0.5764120966282315,"[0.06653847191484327, -0.5895778289884669, 0.6889783744320264, -0.08328760892260909, -0.06431129519184549, -0.10539711003680133]",0.6889783744320264,7.572271641313215,True,"[-2.5000506283125645, 6.995859544684983, 3.6198695682636153, 1.3411742687492385, 0.13847935382297683, 3.1564494234038363]","[-1.9236385316843327, 7.572271641313215, 4.196281664891846, 1.9175863653774703, 0.7148914504512083, 3.7328615200320683]",2.768327956548527,5811000000
block-20260911T030757473520Z,/srv/bulk/samteway/lab-data/tracking-jitter-20260911-resume-v1/captures/block-20260911T030757473520Z-r2-B-25us-20260911T031220.578912Z/run.json,B,25,2,False,False,,,-14.109619754644775,"[-9.131077799149198, 2.0581349716899937, -1.2330238847632309, -8.562921635546171, -0.6180421082957952, -3.5852209949567424]",9.131077799149198,58.3938668259879,False,"[-6.622878725599524, -71.73490541312177, 44.284247071343124, -31.947418320798498, 24.97113004081069, -32.02153258320967]","[7.486741029045252, -57.62528565847699, 58.3938668259879, -17.837798566153722, 39.08074979545547, -17.91191282856489]",21.514841194539944,5811000000
block-20260911T030757473520Z,/srv/bulk/samteway/lab-data/tracking-jitter-20260911-resume-v1/captures/block-20260911T030757473520Z-r2-B-100us-20260911T031236.638569Z/run.json,B,100,2,False,False,,,27.049826785315773,"[-16.341289978358667, -12.152568265850727, 13.669105231747135, -7.288899210755209, -5.217110053473981, 2.9309672712512085]",16.341289978358667,95.11142982891985,False,"[46.15370911090174, -68.06160304360408, -1.5534638739173265, 2.570136717945661, -4.602005592037983, 8.381934129572821]","[19.103882325585964, -95.11142982891985, -28.6032906592331, -24.47969006737011, -31.651832377353756, -18.667892655742953]",31.455610741176784,5811000000
block-20260911T030757473520Z,/srv/bulk/samteway/lab-data/tracking-jitter-20260911-resume-v1/captures/block-20260911T030757473520Z-r2-B-200us-20260911T031251.824595Z/run.json,B,200,2,False,False,,,6.896447696717078,"[-21.432150991200544, 8.886708058231253, 4.735046200856844, -10.337568843156212, 4.597186892618705, -1.2349690566043938]",21.432150991200544,85.55221597614495,False,"[28.664612775334167, -78.65576827942787, 82.22258416034995, -59.99681867749241, 48.5275039140079, -36.223345391892984]","[21.76816507861709, -85.55221597614495, 75.32613646363288, -66.89326637420949, 41.63105621729082, -43.11979308861006]",43.620890136787,5811000000
block-20260911T030757473520Z,/srv/bulk/samteway/lab-data/tracking-jitter-20260911-resume-v1/captures/block-20260911T030757473520Z-r2-A-200us-control-20260911T031301.478798Z/run.json,A,200,2,True,False,,,-0.9579843817492193,"[-20.05927873682447, 9.045866691582148, 5.04660077922761, -10.120105411910632, 4.3103397859888695, -1.0416940251435445]",20.05927873682447,81.65474441625864,False,"[18.039663781728684, -82.61272879800785, 77.41993247029504, -59.30263299425716, 46.50265141116319, -33.05745234190856]","[18.9976481634779, -81.65474441625864, 78.37791685204425, -58.344648612507946, 47.46063579291241, -32.099467960159345]",39.68767780290468,5811000000
block-20260911T030757473520Z,/srv/bulk/samteway/lab-data/tracking-jitter-20260911-resume-v1/captures/block-20260911T030757473520Z-r2-A-1000us-control-20260911T031315.984771Z/run.json,A,1000,2,True,False,12.547958440907756,,-2.0761816635464396,"[-0.16428651039400707, -0.19273703990919094, 1.0582496682161584, -0.1805785915901992, 0.044170092879417595, -0.06306657316174213]",1.0582496682161584,9.069048965941015,False,"[-3.506534788907721, -0.866614791931193, 6.9928673023945755, -1.488741014048003, 1.807561297659122, 2.989315583461855]","[-1.4303531253612818, 1.2095668716152466, 9.069048965941015, 0.5874406494984363, 3.8837429612055616, 5.065497247008295]",2.2690419860785513,5811000000
block-20260911T030757473520Z,/srv/bulk/samteway/lab-data/tracking-jitter-20260911-resume-v1/captures/block-20260911T030757473520Z-r3-A-200us-control-20260911T031330.420743Z/run.json,A,200,3,True,False,,,6.674005322319542,"[-20.198125768890804, 8.668329840750843, 5.260378780237539, -10.418641102855304, 3.67729563335341, -0.9112278371898226]",20.198125768890804,89.41952250100644,False,"[27.995894338484476, -82.7455171786869, 66.66612872946037, -56.846318095492336, 46.42455357827507, -32.913225348899886]","[21.32188901616494, -89.41952250100644, 59.99212340714082, -63.52032341781189, 39.75054825595553, -39.58723067121942]",42.30703480631132,5811000000
block-20260911T030757473520Z,/srv/bulk/samteway/lab-data/tracking-jitter-20260911-resume-v1/captures/block-20260911T030757473520Z-r3-B-200us-20260911T031339.511415Z/run.json,B,200,3,False,False,400.45128110931495,,12.980777291517269,"[-23.187031408951864, 9.271373244896575, 4.9357512367064995, -10.396925081287574, 4.827217386165965, -0.8788706255976876]",23.187031408951864,92.02461648345745,False,"[36.94347787810412, -79.04383919194018, 83.00086707948492, -65.31965790902201, 49.259391373769596, -37.09981583103655]","[23.962700586586852, -92.02461648345745, 70.02008978796765, -78.30043520053928, 36.278614082252325, -50.08059312255383]",48.53833579162859,5811000000
block-20260911T030757473520Z,/srv/bulk/samteway/lab-data/tracking-jitter-20260911-resume-v1/captures/block-20260911T030757473520Z-r3-B-1000us-20260911T031354.987073Z/run.json,B,1000,3,False,False,12.549185487430968,,-1.0915823134823577,"[-0.23074038883995548, -0.9785949314704601, 0.891837419279362, -0.314520779743303, -0.09425491756658626, -0.2809461445808674]",0.9785949314704601,10.427270039905824,False,"[-3.1016922226071064, 5.755696002798659, 9.335687726423465, 0.5764731040860227, 1.1884461362262042, 1.9675844643418292]","[-2.0101099091247487, 6.847278316281016, 10.427270039905824, 1.6680554175683804, 2.280028449708562, 3.0591667778241867]",2.902276567260877,5811000000
block-20260911T030757473520Z,/srv/bulk/samteway/lab-data/tracking-jitter-20260911-resume-v1/captures/block-20260911T030757473520Z-r3-B-50us-20260911T031410.152053Z/run.json,B,50,3,False,False,200.17729659897688,,-5.304506110859189,"[-2.0048518198250767, -2.4269555529551488, -0.19050099557039724, -2.4218704869645418, -0.7144294197203016, -1.3401621835852815]",2.4269555529551488,14.287154765990287,False,"[-5.609794367428814, -13.924372470490606, 8.982648655131097, -5.376416057688105, 1.7156368276997047, -3.7465338980397833]","[-0.3052882565696241, -8.619866359631416, 14.287154765990287, -0.07190994682891501, 7.0201429385588945, 1.5579722128194065]",3.2897526489274376,5811000000
block-20260911T030757473520Z,/srv/bulk/samteway/lab-data/tracking-jitter-20260911-resume-v1/captures/block-20260911T030757473520Z-r3-A-1000us-control-20260911T031425.281402Z/run.json,A,1000,3,True,False,12.550026504259217,,-2.260197750778851,"[-0.04878901311957032, -0.2643974073443567, 1.4160962308378613, -0.03898216786096493, -0.14931756516132386, 0.11108449932881827]",1.4160962308378613,10.498544043737596,False,"[-3.403944315927887, -0.8879023146856702, 8.238346292958743, -2.404809630230459, 0.4779558986038394, 2.8499641319139983]","[-1.1437465651490364, 1.3722954360931803, 10.498544043737596, -0.14461187945160883, 2.73815364938269, 5.110161882692848]",2.158414762949104,5811000000
block-20260911T030757473520Z,/srv/bulk/samteway/lab-data/tracking-jitter-20260911-resume-v1/captures/block-20260911T030757473520Z-r3-B-25us-20260911T031439.481149Z/run.json,B,25,3,False,False,,,-11.384900060661579,"[-4.423714122203506, -1.8487110325479226, -1.7746856185575592, -4.725771098567412, -1.477291031245581, -2.944781018446487]",4.725771098567412,34.870761214139655,False,"[-9.101776502269361, -46.255661274801234, 17.39278263692797, -13.558072154716612, 4.995440531496608, -16.78560861782529]","[2.283123558392219, -34.870761214139655, 28.777682697589547, -2.1731720940550328, 16.380340592158188, -5.40070855716371]",10.463583475856437,5811000000
block-20260911T030757473520Z,/srv/bulk/samteway/lab-data/tracking-jitter-20260911-resume-v1/captures/block-20260911T030757473520Z-r3-B-100us-20260911T031454.986233Z/run.json,B,100,3,False,False,20.613121546454327,,-3.9727935067005227,"[-1.1864643604796334, -1.57193665152179, 0.4262373819743509, -1.4106676345076472, -1.0160487934463165, -1.0154659842547848]",1.57193665152179,11.052339263853487,False,"[-5.235376820115251, -4.954864868841504, 7.079545757152964, -2.8134609497709375, 1.6036861103777356, -2.2273140695200833]","[-1.262583313414727, -0.982071362140981, 11.052339263853487, 1.1593325569295856, 5.576479617078258, 1.7454794371804396]",2.2764329873426448,5811000000
block-20260911T031816349144Z,/srv/bulk/samteway/lab-data/tracking-jitter-20260911-resume-v1/captures/block-20260911T031816349144Z-r1-A-1000us-control-20260911T032020.993161Z/run.json,A,1000,1,True,True,12.551476584356346,,-0.741168147273964,"[0.05553007837941852, -0.25484588753810167, -0.3251134763375728, -0.23272270989102523, -0.08362120343650845, -0.006655934978264317]",0.3251134763375728,1.696360422903504,True,"[-1.3448410792263836, 0.16718348091217658, -0.7177773211632491, 0.1042930172405813, -0.2807408868265181, 0.9551922756295398]","[-0.6036729319524197, 0.9083516281861405, 0.023390826110714934, 0.8454611645145453, 0.46042726044744586, 1.696360422903504]",0.7796525877835447,5811000000
block-20260911T031816349144Z,/srv/bulk/samteway/lab-data/tracking-jitter-20260911-resume-v1/captures/block-20260911T031816349144Z-r1-D-100us-20260911T032035.259703Z/run.json,D,100,1,False,True,20.619445246710228,,-2.666742986452595,"[0.14799347033800464, -0.3115658652547033, 0.18194572833926917, -0.11042776995362129, 0.16496538441922742, 0.05725407953956763]",0.3115658652547033,2.928666412973598,True,"[-3.363976254943985, -1.471809851161198, 0.26192342652100303, -1.5126179852393342, -1.807392500838705, -2.708333366219625]","[-0.6972332684913901, 1.194933135291397, 2.928666412973598, 1.154125001213261, 0.85935048561389, -0.04159037976702992]",0.9385378073004436,5811000000
block-20260911T031816349144Z,/srv/bulk/samteway/lab-data/tracking-jitter-20260911-resume-v1/captures/block-20260911T031816349144Z-r1-D-50us-20260911T032051.280707Z/run.json,D,50,1,False,False,,,9.43293371079746,"[-15.506203371101934, -11.37094866915888, -10.965431981244613, -1.3239056690461797, -0.07459620661206316, -5.835001528944257]",15.506203371101934,81.08386117071893,False,"[40.03194350258274, -52.91124018509709, 6.897856788810298, -71.65092745992149, 0.1460138212358616, -31.846065866752685]","[30.599009791785278, -62.34417389589456, -2.5350769219871614, -81.08386117071893, -9.286919889561597, -41.278999577550145]",47.09077716180236,5811000000
block-20260911T031816349144Z,/srv/bulk/samteway/lab-data/tracking-jitter-20260911-resume-v1/captures/block-20260911T031816349144Z-r1-D-1000us-20260911T032106.542437Z/run.json,D,1000,1,False,True,12.55206871765174,,-0.9886391611944646,"[0.049610203249047996, -0.29076722099497904, -0.0763984858471363, -0.022180508379183526, -0.07837430628059378, -0.2020277433842632]",0.29076722099497904,1.6190052950318095,True,"[-1.8179014109909601, -0.22596904684078042, 0.4492327345222221, 0.35851098284945226, -0.23451902143083977, 0.6303661338373449]","[-0.8292622497964955, 0.7626701143536839, 1.4378718957166867, 1.3471501440439169, 0.7541201397636248, 1.6190052950318095]",1.0269361879915349,5811000000
block-20260911T031816349144Z,/srv/bulk/samteway/lab-data/tracking-jitter-20260911-resume-v1/captures/block-20260911T031816349144Z-r1-A-200us-control-20260911T032121.981310Z/run.json,A,200,1,True,False,400.4322944097606,,10.014505284829871,"[-23.451726340205354, 9.545719329028136, 3.773753783480938, -9.945822750963453, 4.973483768368322, -0.6897250064130325]",23.451726340205354,97.95801987555511,False,"[34.10638270632276, -87.94351459072524, 76.05936150240179, -60.99786906228075, 46.76115517517984, -39.47417861477393]","[24.091877421492892, -97.95801987555511, 66.04485621757192, -71.01237434711062, 36.746649890349964, -49.4886838996038]",47.684783830926555,5811000000
block-20260911T031816349144Z,/srv/bulk/samteway/lab-data/tracking-jitter-20260911-resume-v1/captures/block-20260911T031816349144Z-r1-D-200us-20260911T032130.958306Z/run.json,D,200,1,False,False,,,10.086561555175471,"[-23.166266571347762, 9.791613794902098, 3.9174937183946583, -9.612901842041259, 5.166622277741803, -0.7543983640307375]",23.166266571347762,97.55471206487738,False,"[34.277861218978764, -87.46815050970191, 77.22048425016564, -62.10536713808258, 47.25837949849822, -39.54285301712462]","[24.191299663803292, -97.55471206487738, 67.13392269499018, -72.19192869325805, 37.17181794332276, -49.629414572300085]",48.07622479714796,5811000000
block-20260911T031816349144Z,/srv/bulk/samteway/lab-data/tracking-jitter-20260911-resume-v1/captures/block-20260911T031816349144Z-r1-D-25us-20260911T032146.751898Z/run.json,D,25,1,False,False,,,5.478584938343014,"[-21.73891480198511, -16.97605481354998, 1.6175368815469642, -11.374255411615696, -4.09911232382424, -0.6616293509362767]",21.73891480198511,66.43991449709641,False,"[33.59056381086448, -60.96132955875341, -5.7317139325871045, -47.24600472818715, -14.550184550574054, -35.8416442131266]","[28.111978872521465, -66.43991449709641, -11.210298870930117, -52.72458966653017, -20.028769488917067, -41.32022915146961]",37.830476673491596,5811000000
block-20260911T031816349144Z,/srv/bulk/samteway/lab-data/tracking-jitter-20260911-resume-v1/captures/block-20260911T031816349144Z-r2-D-50us-20260911T032202.770002Z/run.json,D,50,2,False,False,,,4.7147164819138645,"[-26.285248000339287, -11.169464905173715, 11.50896312706466, -8.621854689901756, -6.08767513005472, 1.8304038275184997]",26.285248000339287,83.67527682834225,False,"[13.940246798001715, -78.96056034642838, -9.963703860331291, 1.5437358192370831, -10.520006035332981, 2.45616349507398]","[9.22553031608785, -83.67527682834225, -14.678420342245154, -3.170980662676782, -15.234722517246848, -2.2585529868398844]",22.451068341549817,5811000000
block-20260911T031816349144Z,/srv/bulk/samteway/lab-data/tracking-jitter-20260911-resume-v1/captures/block-20260911T031816349144Z-r2-D-1000us-20260911T032218.122131Z/run.json,D,1000,2,False,True,12.551535216914305,,-1.0167599186723848,"[-0.05175366054889634, -0.08579436979712546, -0.11859264170962674, -0.2303747818067738, -0.11653745901871351, -0.30587917373085144]",0.30587917373085144,3.9264982398683315,True,"[-1.7797313306051454, -0.008482485522032655, 2.909738321195946, -0.42612432691096486, 0.5138888317653095, 0.5190344145564033]","[-0.7629714119327606, 1.0082774331503521, 3.9264982398683315, 0.5906355917614199, 1.5306487504376942, 1.535794333228788]",1.0569477440524375,5811000000
block-20260911T031816349144Z,/srv/bulk/samteway/lab-data/tracking-jitter-20260911-resume-v1/captures/block-20260911T031816349144Z-r2-D-25us-20260911T032233.814651Z/run.json,D,25,2,False,False,,,-7.035793924383498,"[-4.090010335361142, -3.7696778852139348, 1.0075149299475887, -3.9239827538325605, -2.668508138937693, -2.35218745846061]",4.090010335361142,23.005807458146897,False,"[-4.0967096557421225, -30.0416013825304, -5.968176717995898, -9.451359241952396, -2.0905776076272375, -9.966567769389288]","[2.9390842686413765, -23.005807458146897, 1.0676172063876, -2.4155653175688983, 4.94521631675626, -2.93077384500579]",6.40260984684087,5811000000
block-20260911T031816349144Z,/srv/bulk/samteway/lab-data/tracking-jitter-20260911-resume-v1/captures/block-20260911T031816349144Z-r2-D-100us-20260911T032249.366925Z/run.json,D,100,2,False,False,400.7103414232663,,32.69173896672706,"[-16.407603812045274, -7.718812501590888, 12.59347977587376, -6.926937314345305, -4.089540275904934, 3.1011038862562197]",16.407603812045274,115.81980605743178,False,"[54.14906370478171, -83.12806709070472, -8.832912050831126, 8.15048231684319, -4.708328532439055, 4.358670528431505]","[21.45732473805465, -115.81980605743178, -41.52465101755819, -24.541256649883874, -37.40006749916612, -28.333068438295562]",37.329974625319075,5811000000
block-20260911T031816349144Z,/srv/bulk/samteway/lab-data/tracking-jitter-20260911-resume-v1/captures/block-20260911T031816349144Z-r2-D-200us-20260911T032305.353958Z/run.json,D,200,2,False,False,,,4.892056053526383,"[-21.16421122061513, 9.934715838751647, 4.197769256337811, -9.654273535472417, 5.458321275315181, -0.4934168463578426]",21.16421122061513,96.29748683719825,False,"[28.199296145042993, -91.40543078367186, 68.87098877903202, -62.023352064316995, 42.731501938916956, -41.801665337932654]","[23.307240091516608, -96.29748683719825, 63.97893272550563, -66.91540811784337, 37.83944588539057, -46.69372139145903]",45.83322144522005,5811000000
block-20260911T031816349144Z,/srv/bulk/samteway/lab-data/tracking-jitter-20260911-resume-v1/captures/block-20260911T031816349144Z-r2-A-200us-control-20260911T032315.664520Z/run.json,A,200,2,True,False,,,4.882623560408859,"[-17.86375331378713, 8.302197373751868, 2.516461587023619, -9.501174797228574, 3.965853026071398, -1.245649310822129]",17.86375331378713,92.31977338937472,False,"[24.862049023279724, -87.43714982896586, 62.68282814879542, -47.79426904888895, 44.72696612244077, -32.89081133482142]","[19.979425462870864, -92.31977338937472, 57.800204588386556, -52.67689260929781, 39.84434256203191, -37.77343489523028]",39.66706099534923,5811000000
block-20260911T031816349144Z,/srv/bulk/samteway/lab-data/tracking-jitter-20260911-resume-v1/captures/block-20260911T031816349144Z-r2-A-1000us-control-20260911T032330.309574Z/run.json,A,1000,2,True,True,12.550397393593089,,-0.8730556360130233,"[-0.021407837719714988, -0.21958473529618, 0.04642807715987045, -0.047093010954119635, -0.08528871833203826, -0.026521861041368278]",0.21958473529618,2.4881872051282072,True,"[-1.7878122583892169, -0.05155954844436392, 1.6072551128254542, 0.11140110845653248, 1.6151315691151837, 0.7143430512539368]","[-0.9147566223761936, 0.8214960875686593, 2.480310748838478, 0.9844567444695557, 2.4881872051282072, 1.58739868726696]",1.176672694641423,5811000000
block-20260911T031816349144Z,/srv/bulk/samteway/lab-data/tracking-jitter-20260911-resume-v1/captures/block-20260911T031816349144Z-r3-A-200us-control-20260911T032344.887969Z/run.json,A,200,3,True,False,,,9.37621151393966,"[-23.603297160824418, 9.554381281456536, 3.6097162314999793, -9.368821405462878, 5.137411188420824, -0.8695958679796632]",23.603297160824418,96.83709822158511,False,"[32.44485039526621, -87.46088670764544, 75.95010242845721, -55.447182189855454, 46.3680717277672, -37.99457572213892]","[23.068638881326553, -96.83709822158511, 66.57389091451755, -64.8233937037951, 36.99186021382754, -47.370787236078584]",45.323350279442316,5811000000
block-20260911T031816349144Z,/srv/bulk/samteway/lab-data/tracking-jitter-20260911-resume-v1/captures/block-20260911T031816349144Z-r3-D-200us-20260911T032353.880095Z/run.json,D,200,3,False,False,,,2.7550736748446933,"[-21.158965992017777, 9.541617675870004, 3.8635472334269694, -9.005193861557062, 5.110426324158616, -0.9188502510270096]",21.158965992017777,90.39266360798605,False,"[23.83439888565852, -87.63758993314136, 77.31734699928907, -56.489743076222275, 45.84816756255786, -38.51055822629305]","[21.079325210813828, -90.39266360798605, 74.56227332444438, -59.24481675106697, 43.09309388771317, -41.265631901137745]",42.524567677517034,5811000000
block-20260911T031816349144Z,/srv/bulk/samteway/lab-data/tracking-jitter-20260911-resume-v1/captures/block-20260911T031816349144Z-r3-D-1000us-20260911T032409.212470Z/run.json,D,1000,3,False,True,12.550427496337608,,-1.1563863582655052,"[-0.1298854486393218, -0.1650777728283394, 0.4520861915489868, -0.018857336537264405, -0.07545215417275827, -0.055338880432324454]",0.4520861915489868,8.35266910371845,True,"[-2.2157748443565066, -0.2848915864494618, 7.196282745452944, -0.4536281581954163, 1.5450837460831328, 0.31936050900344837]","[-1.0593884860910012, 0.8714947718160434, 8.35266910371845, 0.7027582000700889, 2.701470104348638, 1.4757468672689538]",1.7224745707963593,5811000000
block-20260911T031816349144Z,/srv/bulk/samteway/lab-data/tracking-jitter-20260911-resume-v1/captures/block-20260911T031816349144Z-r3-D-50us-20260911T032424.095676Z/run.json,D,50,3,False,False,50.20479946782287,,-3.563646754645486,"[-1.2106189914790886, -1.7473415951622724, 0.12419402221780325, -1.2274547254529566, -1.2625976719124035, -1.2836083127656015]",1.7473415951622724,3.8689095987003053,False,"[-4.1727539526672555, -0.7230805729021132, 0.3052628440548189, -4.03373252266069, -1.7575392921644128, -2.1629736367051926]","[-0.6091071980217694, 2.840566181743373, 3.8689095987003053, -0.4700857680152043, 1.8061074624810733, 1.4006731179402938]",1.190695425777883,5811000000
block-20260911T031816349144Z,/srv/bulk/samteway/lab-data/tracking-jitter-20260911-resume-v1/captures/block-20260911T031816349144Z-r3-A-1000us-control-20260911T032439.468686Z/run.json,A,1000,3,True,True,12.552079261978601,,-0.8202617233042152,"[0.09156512411052545, -0.19090939334882595, 0.5107365776225368, -0.006963270307436473, 0.09837094211993036, 0.13024612333579255]",0.5107365776225368,5.550006335000634,True,"[-2.1208868247309116, 1.1256801857490164, 4.72974461169642, 0.5432240133389316, 0.22204976010180277, 2.2563109806205848]","[-1.3006251014266965, 1.9459419090532317, 5.550006335000634, 1.3634857366431468, 1.042311483406018, 3.0765727039248]",1.7295310210089763,5811000000
block-20260911T031816349144Z,/srv/bulk/samteway/lab-data/tracking-jitter-20260911-resume-v1/captures/block-20260911T031816349144Z-r3-D-25us-20260911T032454.125436Z/run.json,D,25,3,False,False,,,-7.437585249194268,"[-6.216702312385278, -5.355282075446516, -3.5875560713918846, -6.036767472424094, -3.383702781057191, -5.121166623983623]",6.216702312385278,25.38480999554396,False,"[-5.874586921576819, -32.82239524473823, 10.393875876612746, -8.003709862885527, 1.179976039958069, -10.307995240129374]","[1.5629983276174497, -25.38480999554396, 17.831461125807017, -0.566124613691258, 8.617561289152338, -2.8704099909351055]",7.306030615242461,5811000000
block-20260911T031816349144Z,/srv/bulk/samteway/lab-data/tracking-jitter-20260911-resume-v1/captures/block-20260911T031816349144Z-r3-D-100us-20260911T032511.841264Z/run.json,D,100,3,False,True,20.619322082832415,,-3.134710879374834,"[-0.4477063762625049, -0.6083866026928095, 0.448591396788054, -0.3886287499102494, -0.4803406608110635, -0.3164541333434259]",0.6083866026928095,9.057000271062225,True,"[-4.327166747354875, -2.285442429313685, 5.922289391687391, -1.8811847393655248, -1.260870163080806, -1.629349705172375]","[-1.1924558679800417, 0.8492684500611494, 9.057000271062225, 1.2535261400093094, 1.8738407162940283, 1.5053611742024589]",1.8524396867128239,5811000000
