block,date,method,frequency_mhz,configuration,dwell_us,round,control,passed,phase_rms_deg,max_gain_error_db,observable_ports,source,source_run,epoch
block-20260908T225855806955Z,2026-09-08,rolling_50ms,2475.0,A,1000.0,1.0,False,True,0.7943470206901445,0.27861227846558845,ANT1 ANT2 ANT4 ANT8 ANT7,docs/completed_switching_analysis/data/rolling.csv,/srv/bulk/samteway/lab-data/tracking-comprehensive-20260908-v1/captures/block-20260908T225855806955Z-r1-A-1000us-20260908T230022.539257Z/run.json,before
block-20260908T225855806955Z,2026-09-08,rolling_50ms,2475.0,A,50.0,1.0,False,True,1.2853401164631237,0.7414901266853202,ANT1 ANT2 ANT4 ANT8 ANT7,docs/completed_switching_analysis/data/rolling.csv,/srv/bulk/samteway/lab-data/tracking-comprehensive-20260908-v1/captures/block-20260908T225855806955Z-r1-A-50us-20260908T230038.248996Z/run.json,before
block-20260908T225855806955Z,2026-09-08,rolling_50ms,2475.0,A,25.0,1.0,False,False,13.354831160019522,4.263395795044656,ANT1 ANT2 ANT4 ANT8 ANT7,docs/completed_switching_analysis/data/rolling.csv,/srv/bulk/samteway/lab-data/tracking-comprehensive-20260908-v1/captures/block-20260908T225855806955Z-r1-A-25us-20260908T230053.355939Z/run.json,before
block-20260908T225855806955Z,2026-09-08,rolling_50ms,2475.0,A,200.0,1.0,True,True,1.04645078904815,0.19891137315727753,ANT1 ANT2 ANT4 ANT8 ANT7,docs/completed_switching_analysis/data/rolling.csv,/srv/bulk/samteway/lab-data/tracking-comprehensive-20260908-v1/captures/block-20260908T225855806955Z-r1-A-200us-control-20260908T230108.416593Z/run.json,before
block-20260908T225855806955Z,2026-09-08,rolling_50ms,2475.0,A,200.0,1.0,False,True,0.8205848883075755,0.32146097674637375,ANT1 ANT2 ANT4 ANT8 ANT7,docs/completed_switching_analysis/data/rolling.csv,/srv/bulk/samteway/lab-data/tracking-comprehensive-20260908-v1/captures/block-20260908T225855806955Z-r1-A-200us-20260908T230117.728222Z/run.json,before
block-20260908T225855806955Z,2026-09-08,rolling_50ms,2475.0,A,100.0,1.0,False,True,0.9661583990596774,0.36230482650238366,ANT1 ANT2 ANT4 ANT8 ANT7,docs/completed_switching_analysis/data/rolling.csv,/srv/bulk/samteway/lab-data/tracking-comprehensive-20260908-v1/captures/block-20260908T225855806955Z-r1-A-100us-20260908T230132.690307Z/run.json,before
block-20260908T225855806955Z,2026-09-08,rolling_50ms,2475.0,A,25.0,2.0,False,False,44.287532531497476,5.002910673423601,ANT1 ANT2 ANT4 ANT8 ANT7,docs/completed_switching_analysis/data/rolling.csv,/srv/bulk/samteway/lab-data/tracking-comprehensive-20260908-v1/captures/block-20260908T225855806955Z-r2-A-25us-20260908T230147.767604Z/run.json,before
block-20260908T225855806955Z,2026-09-08,rolling_50ms,2475.0,A,50.0,2.0,False,True,1.363942227301606,0.9377535091716929,ANT1 ANT2 ANT4 ANT8 ANT7,docs/completed_switching_analysis/data/rolling.csv,/srv/bulk/samteway/lab-data/tracking-comprehensive-20260908-v1/captures/block-20260908T225855806955Z-r2-A-50us-20260908T230202.643731Z/run.json,before
block-20260908T225855806955Z,2026-09-08,rolling_50ms,2475.0,A,200.0,2.0,True,True,0.8328467768404492,0.24250360534112583,ANT1 ANT2 ANT4 ANT8 ANT7,docs/completed_switching_analysis/data/rolling.csv,/srv/bulk/samteway/lab-data/tracking-comprehensive-20260908-v1/captures/block-20260908T225855806955Z-r2-A-200us-control-20260908T230217.565293Z/run.json,before
block-20260908T225855806955Z,2026-09-08,rolling_50ms,2475.0,A,100.0,2.0,False,True,0.9470240089738516,0.5740114917996573,ANT1 ANT2 ANT4 ANT8 ANT7,docs/completed_switching_analysis/data/rolling.csv,/srv/bulk/samteway/lab-data/tracking-comprehensive-20260908-v1/captures/block-20260908T225855806955Z-r2-A-100us-20260908T230232.453860Z/run.json,before
block-20260908T225855806955Z,2026-09-08,rolling_50ms,2475.0,A,1000.0,2.0,False,True,0.7603402017884877,0.2806188801162742,ANT1 ANT2 ANT4 ANT8 ANT7,docs/completed_switching_analysis/data/rolling.csv,/srv/bulk/samteway/lab-data/tracking-comprehensive-20260908-v1/captures/block-20260908T225855806955Z-r2-A-1000us-20260908T230247.590759Z/run.json,before
block-20260908T225855806955Z,2026-09-08,rolling_50ms,2475.0,A,200.0,2.0,False,True,0.8449407144559133,0.27189942389441957,ANT1 ANT2 ANT4 ANT8 ANT7,docs/completed_switching_analysis/data/rolling.csv,/srv/bulk/samteway/lab-data/tracking-comprehensive-20260908-v1/captures/block-20260908T225855806955Z-r2-A-200us-20260908T230302.629462Z/run.json,before
block-20260908T225855806955Z,2026-09-08,rolling_50ms,2475.0,A,1000.0,3.0,False,True,0.7786251265949012,0.17378855058789663,ANT1 ANT2 ANT4 ANT8 ANT7,docs/completed_switching_analysis/data/rolling.csv,/srv/bulk/samteway/lab-data/tracking-comprehensive-20260908-v1/captures/block-20260908T225855806955Z-r3-A-1000us-20260908T230317.695365Z/run.json,before
block-20260908T225855806955Z,2026-09-08,rolling_50ms,2475.0,A,100.0,3.0,False,True,1.1592523448879442,0.9019918416911316,ANT1 ANT2 ANT4 ANT8 ANT7,docs/completed_switching_analysis/data/rolling.csv,/srv/bulk/samteway/lab-data/tracking-comprehensive-20260908-v1/captures/block-20260908T225855806955Z-r3-A-100us-20260908T230332.502536Z/run.json,before
block-20260908T225855806955Z,2026-09-08,rolling_50ms,2475.0,A,25.0,3.0,False,False,19.974161691355366,4.182075867614595,ANT1 ANT2 ANT4 ANT8 ANT7,docs/completed_switching_analysis/data/rolling.csv,/srv/bulk/samteway/lab-data/tracking-comprehensive-20260908-v1/captures/block-20260908T225855806955Z-r3-A-25us-20260908T230347.531702Z/run.json,before
block-20260908T225855806955Z,2026-09-08,rolling_50ms,2475.0,A,200.0,3.0,True,True,0.833463254045849,0.3371435891019823,ANT1 ANT2 ANT4 ANT8 ANT7,docs/completed_switching_analysis/data/rolling.csv,/srv/bulk/samteway/lab-data/tracking-comprehensive-20260908-v1/captures/block-20260908T225855806955Z-r3-A-200us-control-20260908T230402.264143Z/run.json,before
block-20260908T225855806955Z,2026-09-08,rolling_50ms,2475.0,A,50.0,3.0,False,False,1.5481008341691893,1.9173720023304544,ANT1 ANT2 ANT4 ANT8 ANT7,docs/completed_switching_analysis/data/rolling.csv,/srv/bulk/samteway/lab-data/tracking-comprehensive-20260908-v1/captures/block-20260908T225855806955Z-r3-A-50us-20260908T230417.250050Z/run.json,before
block-20260908T225855806955Z,2026-09-08,rolling_50ms,2475.0,A,200.0,3.0,False,True,0.8477080549390451,0.44107902865160353,ANT1 ANT2 ANT4 ANT8 ANT7,docs/completed_switching_analysis/data/rolling.csv,/srv/bulk/samteway/lab-data/tracking-comprehensive-20260908-v1/captures/block-20260908T225855806955Z-r3-A-200us-20260908T230432.222533Z/run.json,before
block-20260908T231415311061Z,2026-09-08,rolling_50ms,2475.0,B,1000.0,1.0,False,True,0.7683486997103544,0.43965150039665823,ANT1 ANT2 ANT4 ANT8 ANT7,docs/completed_switching_analysis/data/rolling.csv,/srv/bulk/samteway/lab-data/tracking-comprehensive-20260908-v1/captures/block-20260908T231415311061Z-r1-B-1000us-20260908T231739.360036Z/run.json,before
block-20260908T231415311061Z,2026-09-08,rolling_50ms,2475.0,B,50.0,1.0,False,False,1.5117407690185571,1.9011737473518937,ANT1 ANT2 ANT4 ANT8 ANT7,docs/completed_switching_analysis/data/rolling.csv,/srv/bulk/samteway/lab-data/tracking-comprehensive-20260908-v1/captures/block-20260908T231415311061Z-r1-B-50us-20260908T231754.505239Z/run.json,before
block-20260908T231415311061Z,2026-09-08,rolling_50ms,2475.0,B,25.0,1.0,False,False,18.65521374740763,3.9756797694137074,ANT1 ANT2 ANT4 ANT8 ANT7,docs/completed_switching_analysis/data/rolling.csv,/srv/bulk/samteway/lab-data/tracking-comprehensive-20260908-v1/captures/block-20260908T231415311061Z-r1-B-25us-20260908T231809.732937Z/run.json,before
block-20260908T231415311061Z,2026-09-08,rolling_50ms,2475.0,A,200.0,1.0,True,True,0.9066327416150113,0.4619421932781334,ANT1 ANT2 ANT4 ANT8 ANT7,docs/completed_switching_analysis/data/rolling.csv,/srv/bulk/samteway/lab-data/tracking-comprehensive-20260908-v1/captures/block-20260908T231415311061Z-r1-A-200us-control-20260908T231825.017835Z/run.json,before
block-20260908T231415311061Z,2026-09-08,rolling_50ms,2475.0,B,200.0,1.0,False,True,0.921778625816592,0.9030919083457043,ANT1 ANT2 ANT4 ANT8 ANT7,docs/completed_switching_analysis/data/rolling.csv,/srv/bulk/samteway/lab-data/tracking-comprehensive-20260908-v1/captures/block-20260908T231415311061Z-r1-B-200us-20260908T231834.037225Z/run.json,before
block-20260908T231415311061Z,2026-09-08,rolling_50ms,2475.0,B,100.0,1.0,False,False,1.1780474237201268,1.2601506518826766,ANT1 ANT2 ANT4 ANT8 ANT7,docs/completed_switching_analysis/data/rolling.csv,/srv/bulk/samteway/lab-data/tracking-comprehensive-20260908-v1/captures/block-20260908T231415311061Z-r1-B-100us-20260908T231849.497651Z/run.json,before
block-20260908T231415311061Z,2026-09-08,rolling_50ms,2475.0,A,1000.0,1.0,True,True,0.7719475165914068,0.6099532784372315,ANT1 ANT2 ANT4 ANT8 ANT7,docs/completed_switching_analysis/data/rolling.csv,/srv/bulk/samteway/lab-data/tracking-comprehensive-20260908-v1/captures/block-20260908T231415311061Z-r1-A-1000us-control-20260908T231904.534048Z/run.json,before
block-20260908T231415311061Z,2026-09-08,rolling_50ms,2475.0,B,25.0,2.0,False,False,30.68274563042272,7.69171740631373,ANT1 ANT2 ANT4 ANT8 ANT7,docs/completed_switching_analysis/data/rolling.csv,/srv/bulk/samteway/lab-data/tracking-comprehensive-20260908-v1/captures/block-20260908T231415311061Z-r2-B-25us-20260908T231918.879225Z/run.json,before
block-20260908T231415311061Z,2026-09-08,rolling_50ms,2475.0,B,50.0,2.0,False,False,1.4586673222715403,1.8764569570865728,ANT1 ANT2 ANT4 ANT8 ANT7,docs/completed_switching_analysis/data/rolling.csv,/srv/bulk/samteway/lab-data/tracking-comprehensive-20260908-v1/captures/block-20260908T231415311061Z-r2-B-50us-20260908T231934.498902Z/run.json,before
block-20260908T231415311061Z,2026-09-08,rolling_50ms,2475.0,A,1000.0,2.0,True,True,0.8159169275013853,0.17728349490194206,ANT1 ANT2 ANT4 ANT8 ANT7,docs/completed_switching_analysis/data/rolling.csv,/srv/bulk/samteway/lab-data/tracking-comprehensive-20260908-v1/captures/block-20260908T231415311061Z-r2-A-1000us-control-20260908T231949.829474Z/run.json,before
block-20260908T231415311061Z,2026-09-08,rolling_50ms,2475.0,B,100.0,2.0,False,True,0.9293247889961166,0.7449179256837818,ANT1 ANT2 ANT4 ANT8 ANT7,docs/completed_switching_analysis/data/rolling.csv,/srv/bulk/samteway/lab-data/tracking-comprehensive-20260908-v1/captures/block-20260908T231415311061Z-r2-B-100us-20260908T232004.207669Z/run.json,before
block-20260908T231415311061Z,2026-09-08,rolling_50ms,2475.0,B,1000.0,2.0,False,True,0.823036241686199,0.4192018018507288,ANT1 ANT2 ANT4 ANT8 ANT7,docs/completed_switching_analysis/data/rolling.csv,/srv/bulk/samteway/lab-data/tracking-comprehensive-20260908-v1/captures/block-20260908T231415311061Z-r2-B-1000us-20260908T232019.846817Z/run.json,before
block-20260908T231415311061Z,2026-09-08,rolling_50ms,2475.0,A,200.0,2.0,True,True,0.7644905535442473,0.24833250995533102,ANT1 ANT2 ANT4 ANT8 ANT7,docs/completed_switching_analysis/data/rolling.csv,/srv/bulk/samteway/lab-data/tracking-comprehensive-20260908-v1/captures/block-20260908T231415311061Z-r2-A-200us-control-20260908T232035.506787Z/run.json,before
block-20260908T231415311061Z,2026-09-08,rolling_50ms,2475.0,B,200.0,2.0,False,True,0.9020579537866299,0.898735248272745,ANT1 ANT2 ANT4 ANT8 ANT7,docs/completed_switching_analysis/data/rolling.csv,/srv/bulk/samteway/lab-data/tracking-comprehensive-20260908-v1/captures/block-20260908T231415311061Z-r2-B-200us-20260908T232044.771720Z/run.json,before
block-20260908T231415311061Z,2026-09-08,rolling_50ms,2475.0,B,100.0,3.0,False,True,0.9421107832225822,0.9304933876931443,ANT1 ANT2 ANT4 ANT8 ANT7,docs/completed_switching_analysis/data/rolling.csv,/srv/bulk/samteway/lab-data/tracking-comprehensive-20260908-v1/captures/block-20260908T231415311061Z-r3-B-100us-20260908T232101.237930Z/run.json,before
block-20260908T231415311061Z,2026-09-08,rolling_50ms,2475.0,A,200.0,3.0,True,True,1.0642496447241578,0.567361746552783,ANT1 ANT2 ANT4 ANT8 ANT7,docs/completed_switching_analysis/data/rolling.csv,/srv/bulk/samteway/lab-data/tracking-comprehensive-20260908-v1/captures/block-20260908T231415311061Z-r3-A-200us-control-20260908T232117.348532Z/run.json,before
block-20260908T231415311061Z,2026-09-08,rolling_50ms,2475.0,B,1000.0,3.0,False,True,0.9631815263791108,0.27597066961842354,ANT1 ANT2 ANT4 ANT8 ANT7,docs/completed_switching_analysis/data/rolling.csv,/srv/bulk/samteway/lab-data/tracking-comprehensive-20260908-v1/captures/block-20260908T231415311061Z-r3-B-1000us-20260908T232132.267255Z/run.json,before
block-20260908T231415311061Z,2026-09-08,rolling_50ms,2475.0,B,25.0,3.0,False,False,9.507404326136049,2.6021301591671797,ANT1 ANT2 ANT4 ANT8 ANT7,docs/completed_switching_analysis/data/rolling.csv,/srv/bulk/samteway/lab-data/tracking-comprehensive-20260908-v1/captures/block-20260908T231415311061Z-r3-B-25us-20260908T232148.344616Z/run.json,before
block-20260908T231415311061Z,2026-09-08,rolling_50ms,2475.0,A,1000.0,3.0,True,True,0.7735290595290255,0.46305382949686835,ANT1 ANT2 ANT4 ANT8 ANT7,docs/completed_switching_analysis/data/rolling.csv,/srv/bulk/samteway/lab-data/tracking-comprehensive-20260908-v1/captures/block-20260908T231415311061Z-r3-A-1000us-control-20260908T232204.034070Z/run.json,before
block-20260908T231415311061Z,2026-09-08,rolling_50ms,2475.0,B,50.0,3.0,False,False,2.7266472027040547,1.7174884154671237,ANT1 ANT2 ANT4 ANT8 ANT7,docs/completed_switching_analysis/data/rolling.csv,/srv/bulk/samteway/lab-data/tracking-comprehensive-20260908-v1/captures/block-20260908T231415311061Z-r3-B-50us-20260908T232218.467113Z/run.json,before
block-20260908T231415311061Z,2026-09-08,rolling_50ms,2475.0,B,200.0,3.0,False,True,0.8778866639604047,0.8955878226042436,ANT1 ANT2 ANT4 ANT8 ANT7,docs/completed_switching_analysis/data/rolling.csv,/srv/bulk/samteway/lab-data/tracking-comprehensive-20260908-v1/captures/block-20260908T231415311061Z-r3-B-200us-20260908T232235.375962Z/run.json,before
block-20260909T170658793466Z,2026-09-09,rolling_50ms,915.0,A,200.0,1.0,False,True,0.15220242902012518,0.4929630761855832,ANT1 ANT2 ANT4 ANT8 ANT7 ANT5,docs/subghz_915_diagnostic/data/summary.json,,before
block-20260909T170658793466Z,2026-09-09,rolling_50ms,915.0,A,200.0,1.0,True,True,0.4078588472134023,0.6340975158016764,ANT1 ANT2 ANT4 ANT8 ANT7 ANT5,docs/subghz_915_diagnostic/data/summary.json,,before
block-20260909T170658793466Z,2026-09-09,rolling_50ms,915.0,A,1000.0,1.0,False,True,0.13221596600944516,0.48890986555797317,ANT1 ANT2 ANT4 ANT8 ANT7 ANT5,docs/subghz_915_diagnostic/data/summary.json,,before
block-20260909T170658793466Z,2026-09-09,rolling_50ms,915.0,A,200.0,2.0,True,True,0.1556929643072288,0.33311489057589105,ANT1 ANT2 ANT4 ANT8 ANT7 ANT5,docs/subghz_915_diagnostic/data/summary.json,,before
block-20260909T170658793466Z,2026-09-09,rolling_50ms,915.0,A,200.0,2.0,False,True,0.13825548589536668,0.40574100516414235,ANT1 ANT2 ANT4 ANT8 ANT7 ANT5,docs/subghz_915_diagnostic/data/summary.json,,before
block-20260909T170658793466Z,2026-09-09,rolling_50ms,915.0,A,1000.0,2.0,False,True,0.4278608486037057,0.21232377669617966,ANT1 ANT2 ANT4 ANT8 ANT7 ANT5,docs/subghz_915_diagnostic/data/summary.json,,before
block-20260909T170658793466Z,2026-09-09,rolling_50ms,915.0,A,200.0,3.0,True,True,0.11575126479171133,0.6553474998389092,ANT1 ANT2 ANT4 ANT8 ANT7 ANT5,docs/subghz_915_diagnostic/data/summary.json,,before
block-20260909T170658793466Z,2026-09-09,rolling_50ms,915.0,A,200.0,3.0,False,True,0.23636045083246773,0.4847521942584605,ANT1 ANT2 ANT4 ANT8 ANT7 ANT5,docs/subghz_915_diagnostic/data/summary.json,,before
block-20260909T170658793466Z,2026-09-09,rolling_50ms,915.0,A,1000.0,3.0,False,True,0.4523061044053648,0.43707274767321536,ANT1 ANT2 ANT4 ANT8 ANT7 ANT5,docs/subghz_915_diagnostic/data/summary.json,,before
block-20260908T164249289170Z,2026-09-08,fixed_any_budget,5800.0,A,200.0,1.0,False,True,,0.6409983903750694,ANT2 ANT4 ANT8 ANT7 ANT5,docs/completed_switching_analysis/data/fixed.csv,/srv/bulk/samteway/lab-data/tracking-comprehensive-20260908-v1/captures/block-20260908T164249289170Z-r1-200us-20260908T164419.671459Z/run.json,before
block-20260908T164249289170Z,2026-09-08,fixed_any_budget,5800.0,A,200.0,1.0,True,False,,,ANT2 ANT4 ANT8 ANT7 ANT5,docs/completed_switching_analysis/data/fixed.csv,/srv/bulk/samteway/lab-data/tracking-comprehensive-20260908-v1/captures/block-20260908T164249289170Z-r1-200us-control-20260908T164428.709688Z/run.json,before
block-20260908T164249289170Z,2026-09-08,fixed_any_budget,5800.0,A,1000.0,1.0,False,True,,0.32423361378343113,ANT2 ANT4 ANT8 ANT7 ANT5,docs/completed_switching_analysis/data/fixed.csv,/srv/bulk/samteway/lab-data/tracking-comprehensive-20260908-v1/captures/block-20260908T164249289170Z-r1-1000us-20260908T164443.275303Z/run.json,before
block-20260908T164249289170Z,2026-09-08,fixed_any_budget,5800.0,A,1000.0,2.0,False,True,,0.21237841789868378,ANT2 ANT4 ANT8 ANT7 ANT5,docs/completed_switching_analysis/data/fixed.csv,/srv/bulk/samteway/lab-data/tracking-comprehensive-20260908-v1/captures/block-20260908T164249289170Z-r2-1000us-20260908T164452.460598Z/run.json,before
block-20260908T164249289170Z,2026-09-08,fixed_any_budget,5800.0,A,200.0,2.0,True,True,,0.2757026715711775,ANT2 ANT4 ANT8 ANT7 ANT5,docs/completed_switching_analysis/data/fixed.csv,/srv/bulk/samteway/lab-data/tracking-comprehensive-20260908-v1/captures/block-20260908T164249289170Z-r2-200us-control-20260908T164507.629421Z/run.json,before
block-20260908T164249289170Z,2026-09-08,fixed_any_budget,5800.0,A,200.0,2.0,False,True,,0.3140702360882788,ANT2 ANT4 ANT8 ANT7 ANT5,docs/completed_switching_analysis/data/fixed.csv,/srv/bulk/samteway/lab-data/tracking-comprehensive-20260908-v1/captures/block-20260908T164249289170Z-r2-200us-20260908T164516.579171Z/run.json,before
block-20260908T164249289170Z,2026-09-08,fixed_any_budget,5800.0,A,200.0,3.0,False,True,,0.4182193361405596,ANT2 ANT4 ANT8 ANT7 ANT5,docs/completed_switching_analysis/data/fixed.csv,/srv/bulk/samteway/lab-data/tracking-comprehensive-20260908-v1/captures/block-20260908T164249289170Z-r3-200us-20260908T164525.695849Z/run.json,before
block-20260908T164249289170Z,2026-09-08,fixed_any_budget,5800.0,A,1000.0,3.0,False,True,,0.3927989981949891,ANT2 ANT4 ANT8 ANT7 ANT5,docs/completed_switching_analysis/data/fixed.csv,/srv/bulk/samteway/lab-data/tracking-comprehensive-20260908-v1/captures/block-20260908T164249289170Z-r3-1000us-20260908T164540.641590Z/run.json,before
block-20260908T164249289170Z,2026-09-08,fixed_any_budget,5800.0,A,200.0,3.0,True,False,,12.583383315988858,ANT2 ANT4 ANT8 ANT7 ANT5,docs/completed_switching_analysis/data/fixed.csv,/srv/bulk/samteway/lab-data/tracking-comprehensive-20260908-v1/captures/block-20260908T164249289170Z-r3-200us-control-20260908T164555.467050Z/run.json,before
block-20260908T222235133339Z,2026-09-08,fixed_any_budget,5811.0,A,200.0,1.0,True,True,,0.6843864594106143,ANT1 ANT2 ANT4 ANT8 ANT7 ANT5,docs/completed_switching_analysis/data/fixed.csv,/srv/bulk/samteway/lab-data/tracking-comprehensive-20260908-v1/captures/block-20260908T222235133339Z-r1-200us-control-20260908T222359.927361Z/run.json,before
block-20260908T222235133339Z,2026-09-08,fixed_any_budget,5811.0,A,100.0,1.0,False,False,,2.077547084667968,ANT1 ANT2 ANT4 ANT8 ANT7 ANT5,docs/completed_switching_analysis/data/fixed.csv,/srv/bulk/samteway/lab-data/tracking-comprehensive-20260908-v1/captures/block-20260908T222235133339Z-r1-100us-20260908T222415.183804Z/run.json,before
block-20260908T222235133339Z,2026-09-08,fixed_any_budget,5811.0,A,50.0,1.0,False,False,,5.2286094277052655,ANT1 ANT2 ANT4 ANT8 ANT7 ANT5,docs/completed_switching_analysis/data/fixed.csv,/srv/bulk/samteway/lab-data/tracking-comprehensive-20260908-v1/captures/block-20260908T222235133339Z-r1-50us-20260908T222430.717395Z/run.json,before
block-20260908T222235133339Z,2026-09-08,fixed_any_budget,5811.0,A,1000.0,1.0,False,True,,0.47031208771731225,ANT1 ANT2 ANT4 ANT8 ANT7 ANT5,docs/completed_switching_analysis/data/fixed.csv,/srv/bulk/samteway/lab-data/tracking-comprehensive-20260908-v1/captures/block-20260908T222235133339Z-r1-1000us-20260908T222445.466742Z/run.json,before
block-20260908T222235133339Z,2026-09-08,fixed_any_budget,5811.0,A,200.0,1.0,False,False,,11.78100587042227,ANT1 ANT2 ANT4 ANT8 ANT7 ANT5,docs/completed_switching_analysis/data/fixed.csv,/srv/bulk/samteway/lab-data/tracking-comprehensive-20260908-v1/captures/block-20260908T222235133339Z-r1-200us-20260908T222501.075648Z/run.json,before
block-20260908T222235133339Z,2026-09-08,fixed_any_budget,5811.0,A,25.0,1.0,False,False,,,ANT1 ANT2 ANT4 ANT8 ANT7 ANT5,docs/completed_switching_analysis/data/fixed.csv,/srv/bulk/samteway/lab-data/tracking-comprehensive-20260908-v1/captures/block-20260908T222235133339Z-r1-25us-20260908T222516.265695Z/run.json,before
block-20260908T222235133339Z,2026-09-08,fixed_any_budget,5811.0,A,50.0,2.0,False,False,,1.638116558381514,ANT1 ANT2 ANT4 ANT8 ANT7 ANT5,docs/completed_switching_analysis/data/fixed.csv,/srv/bulk/samteway/lab-data/tracking-comprehensive-20260908-v1/captures/block-20260908T222235133339Z-r2-50us-20260908T222531.402805Z/run.json,before
block-20260908T222235133339Z,2026-09-08,fixed_any_budget,5811.0,A,1000.0,2.0,False,True,,0.7732625880917612,ANT1 ANT2 ANT4 ANT8 ANT7 ANT5,docs/completed_switching_analysis/data/fixed.csv,/srv/bulk/samteway/lab-data/tracking-comprehensive-20260908-v1/captures/block-20260908T222235133339Z-r2-1000us-20260908T222546.698760Z/run.json,before
block-20260908T222235133339Z,2026-09-08,fixed_any_budget,5811.0,A,25.0,2.0,False,False,,,ANT1 ANT2 ANT4 ANT8 ANT7 ANT5,docs/completed_switching_analysis/data/fixed.csv,/srv/bulk/samteway/lab-data/tracking-comprehensive-20260908-v1/captures/block-20260908T222235133339Z-r2-25us-20260908T222601.891685Z/run.json,before
block-20260908T222235133339Z,2026-09-08,fixed_any_budget,5811.0,A,200.0,2.0,True,True,,0.6764103056860338,ANT1 ANT2 ANT4 ANT8 ANT7 ANT5,docs/completed_switching_analysis/data/fixed.csv,/srv/bulk/samteway/lab-data/tracking-comprehensive-20260908-v1/captures/block-20260908T222235133339Z-r2-200us-control-20260908T222617.293187Z/run.json,before
block-20260908T222235133339Z,2026-09-08,fixed_any_budget,5811.0,A,200.0,2.0,False,False,,1.4171483687340645,ANT1 ANT2 ANT4 ANT8 ANT7 ANT5,docs/completed_switching_analysis/data/fixed.csv,/srv/bulk/samteway/lab-data/tracking-comprehensive-20260908-v1/captures/block-20260908T222235133339Z-r2-200us-20260908T222626.631316Z/run.json,before
block-20260908T222235133339Z,2026-09-08,fixed_any_budget,5811.0,A,100.0,2.0,False,False,,2.4624310621293533,ANT1 ANT2 ANT4 ANT8 ANT7 ANT5,docs/completed_switching_analysis/data/fixed.csv,/srv/bulk/samteway/lab-data/tracking-comprehensive-20260908-v1/captures/block-20260908T222235133339Z-r2-100us-20260908T222641.322420Z/run.json,before
block-20260908T222235133339Z,2026-09-08,fixed_any_budget,5811.0,A,200.0,3.0,False,True,,0.7647465310217711,ANT1 ANT2 ANT4 ANT8 ANT7 ANT5,docs/completed_switching_analysis/data/fixed.csv,/srv/bulk/samteway/lab-data/tracking-comprehensive-20260908-v1/captures/block-20260908T222235133339Z-r3-200us-20260908T222656.033948Z/run.json,before
block-20260908T222235133339Z,2026-09-08,fixed_any_budget,5811.0,A,50.0,3.0,False,False,,7.354555845978239,ANT1 ANT2 ANT4 ANT8 ANT7 ANT5,docs/completed_switching_analysis/data/fixed.csv,/srv/bulk/samteway/lab-data/tracking-comprehensive-20260908-v1/captures/block-20260908T222235133339Z-r3-50us-20260908T222710.858363Z/run.json,before
block-20260908T222235133339Z,2026-09-08,fixed_any_budget,5811.0,A,1000.0,3.0,False,True,,0.17546277719431325,ANT1 ANT2 ANT4 ANT8 ANT7 ANT5,docs/completed_switching_analysis/data/fixed.csv,/srv/bulk/samteway/lab-data/tracking-comprehensive-20260908-v1/captures/block-20260908T222235133339Z-r3-1000us-20260908T222725.732602Z/run.json,before
block-20260908T222235133339Z,2026-09-08,fixed_any_budget,5811.0,A,200.0,3.0,True,False,,1.3176581215609344,ANT1 ANT2 ANT4 ANT8 ANT7 ANT5,docs/completed_switching_analysis/data/fixed.csv,/srv/bulk/samteway/lab-data/tracking-comprehensive-20260908-v1/captures/block-20260908T222235133339Z-r3-200us-control-20260908T222740.934092Z/run.json,before
block-20260908T222235133339Z,2026-09-08,fixed_any_budget,5811.0,A,25.0,3.0,False,False,,,ANT1 ANT2 ANT4 ANT8 ANT7 ANT5,docs/completed_switching_analysis/data/fixed.csv,/srv/bulk/samteway/lab-data/tracking-comprehensive-20260908-v1/captures/block-20260908T222235133339Z-r3-25us-20260908T222755.811703Z/run.json,before
block-20260908T222235133339Z,2026-09-08,fixed_any_budget,5811.0,A,100.0,3.0,False,False,,1.1563930374899751,ANT1 ANT2 ANT4 ANT8 ANT7 ANT5,docs/completed_switching_analysis/data/fixed.csv,/srv/bulk/samteway/lab-data/tracking-comprehensive-20260908-v1/captures/block-20260908T222235133339Z-r3-100us-20260908T222810.962634Z/run.json,before
block-20260908T223136472639Z,2026-09-08,fixed_any_budget,5811.0,A,1000.0,1.0,True,True,,0.6925529159597106,ANT1 ANT2 ANT4 ANT8 ANT7 ANT5,docs/completed_switching_analysis/data/fixed.csv,/srv/bulk/samteway/lab-data/tracking-comprehensive-20260908-v1/captures/block-20260908T223136472639Z-r1-A-1000us-control-20260908T223540.792355Z/run.json,before
block-20260908T223136472639Z,2026-09-08,fixed_any_budget,5811.0,B,100.0,1.0,False,False,,0.8816885181213672,ANT1 ANT2 ANT4 ANT8 ANT7 ANT5,docs/completed_switching_analysis/data/fixed.csv,/srv/bulk/samteway/lab-data/tracking-comprehensive-20260908-v1/captures/block-20260908T223136472639Z-r1-B-100us-20260908T223555.226309Z/run.json,before
block-20260908T223136472639Z,2026-09-08,fixed_any_budget,5811.0,B,50.0,1.0,False,False,,1.078502867553427,ANT1 ANT2 ANT4 ANT8 ANT7 ANT5,docs/completed_switching_analysis/data/fixed.csv,/srv/bulk/samteway/lab-data/tracking-comprehensive-20260908-v1/captures/block-20260908T223136472639Z-r1-B-50us-20260908T223610.856607Z/run.json,before
block-20260908T223136472639Z,2026-09-08,fixed_any_budget,5811.0,B,1000.0,1.0,False,True,,0.3410518345522072,ANT1 ANT2 ANT4 ANT8 ANT7 ANT5,docs/completed_switching_analysis/data/fixed.csv,/srv/bulk/samteway/lab-data/tracking-comprehensive-20260908-v1/captures/block-20260908T223136472639Z-r1-B-1000us-20260908T223625.825747Z/run.json,before
block-20260908T223136472639Z,2026-09-08,fixed_any_budget,5811.0,A,200.0,1.0,True,True,,0.5925624121319855,ANT1 ANT2 ANT4 ANT8 ANT7 ANT5,docs/completed_switching_analysis/data/fixed.csv,/srv/bulk/samteway/lab-data/tracking-comprehensive-20260908-v1/captures/block-20260908T223136472639Z-r1-A-200us-control-20260908T223640.979502Z/run.json,before
block-20260908T223136472639Z,2026-09-08,fixed_any_budget,5811.0,B,200.0,1.0,False,True,,0.7652938861470516,ANT1 ANT2 ANT4 ANT8 ANT7 ANT5,docs/completed_switching_analysis/data/fixed.csv,/srv/bulk/samteway/lab-data/tracking-comprehensive-20260908-v1/captures/block-20260908T223136472639Z-r1-B-200us-20260908T223650.064212Z/run.json,before
block-20260908T223136472639Z,2026-09-08,fixed_any_budget,5811.0,B,25.0,1.0,False,False,,,ANT1 ANT2 ANT4 ANT8 ANT7 ANT5,docs/completed_switching_analysis/data/fixed.csv,/srv/bulk/samteway/lab-data/tracking-comprehensive-20260908-v1/captures/block-20260908T223136472639Z-r1-B-25us-20260908T223705.908313Z/run.json,before
block-20260908T223136472639Z,2026-09-08,fixed_any_budget,5811.0,B,50.0,2.0,False,True,,0.9686280384184338,ANT1 ANT2 ANT4 ANT8 ANT7 ANT5,docs/completed_switching_analysis/data/fixed.csv,/srv/bulk/samteway/lab-data/tracking-comprehensive-20260908-v1/captures/block-20260908T223136472639Z-r2-B-50us-20260908T223721.383872Z/run.json,before
block-20260908T223136472639Z,2026-09-08,fixed_any_budget,5811.0,B,1000.0,2.0,False,False,,1.5443331156854632,ANT1 ANT2 ANT4 ANT8 ANT7 ANT5,docs/completed_switching_analysis/data/fixed.csv,/srv/bulk/samteway/lab-data/tracking-comprehensive-20260908-v1/captures/block-20260908T223136472639Z-r2-B-1000us-20260908T223736.720163Z/run.json,before
block-20260908T223136472639Z,2026-09-08,fixed_any_budget,5811.0,B,25.0,2.0,False,False,,,ANT1 ANT2 ANT4 ANT8 ANT7 ANT5,docs/completed_switching_analysis/data/fixed.csv,/srv/bulk/samteway/lab-data/tracking-comprehensive-20260908-v1/captures/block-20260908T223136472639Z-r2-B-25us-20260908T223752.613062Z/run.json,before
block-20260908T223136472639Z,2026-09-08,fixed_any_budget,5811.0,B,100.0,2.0,False,True,,0.850771000916489,ANT1 ANT2 ANT4 ANT8 ANT7 ANT5,docs/completed_switching_analysis/data/fixed.csv,/srv/bulk/samteway/lab-data/tracking-comprehensive-20260908-v1/captures/block-20260908T223136472639Z-r2-B-100us-20260908T223807.899648Z/run.json,before
block-20260908T223136472639Z,2026-09-08,fixed_any_budget,5811.0,B,200.0,2.0,False,False,,14.646762574992081,ANT1 ANT2 ANT4 ANT8 ANT7 ANT5,docs/completed_switching_analysis/data/fixed.csv,/srv/bulk/samteway/lab-data/tracking-comprehensive-20260908-v1/captures/block-20260908T223136472639Z-r2-B-200us-20260908T223823.280789Z/run.json,before
block-20260908T223136472639Z,2026-09-08,fixed_any_budget,5811.0,A,200.0,2.0,True,False,,0.8675728067059351,ANT1 ANT2 ANT4 ANT8 ANT7 ANT5,docs/completed_switching_analysis/data/fixed.csv,/srv/bulk/samteway/lab-data/tracking-comprehensive-20260908-v1/captures/block-20260908T223136472639Z-r2-A-200us-control-20260908T223833.018806Z/run.json,before
block-20260908T223136472639Z,2026-09-08,fixed_any_budget,5811.0,A,1000.0,2.0,True,True,,0.7264916674221473,ANT1 ANT2 ANT4 ANT8 ANT7 ANT5,docs/completed_switching_analysis/data/fixed.csv,/srv/bulk/samteway/lab-data/tracking-comprehensive-20260908-v1/captures/block-20260908T223136472639Z-r2-A-1000us-control-20260908T223847.532210Z/run.json,before
block-20260908T223136472639Z,2026-09-08,fixed_any_budget,5811.0,A,200.0,3.0,True,False,,15.299473358872644,ANT1 ANT2 ANT4 ANT8 ANT7 ANT5,docs/completed_switching_analysis/data/fixed.csv,/srv/bulk/samteway/lab-data/tracking-comprehensive-20260908-v1/captures/block-20260908T223136472639Z-r3-A-200us-control-20260908T223902.112295Z/run.json,before
block-20260908T223136472639Z,2026-09-08,fixed_any_budget,5811.0,B,200.0,3.0,False,True,,0.719207005626683,ANT1 ANT2 ANT4 ANT8 ANT7 ANT5,docs/completed_switching_analysis/data/fixed.csv,/srv/bulk/samteway/lab-data/tracking-comprehensive-20260908-v1/captures/block-20260908T223136472639Z-r3-B-200us-20260908T223911.469265Z/run.json,before
block-20260908T223136472639Z,2026-09-08,fixed_any_budget,5811.0,B,1000.0,3.0,False,True,,0.769662754086401,ANT1 ANT2 ANT4 ANT8 ANT7 ANT5,docs/completed_switching_analysis/data/fixed.csv,/srv/bulk/samteway/lab-data/tracking-comprehensive-20260908-v1/captures/block-20260908T223136472639Z-r3-B-1000us-20260908T223927.975119Z/run.json,before
block-20260908T223136472639Z,2026-09-08,fixed_any_budget,5811.0,B,50.0,3.0,False,False,,1.0032263275470108,ANT1 ANT2 ANT4 ANT8 ANT7 ANT5,docs/completed_switching_analysis/data/fixed.csv,/srv/bulk/samteway/lab-data/tracking-comprehensive-20260908-v1/captures/block-20260908T223136472639Z-r3-B-50us-20260908T223943.977924Z/run.json,before
block-20260908T223136472639Z,2026-09-08,fixed_any_budget,5811.0,A,1000.0,3.0,True,True,,0.6024309896249992,ANT1 ANT2 ANT4 ANT8 ANT7 ANT5,docs/completed_switching_analysis/data/fixed.csv,/srv/bulk/samteway/lab-data/tracking-comprehensive-20260908-v1/captures/block-20260908T223136472639Z-r3-A-1000us-control-20260908T223959.808791Z/run.json,before
block-20260908T223136472639Z,2026-09-08,fixed_any_budget,5811.0,B,25.0,3.0,False,False,,,ANT1 ANT2 ANT4 ANT8 ANT7 ANT5,docs/completed_switching_analysis/data/fixed.csv,/srv/bulk/samteway/lab-data/tracking-comprehensive-20260908-v1/captures/block-20260908T223136472639Z-r3-B-25us-20260908T224014.310355Z/run.json,before
block-20260908T223136472639Z,2026-09-08,fixed_any_budget,5811.0,B,100.0,3.0,False,True,,0.9595014810511481,ANT1 ANT2 ANT4 ANT8 ANT7 ANT5,docs/completed_switching_analysis/data/fixed.csv,/srv/bulk/samteway/lab-data/tracking-comprehensive-20260908-v1/captures/block-20260908T223136472639Z-r3-B-100us-20260908T224030.479066Z/run.json,before
block-20260908T224532349585Z,2026-09-08,fixed_any_budget,5811.0,A,1000.0,1.0,True,True,,0.7286775629728044,ANT1 ANT2 ANT4 ANT8 ANT7 ANT5,docs/completed_switching_analysis/data/fixed.csv,/srv/bulk/samteway/lab-data/tracking-comprehensive-20260908-v1/captures/block-20260908T224532349585Z-r1-A-1000us-control-20260908T224855.607205Z/run.json,before
block-20260908T224532349585Z,2026-09-08,fixed_any_budget,5811.0,D,100.0,1.0,False,False,,1.8678239924346198,ANT1 ANT2 ANT4 ANT8 ANT7 ANT5,docs/completed_switching_analysis/data/fixed.csv,/srv/bulk/samteway/lab-data/tracking-comprehensive-20260908-v1/captures/block-20260908T224532349585Z-r1-D-100us-20260908T224909.947675Z/run.json,before
block-20260908T224532349585Z,2026-09-08,fixed_any_budget,5811.0,D,50.0,1.0,False,False,,2.2330272092526497,ANT1 ANT2 ANT4 ANT8 ANT7 ANT5,docs/completed_switching_analysis/data/fixed.csv,/srv/bulk/samteway/lab-data/tracking-comprehensive-20260908-v1/captures/block-20260908T224532349585Z-r1-D-50us-20260908T224925.445268Z/run.json,before
block-20260908T224532349585Z,2026-09-08,fixed_any_budget,5811.0,D,1000.0,1.0,False,False,,1.5270012915813178,ANT1 ANT2 ANT4 ANT8 ANT7 ANT5,docs/completed_switching_analysis/data/fixed.csv,/srv/bulk/samteway/lab-data/tracking-comprehensive-20260908-v1/captures/block-20260908T224532349585Z-r1-D-1000us-20260908T224940.944358Z/run.json,before
block-20260908T224532349585Z,2026-09-08,fixed_any_budget,5811.0,A,200.0,1.0,True,False,,1.4112030498678543,ANT1 ANT2 ANT4 ANT8 ANT7 ANT5,docs/completed_switching_analysis/data/fixed.csv,/srv/bulk/samteway/lab-data/tracking-comprehensive-20260908-v1/captures/block-20260908T224532349585Z-r1-A-200us-control-20260908T224956.127272Z/run.json,before
block-20260908T224532349585Z,2026-09-08,fixed_any_budget,5811.0,D,200.0,1.0,False,False,,1.0169632749569264,ANT1 ANT2 ANT4 ANT8 ANT7 ANT5,docs/completed_switching_analysis/data/fixed.csv,/srv/bulk/samteway/lab-data/tracking-comprehensive-20260908-v1/captures/block-20260908T224532349585Z-r1-D-200us-20260908T225005.047960Z/run.json,before
block-20260908T224532349585Z,2026-09-08,fixed_any_budget,5811.0,D,25.0,1.0,False,False,,,ANT1 ANT2 ANT4 ANT8 ANT7 ANT5,docs/completed_switching_analysis/data/fixed.csv,/srv/bulk/samteway/lab-data/tracking-comprehensive-20260908-v1/captures/block-20260908T224532349585Z-r1-D-25us-20260908T225020.292978Z/run.json,before
block-20260908T224532349585Z,2026-09-08,fixed_any_budget,5811.0,D,50.0,2.0,False,False,,2.4360531692354632,ANT1 ANT2 ANT4 ANT8 ANT7 ANT5,docs/completed_switching_analysis/data/fixed.csv,/srv/bulk/samteway/lab-data/tracking-comprehensive-20260908-v1/captures/block-20260908T224532349585Z-r2-D-50us-20260908T225035.606970Z/run.json,before
block-20260908T224532349585Z,2026-09-08,fixed_any_budget,5811.0,D,1000.0,2.0,False,True,,0.9992234618487756,ANT1 ANT2 ANT4 ANT8 ANT7 ANT5,docs/completed_switching_analysis/data/fixed.csv,/srv/bulk/samteway/lab-data/tracking-comprehensive-20260908-v1/captures/block-20260908T224532349585Z-r2-D-1000us-20260908T225050.950850Z/run.json,before
block-20260908T224532349585Z,2026-09-08,fixed_any_budget,5811.0,D,25.0,2.0,False,False,,,ANT1 ANT2 ANT4 ANT8 ANT7 ANT5,docs/completed_switching_analysis/data/fixed.csv,/srv/bulk/samteway/lab-data/tracking-comprehensive-20260908-v1/captures/block-20260908T224532349585Z-r2-D-25us-20260908T225106.322576Z/run.json,before
block-20260908T224532349585Z,2026-09-08,fixed_any_budget,5811.0,D,100.0,2.0,False,False,,2.3771111991560345,ANT1 ANT2 ANT4 ANT8 ANT7 ANT5,docs/completed_switching_analysis/data/fixed.csv,/srv/bulk/samteway/lab-data/tracking-comprehensive-20260908-v1/captures/block-20260908T224532349585Z-r2-D-100us-20260908T225121.797650Z/run.json,before
block-20260908T224532349585Z,2026-09-08,fixed_any_budget,5811.0,D,200.0,2.0,False,False,,1.493177398762131,ANT1 ANT2 ANT4 ANT8 ANT7 ANT5,docs/completed_switching_analysis/data/fixed.csv,/srv/bulk/samteway/lab-data/tracking-comprehensive-20260908-v1/captures/block-20260908T224532349585Z-r2-D-200us-20260908T225137.738590Z/run.json,before
block-20260908T224532349585Z,2026-09-08,fixed_any_budget,5811.0,A,200.0,2.0,True,False,,1.1437728539519028,ANT1 ANT2 ANT4 ANT8 ANT7 ANT5,docs/completed_switching_analysis/data/fixed.csv,/srv/bulk/samteway/lab-data/tracking-comprehensive-20260908-v1/captures/block-20260908T224532349585Z-r2-A-200us-control-20260908T225147.525776Z/run.json,before
block-20260908T224532349585Z,2026-09-08,fixed_any_budget,5811.0,A,1000.0,2.0,True,True,,0.46203928122724064,ANT1 ANT2 ANT4 ANT8 ANT7 ANT5,docs/completed_switching_analysis/data/fixed.csv,/srv/bulk/samteway/lab-data/tracking-comprehensive-20260908-v1/captures/block-20260908T224532349585Z-r2-A-1000us-control-20260908T225202.071637Z/run.json,before
block-20260908T224532349585Z,2026-09-08,fixed_any_budget,5811.0,A,200.0,3.0,True,False,,12.385725276848056,ANT1 ANT2 ANT4 ANT8 ANT7 ANT5,docs/completed_switching_analysis/data/fixed.csv,/srv/bulk/samteway/lab-data/tracking-comprehensive-20260908-v1/captures/block-20260908T224532349585Z-r3-A-200us-control-20260908T225217.377152Z/run.json,before
block-20260908T224532349585Z,2026-09-08,fixed_any_budget,5811.0,D,200.0,3.0,False,False,,1.3681628451348353,ANT1 ANT2 ANT4 ANT8 ANT7 ANT5,docs/completed_switching_analysis/data/fixed.csv,/srv/bulk/samteway/lab-data/tracking-comprehensive-20260908-v1/captures/block-20260908T224532349585Z-r3-D-200us-20260908T225226.655619Z/run.json,before
block-20260908T224532349585Z,2026-09-08,fixed_any_budget,5811.0,D,1000.0,3.0,False,True,,0.37801197056222124,ANT1 ANT2 ANT4 ANT8 ANT7 ANT5,docs/completed_switching_analysis/data/fixed.csv,/srv/bulk/samteway/lab-data/tracking-comprehensive-20260908-v1/captures/block-20260908T224532349585Z-r3-D-1000us-20260908T225242.582056Z/run.json,before
block-20260908T224532349585Z,2026-09-08,fixed_any_budget,5811.0,D,50.0,3.0,False,False,,2.5202315606553793,ANT1 ANT2 ANT4 ANT8 ANT7 ANT5,docs/completed_switching_analysis/data/fixed.csv,/srv/bulk/samteway/lab-data/tracking-comprehensive-20260908-v1/captures/block-20260908T224532349585Z-r3-D-50us-20260908T225258.394594Z/run.json,before
block-20260908T224532349585Z,2026-09-08,fixed_any_budget,5811.0,A,1000.0,3.0,True,True,,0.6598312654763699,ANT1 ANT2 ANT4 ANT8 ANT7 ANT5,docs/completed_switching_analysis/data/fixed.csv,/srv/bulk/samteway/lab-data/tracking-comprehensive-20260908-v1/captures/block-20260908T224532349585Z-r3-A-1000us-control-20260908T225314.291570Z/run.json,before
block-20260908T224532349585Z,2026-09-08,fixed_any_budget,5811.0,D,25.0,3.0,False,False,,6.167778524319649,ANT1 ANT2 ANT4 ANT8 ANT7 ANT5,docs/completed_switching_analysis/data/fixed.csv,/srv/bulk/samteway/lab-data/tracking-comprehensive-20260908-v1/captures/block-20260908T224532349585Z-r3-D-25us-20260908T225328.645407Z/run.json,before
block-20260908T224532349585Z,2026-09-08,fixed_any_budget,5811.0,D,100.0,3.0,False,False,,2.25634629457159,ANT1 ANT2 ANT4 ANT8 ANT7 ANT5,docs/completed_switching_analysis/data/fixed.csv,/srv/bulk/samteway/lab-data/tracking-comprehensive-20260908-v1/captures/block-20260908T224532349585Z-r3-D-100us-20260908T225344.059325Z/run.json,before
block-20260910T043304238564Z,,rolling_50ms,5800.0,A,200,1,False,True,5.528610329274985,0.15191855844885385,,,/srv/bulk/samteway/lab-data/tracking-jitter-20260910-v1/captures/block-20260910T043304238564Z-r1-A-200us-20260910T043408.695441Z/run.json,after
block-20260910T043304238564Z,,rolling_50ms,5800.0,A,200,1,True,True,5.065296929819293,0.6775029938086925,,,/srv/bulk/samteway/lab-data/tracking-jitter-20260910-v1/captures/block-20260910T043304238564Z-r1-A-200us-control-20260910T043417.851028Z/run.json,after
block-20260910T043304238564Z,,rolling_50ms,5800.0,A,1000,1,False,True,5.25251903862294,0.4316700878241803,,,/srv/bulk/samteway/lab-data/tracking-jitter-20260910-v1/captures/block-20260910T043304238564Z-r1-A-1000us-20260910T043432.559340Z/run.json,after
block-20260910T043304238564Z,,rolling_50ms,5800.0,A,1000,2,False,True,5.747550197846634,0.41502082378190114,,,/srv/bulk/samteway/lab-data/tracking-jitter-20260910-v1/captures/block-20260910T043304238564Z-r2-A-1000us-20260910T043441.713076Z/run.json,after
block-20260910T043304238564Z,,rolling_50ms,5800.0,A,200,2,True,True,6.112623691833182,0.534638886643153,,,/srv/bulk/samteway/lab-data/tracking-jitter-20260910-v1/captures/block-20260910T043304238564Z-r2-A-200us-control-20260910T043456.400000Z/run.json,after
block-20260910T043304238564Z,,rolling_50ms,5800.0,A,200,2,False,True,5.355125781417502,0.46081625135445214,,,/srv/bulk/samteway/lab-data/tracking-jitter-20260910-v1/captures/block-20260910T043304238564Z-r2-A-200us-20260910T043505.473681Z/run.json,after
block-20260910T043304238564Z,,rolling_50ms,5800.0,A,200,3,False,True,5.407140085024229,0.4672120685510736,,,/srv/bulk/samteway/lab-data/tracking-jitter-20260910-v1/captures/block-20260910T043304238564Z-r3-A-200us-20260910T043514.660070Z/run.json,after
block-20260910T043304238564Z,,rolling_50ms,5800.0,A,1000,3,False,False,,,,,/srv/bulk/samteway/lab-data/tracking-jitter-20260910-v1/captures/block-20260910T043304238564Z-r3-A-1000us-20260910T043529.254929Z/run.json,after
block-20260910T043304238564Z,,rolling_50ms,5800.0,A,200,3,True,True,5.627281613333881,0.14936157248791693,,,/srv/bulk/samteway/lab-data/tracking-jitter-20260910-v1/captures/block-20260910T043304238564Z-r3-A-200us-control-20260910T043543.939725Z/run.json,after
block-20260910T043733496539Z,,rolling_50ms,2475.0,A,1000,1,False,False,13.3285604832502,2.7350857692510404,,,/srv/bulk/samteway/lab-data/tracking-jitter-20260910-v1/captures/block-20260910T043733496539Z-r1-A-1000us-20260910T043839.581758Z/run.json,after
block-20260910T043733496539Z,,rolling_50ms,2475.0,A,50,1,False,False,5.669033531850921,3.2805475582663917,,,/srv/bulk/samteway/lab-data/tracking-jitter-20260910-v1/captures/block-20260910T043733496539Z-r1-A-50us-20260910T043854.540296Z/run.json,after
block-20260910T043733496539Z,,rolling_50ms,2475.0,A,25,1,False,False,25.235248206561305,3.108666100851814,,,/srv/bulk/samteway/lab-data/tracking-jitter-20260910-v1/captures/block-20260910T043733496539Z-r1-A-25us-20260910T043909.280473Z/run.json,after
block-20260910T043733496539Z,,rolling_50ms,2475.0,A,200,1,True,True,1.0946114350082679,0.28225124571925936,,,/srv/bulk/samteway/lab-data/tracking-jitter-20260910-v1/captures/block-20260910T043733496539Z-r1-A-200us-control-20260910T043924.089350Z/run.json,after
block-20260910T043733496539Z,,rolling_50ms,2475.0,A,200,1,False,True,0.8421043163142546,0.386485841578006,,,/srv/bulk/samteway/lab-data/tracking-jitter-20260910-v1/captures/block-20260910T043733496539Z-r1-A-200us-20260910T043933.212425Z/run.json,after
block-20260910T043733496539Z,,rolling_50ms,2475.0,A,100,1,False,False,7.681710073593698,1.5912752957627396,,,/srv/bulk/samteway/lab-data/tracking-jitter-20260910-v1/captures/block-20260910T043733496539Z-r1-A-100us-20260910T043948.087548Z/run.json,after
block-20260910T043733496539Z,,rolling_50ms,2475.0,A,25,2,False,False,35.13423323981506,5.562259754817136,,,/srv/bulk/samteway/lab-data/tracking-jitter-20260910-v1/captures/block-20260910T043733496539Z-r2-A-25us-20260910T044002.677536Z/run.json,after
block-20260910T043733496539Z,,rolling_50ms,2475.0,A,50,2,False,False,2.0146897326253397,1.402874272531619,,,/srv/bulk/samteway/lab-data/tracking-jitter-20260910-v1/captures/block-20260910T043733496539Z-r2-A-50us-20260910T044017.192756Z/run.json,after
block-20260910T043733496539Z,,rolling_50ms,2475.0,A,200,2,True,True,2.184634788665182,0.2762181844595069,,,/srv/bulk/samteway/lab-data/tracking-jitter-20260910-v1/captures/block-20260910T043733496539Z-r2-A-200us-control-20260910T044031.695861Z/run.json,after
block-20260910T043733496539Z,,rolling_50ms,2475.0,A,100,2,False,True,5.175062473028579,0.9066755939450911,,,/srv/bulk/samteway/lab-data/tracking-jitter-20260910-v1/captures/block-20260910T043733496539Z-r2-A-100us-20260910T044046.703999Z/run.json,after
block-20260910T043733496539Z,,rolling_50ms,2475.0,A,1000,2,False,True,5.365778000182652,0.29979025512658475,,,/srv/bulk/samteway/lab-data/tracking-jitter-20260910-v1/captures/block-20260910T043733496539Z-r2-A-1000us-20260910T044101.491680Z/run.json,after
block-20260910T043733496539Z,,rolling_50ms,2475.0,A,200,2,False,True,2.496555053104158,0.5952709173593732,,,/srv/bulk/samteway/lab-data/tracking-jitter-20260910-v1/captures/block-20260910T043733496539Z-r2-A-200us-20260910T044116.321962Z/run.json,after
block-20260910T043733496539Z,,rolling_50ms,2475.0,A,1000,3,False,True,0.7757695454398859,0.3605824103294377,,,/srv/bulk/samteway/lab-data/tracking-jitter-20260910-v1/captures/block-20260910T043733496539Z-r3-A-1000us-20260910T044131.243925Z/run.json,after
block-20260910T043733496539Z,,rolling_50ms,2475.0,A,100,3,False,True,0.8890535235794362,0.25545308005439227,,,/srv/bulk/samteway/lab-data/tracking-jitter-20260910-v1/captures/block-20260910T043733496539Z-r3-A-100us-20260910T044145.969569Z/run.json,after
block-20260910T043733496539Z,,rolling_50ms,2475.0,A,25,3,False,False,32.512953748829055,5.175141341954086,,,/srv/bulk/samteway/lab-data/tracking-jitter-20260910-v1/captures/block-20260910T043733496539Z-r3-A-25us-20260910T044200.761974Z/run.json,after
block-20260910T043733496539Z,,rolling_50ms,2475.0,A,200,3,True,True,3.5294860409110416,0.6522753940439037,,,/srv/bulk/samteway/lab-data/tracking-jitter-20260910-v1/captures/block-20260910T043733496539Z-r3-A-200us-control-20260910T044215.882823Z/run.json,after
block-20260910T043733496539Z,,rolling_50ms,2475.0,A,50,3,False,False,1.553328129071549,1.1689242661272974,,,/srv/bulk/samteway/lab-data/tracking-jitter-20260910-v1/captures/block-20260910T043733496539Z-r3-A-50us-20260910T044230.513894Z/run.json,after
block-20260910T043733496539Z,,rolling_50ms,2475.0,A,200,3,False,False,6.510985562023206,1.0349501718560052,,,/srv/bulk/samteway/lab-data/tracking-jitter-20260910-v1/captures/block-20260910T043733496539Z-r3-A-200us-20260910T044245.242133Z/run.json,after
block-20260910T044450635209Z,,rolling_50ms,2475.0,B,1000,1,False,True,0.8753225722925315,0.682524353090264,,,/srv/bulk/samteway/lab-data/tracking-jitter-20260910-v1/captures/block-20260910T044450635209Z-r1-B-1000us-20260910T044656.284277Z/run.json,after
block-20260910T044450635209Z,,rolling_50ms,2475.0,B,50,1,False,True,4.309667603495288,0.7943266910261905,,,/srv/bulk/samteway/lab-data/tracking-jitter-20260910-v1/captures/block-20260910T044450635209Z-r1-B-50us-20260910T044712.011128Z/run.json,after
block-20260910T044450635209Z,,rolling_50ms,2475.0,B,25,1,False,False,34.02970226966835,3.442336713084772,,,/srv/bulk/samteway/lab-data/tracking-jitter-20260910-v1/captures/block-20260910T044450635209Z-r1-B-25us-20260910T044727.455476Z/run.json,after
block-20260910T044450635209Z,,rolling_50ms,2475.0,A,200,1,True,True,3.883382645658572,0.3491540279640686,,,/srv/bulk/samteway/lab-data/tracking-jitter-20260910-v1/captures/block-20260910T044450635209Z-r1-A-200us-control-20260910T044742.766421Z/run.json,after
block-20260910T044450635209Z,,rolling_50ms,2475.0,B,200,1,False,True,6.421313235859721,0.7955498939986696,,,/srv/bulk/samteway/lab-data/tracking-jitter-20260910-v1/captures/block-20260910T044450635209Z-r1-B-200us-20260910T044751.778237Z/run.json,after
block-20260910T044450635209Z,,rolling_50ms,2475.0,B,100,1,False,False,8.17051011028559,1.125039041428594,,,/srv/bulk/samteway/lab-data/tracking-jitter-20260910-v1/captures/block-20260910T044450635209Z-r1-B-100us-20260910T044807.327849Z/run.json,after
block-20260910T044450635209Z,,rolling_50ms,2475.0,A,1000,1,True,True,5.925492673102845,0.46111300639690256,,,/srv/bulk/samteway/lab-data/tracking-jitter-20260910-v1/captures/block-20260910T044450635209Z-r1-A-1000us-control-20260910T044823.108037Z/run.json,after
block-20260910T044450635209Z,,rolling_50ms,2475.0,B,25,2,False,False,5.507102621924385,1.1756145447716908,,,/srv/bulk/samteway/lab-data/tracking-jitter-20260910-v1/captures/block-20260910T044450635209Z-r2-B-25us-20260910T044837.488312Z/run.json,after
block-20260910T044450635209Z,,rolling_50ms,2475.0,B,50,2,False,True,4.204754925319487,0.5057416869444884,,,/srv/bulk/samteway/lab-data/tracking-jitter-20260910-v1/captures/block-20260910T044450635209Z-r2-B-50us-20260910T044853.563467Z/run.json,after
block-20260910T044450635209Z,,rolling_50ms,2475.0,A,1000,2,True,True,4.341450651115322,0.6650885122136427,,,/srv/bulk/samteway/lab-data/tracking-jitter-20260910-v1/captures/block-20260910T044450635209Z-r2-A-1000us-control-20260910T044909.265730Z/run.json,after
block-20260910T044450635209Z,,rolling_50ms,2475.0,B,100,2,False,True,2.7632114484866874,0.7129478436944964,,,/srv/bulk/samteway/lab-data/tracking-jitter-20260910-v1/captures/block-20260910T044450635209Z-r2-B-100us-20260910T044923.917725Z/run.json,after
block-20260910T044450635209Z,,rolling_50ms,2475.0,B,1000,2,False,True,2.847159846931162,0.6265471366780657,,,/srv/bulk/samteway/lab-data/tracking-jitter-20260910-v1/captures/block-20260910T044450635209Z-r2-B-1000us-20260910T044939.553744Z/run.json,after
block-20260910T044450635209Z,,rolling_50ms,2475.0,A,200,2,True,False,1.0518185058379235,1.3516945517210412,,,/srv/bulk/samteway/lab-data/tracking-jitter-20260910-v1/captures/block-20260910T044450635209Z-r2-A-200us-control-20260910T044955.279050Z/run.json,after
block-20260910T044450635209Z,,rolling_50ms,2475.0,B,200,2,False,True,3.6667042854016527,0.6272486676042827,,,/srv/bulk/samteway/lab-data/tracking-jitter-20260910-v1/captures/block-20260910T044450635209Z-r2-B-200us-20260910T045004.358121Z/run.json,after
block-20260910T044450635209Z,,rolling_50ms,2475.0,B,100,3,False,True,1.6408203240467887,0.3513112232448073,,,/srv/bulk/samteway/lab-data/tracking-jitter-20260910-v1/captures/block-20260910T044450635209Z-r3-B-100us-20260910T045020.625016Z/run.json,after
block-20260910T044450635209Z,,rolling_50ms,2475.0,A,200,3,True,False,1.178780714882602,1.434081552927631,,,/srv/bulk/samteway/lab-data/tracking-jitter-20260910-v1/captures/block-20260910T044450635209Z-r3-A-200us-control-20260910T045036.268063Z/run.json,after
block-20260910T044450635209Z,,rolling_50ms,2475.0,B,1000,3,False,True,1.019480346493227,0.6409494465729877,,,/srv/bulk/samteway/lab-data/tracking-jitter-20260910-v1/captures/block-20260910T044450635209Z-r3-B-1000us-20260910T045050.908320Z/run.json,after
block-20260910T044450635209Z,,rolling_50ms,2475.0,B,25,3,False,False,45.732573399765656,4.517371527516481,,,/srv/bulk/samteway/lab-data/tracking-jitter-20260910-v1/captures/block-20260910T044450635209Z-r3-B-25us-20260910T045107.372104Z/run.json,after
block-20260910T044450635209Z,,rolling_50ms,2475.0,A,1000,3,True,False,1.1724867274563606,1.302465466966142,,,/srv/bulk/samteway/lab-data/tracking-jitter-20260910-v1/captures/block-20260910T044450635209Z-r3-A-1000us-control-20260910T045123.505653Z/run.json,after
block-20260910T044450635209Z,,rolling_50ms,2475.0,B,50,3,False,False,4.546991014721341,1.70245660694778,,,/srv/bulk/samteway/lab-data/tracking-jitter-20260910-v1/captures/block-20260910T044450635209Z-r3-B-50us-20260910T045137.825435Z/run.json,after
block-20260910T044450635209Z,,rolling_50ms,2475.0,B,200,3,False,False,10.711592644101351,1.3210149141197438,,,/srv/bulk/samteway/lab-data/tracking-jitter-20260910-v1/captures/block-20260910T044450635209Z-r3-B-200us-20260910T045153.021434Z/run.json,after
block-20260910T045514538927Z,,rolling_50ms,915.0,A,200,1,False,True,0.07999910530922714,0.17405700460738266,,,/srv/bulk/samteway/lab-data/tracking-jitter-20260910-v1/captures/block-20260910T045514538927Z-r1-A-200us-20260910T045618.833367Z/run.json,after
block-20260910T045514538927Z,,rolling_50ms,915.0,A,200,1,True,True,0.10719703561016004,0.328050388758859,,,/srv/bulk/samteway/lab-data/tracking-jitter-20260910-v1/captures/block-20260910T045514538927Z-r1-A-200us-control-20260910T045628.080028Z/run.json,after
block-20260910T045514538927Z,,rolling_50ms,915.0,A,1000,1,False,True,0.212393767714004,0.10505426413288667,,,/srv/bulk/samteway/lab-data/tracking-jitter-20260910-v1/captures/block-20260910T045514538927Z-r1-A-1000us-20260910T045642.710270Z/run.json,after
block-20260910T045514538927Z,,rolling_50ms,915.0,A,200,2,True,True,0.08530346460521133,0.237211579800478,,,/srv/bulk/samteway/lab-data/tracking-jitter-20260910-v1/captures/block-20260910T045514538927Z-r2-A-200us-control-20260910T045657.713735Z/run.json,after
block-20260910T045514538927Z,,rolling_50ms,915.0,A,200,2,False,True,0.22122492359524742,0.3096403104814782,,,/srv/bulk/samteway/lab-data/tracking-jitter-20260910-v1/captures/block-20260910T045514538927Z-r2-A-200us-20260910T045706.822999Z/run.json,after
block-20260910T045514538927Z,,rolling_50ms,915.0,A,1000,2,False,True,0.20541622510411356,0.10951375614327755,,,/srv/bulk/samteway/lab-data/tracking-jitter-20260910-v1/captures/block-20260910T045514538927Z-r2-A-1000us-20260910T045721.592844Z/run.json,after
block-20260910T045514538927Z,,rolling_50ms,915.0,A,200,3,True,True,0.16599249753333623,0.27769782500960627,,,/srv/bulk/samteway/lab-data/tracking-jitter-20260910-v1/captures/block-20260910T045514538927Z-r3-A-200us-control-20260910T045736.648370Z/run.json,after
block-20260910T045514538927Z,,rolling_50ms,915.0,A,200,3,False,True,0.09852637114121922,0.2062618155086476,,,/srv/bulk/samteway/lab-data/tracking-jitter-20260910-v1/captures/block-20260910T045514538927Z-r3-A-200us-20260910T045746.070366Z/run.json,after
block-20260910T045514538927Z,,rolling_50ms,915.0,A,1000,3,False,True,0.17859968278151994,0.11230661130523434,,,/srv/bulk/samteway/lab-data/tracking-jitter-20260910-v1/captures/block-20260910T045514538927Z-r3-A-1000us-20260910T045801.008246Z/run.json,after
block-20260911T030034179397Z,,rolling_50ms,5811.0,A,200,1,True,True,3.752645409001437,0.4818538517311393,,,/srv/bulk/samteway/lab-data/tracking-jitter-20260911-resume-v1/captures/block-20260911T030034179397Z-r1-A-200us-control-20260911T030140.476776Z/run.json,after
block-20260911T030034179397Z,,rolling_50ms,5811.0,A,100,1,False,False,5.353561408090985,1.1969010623437657,,,/srv/bulk/samteway/lab-data/tracking-jitter-20260911-resume-v1/captures/block-20260911T030034179397Z-r1-A-100us-20260911T030155.518839Z/run.json,after
block-20260911T030034179397Z,,rolling_50ms,5811.0,A,50,1,False,False,7.547998518787028,1.2211433659511208,,,/srv/bulk/samteway/lab-data/tracking-jitter-20260911-resume-v1/captures/block-20260911T030034179397Z-r1-A-50us-20260911T030210.161566Z/run.json,after
block-20260911T030034179397Z,,rolling_50ms,5811.0,A,1000,1,False,True,3.6517113978636453,0.4475359733338621,,,/srv/bulk/samteway/lab-data/tracking-jitter-20260911-resume-v1/captures/block-20260911T030034179397Z-r1-A-1000us-20260911T030224.828843Z/run.json,after
block-20260911T030034179397Z,,rolling_50ms,5811.0,A,200,1,False,True,3.6591307032021954,0.8874655594056163,,,/srv/bulk/samteway/lab-data/tracking-jitter-20260911-resume-v1/captures/block-20260911T030034179397Z-r1-A-200us-20260911T030239.418851Z/run.json,after
block-20260911T030034179397Z,,rolling_50ms,5811.0,A,25,1,False,False,13.968736895140136,2.399554379581756,,,/srv/bulk/samteway/lab-data/tracking-jitter-20260911-resume-v1/captures/block-20260911T030034179397Z-r1-A-25us-20260911T030253.886334Z/run.json,after
block-20260911T030034179397Z,,rolling_50ms,5811.0,A,50,2,False,True,6.507458318082305,0.946056822581973,,,/srv/bulk/samteway/lab-data/tracking-jitter-20260911-resume-v1/captures/block-20260911T030034179397Z-r2-A-50us-20260911T030308.810799Z/run.json,after
block-20260911T030034179397Z,,rolling_50ms,5811.0,A,1000,2,False,True,3.7408212732476134,0.506073202010428,,,/srv/bulk/samteway/lab-data/tracking-jitter-20260911-resume-v1/captures/block-20260911T030034179397Z-r2-A-1000us-20260911T030323.780170Z/run.json,after
block-20260911T030034179397Z,,rolling_50ms,5811.0,A,25,2,False,False,,,,,/srv/bulk/samteway/lab-data/tracking-jitter-20260911-resume-v1/captures/block-20260911T030034179397Z-r2-A-25us-20260911T030338.660580Z/run.json,after
block-20260911T030034179397Z,,rolling_50ms,5811.0,A,200,2,True,True,3.8240183876916336,0.6646411554354091,,,/srv/bulk/samteway/lab-data/tracking-jitter-20260911-resume-v1/captures/block-20260911T030034179397Z-r2-A-200us-control-20260911T030353.861756Z/run.json,after
block-20260911T030034179397Z,,rolling_50ms,5811.0,A,200,2,False,True,4.149997430417521,0.7366954709504886,,,/srv/bulk/samteway/lab-data/tracking-jitter-20260911-resume-v1/captures/block-20260911T030034179397Z-r2-A-200us-20260911T030403.433127Z/run.json,after
block-20260911T030034179397Z,,rolling_50ms,5811.0,A,100,2,False,True,5.401834230599506,0.8210263978420473,,,/srv/bulk/samteway/lab-data/tracking-jitter-20260911-resume-v1/captures/block-20260911T030034179397Z-r2-A-100us-20260911T030418.572003Z/run.json,after
block-20260911T030034179397Z,,rolling_50ms,5811.0,A,200,3,False,True,4.685645463881424,0.7995001277138403,,,/srv/bulk/samteway/lab-data/tracking-jitter-20260911-resume-v1/captures/block-20260911T030034179397Z-r3-A-200us-20260911T030433.634680Z/run.json,after
block-20260911T030034179397Z,,rolling_50ms,5811.0,A,50,3,False,False,11.302933440274591,2.5363261130353205,,,/srv/bulk/samteway/lab-data/tracking-jitter-20260911-resume-v1/captures/block-20260911T030034179397Z-r3-A-50us-20260911T030448.753873Z/run.json,after
block-20260911T030034179397Z,,rolling_50ms,5811.0,A,1000,3,False,True,3.8233363094078125,0.48834816068873765,,,/srv/bulk/samteway/lab-data/tracking-jitter-20260911-resume-v1/captures/block-20260911T030034179397Z-r3-A-1000us-20260911T030503.842112Z/run.json,after
block-20260911T030034179397Z,,rolling_50ms,5811.0,A,200,3,True,True,3.6706576603607806,0.45885001961925775,,,/srv/bulk/samteway/lab-data/tracking-jitter-20260911-resume-v1/captures/block-20260911T030034179397Z-r3-A-200us-control-20260911T030519.085132Z/run.json,after
block-20260911T030034179397Z,,rolling_50ms,5811.0,A,25,3,False,False,30.2037910820614,4.334665796111105,,,/srv/bulk/samteway/lab-data/tracking-jitter-20260911-resume-v1/captures/block-20260911T030034179397Z-r3-A-25us-20260911T030534.092264Z/run.json,after
block-20260911T030034179397Z,,rolling_50ms,5811.0,A,100,3,False,True,6.026373731905234,0.9666798779316861,,,/srv/bulk/samteway/lab-data/tracking-jitter-20260911-resume-v1/captures/block-20260911T030034179397Z-r3-A-100us-20260911T030548.770696Z/run.json,after
block-20260911T030757473520Z,,rolling_50ms,5811.0,A,1000,1,True,True,4.06542902988693,0.4391420788795384,,,/srv/bulk/samteway/lab-data/tracking-jitter-20260911-resume-v1/captures/block-20260911T030757473520Z-r1-A-1000us-control-20260911T031004.334697Z/run.json,after
block-20260911T030757473520Z,,rolling_50ms,5811.0,B,100,1,False,False,5.336892261894836,1.735839913097991,,,/srv/bulk/samteway/lab-data/tracking-jitter-20260911-resume-v1/captures/block-20260911T030757473520Z-r1-B-100us-20260911T031019.311620Z/run.json,after
block-20260911T030757473520Z,,rolling_50ms,5811.0,B,50,1,False,False,6.381945607791645,1.1962153612277309,,,/srv/bulk/samteway/lab-data/tracking-jitter-20260911-resume-v1/captures/block-20260911T030757473520Z-r1-B-50us-20260911T031035.732358Z/run.json,after
block-20260911T030757473520Z,,rolling_50ms,5811.0,B,1000,1,False,True,4.20724490034258,0.3953271873778158,,,/srv/bulk/samteway/lab-data/tracking-jitter-20260911-resume-v1/captures/block-20260911T030757473520Z-r1-B-1000us-20260911T031054.451532Z/run.json,after
block-20260911T030757473520Z,,rolling_50ms,5811.0,A,200,1,True,True,4.219904763917909,0.7510185485907385,,,/srv/bulk/samteway/lab-data/tracking-jitter-20260911-resume-v1/captures/block-20260911T030757473520Z-r1-A-200us-control-20260911T031110.379619Z/run.json,after
block-20260911T030757473520Z,,rolling_50ms,5811.0,B,200,1,False,True,3.9261236060224958,0.7034682332010875,,,/srv/bulk/samteway/lab-data/tracking-jitter-20260911-resume-v1/captures/block-20260911T030757473520Z-r1-B-200us-20260911T031119.123425Z/run.json,after
block-20260911T030757473520Z,,rolling_50ms,5811.0,B,25,1,False,False,31.569567896741933,5.057699339530873,,,/srv/bulk/samteway/lab-data/tracking-jitter-20260911-resume-v1/captures/block-20260911T030757473520Z-r1-B-25us-20260911T031134.854438Z/run.json,after
block-20260911T030757473520Z,,rolling_50ms,5811.0,B,50,2,False,False,5.78488698878298,1.2175046072354077,,,/srv/bulk/samteway/lab-data/tracking-jitter-20260911-resume-v1/captures/block-20260911T030757473520Z-r2-B-50us-20260911T031150.020758Z/run.json,after
block-20260911T030757473520Z,,rolling_50ms,5811.0,B,1000,2,False,True,3.909122974633238,0.7616557171486661,,,/srv/bulk/samteway/lab-data/tracking-jitter-20260911-resume-v1/captures/block-20260911T030757473520Z-r2-B-1000us-20260911T031205.514497Z/run.json,after
block-20260911T030757473520Z,,rolling_50ms,5811.0,B,25,2,False,False,34.77120141431236,4.411314394851008,,,/srv/bulk/samteway/lab-data/tracking-jitter-20260911-resume-v1/captures/block-20260911T030757473520Z-r2-B-25us-20260911T031220.578912Z/run.json,after
block-20260911T030757473520Z,,rolling_50ms,5811.0,B,100,2,False,False,4.291156419136334,1.022199278220614,,,/srv/bulk/samteway/lab-data/tracking-jitter-20260911-resume-v1/captures/block-20260911T030757473520Z-r2-B-100us-20260911T031236.638569Z/run.json,after
block-20260911T030757473520Z,,rolling_50ms,5811.0,B,200,2,False,True,4.272817514127217,0.8513441067513522,,,/srv/bulk/samteway/lab-data/tracking-jitter-20260911-resume-v1/captures/block-20260911T030757473520Z-r2-B-200us-20260911T031251.824595Z/run.json,after
block-20260911T030757473520Z,,rolling_50ms,5811.0,A,200,2,True,True,5.112683249325283,0.8008484100795097,,,/srv/bulk/samteway/lab-data/tracking-jitter-20260911-resume-v1/captures/block-20260911T030757473520Z-r2-A-200us-control-20260911T031301.478798Z/run.json,after
block-20260911T030757473520Z,,rolling_50ms,5811.0,A,1000,2,True,False,4.273798254405181,1.2678505842890204,,,/srv/bulk/samteway/lab-data/tracking-jitter-20260911-resume-v1/captures/block-20260911T030757473520Z-r2-A-1000us-control-20260911T031315.984771Z/run.json,after
block-20260911T030757473520Z,,rolling_50ms,5811.0,A,200,3,True,False,4.751817291328608,1.326747886367734,,,/srv/bulk/samteway/lab-data/tracking-jitter-20260911-resume-v1/captures/block-20260911T030757473520Z-r3-A-200us-control-20260911T031330.420743Z/run.json,after
block-20260911T030757473520Z,,rolling_50ms,5811.0,B,200,3,False,True,4.945789313137213,0.6972224984790497,,,/srv/bulk/samteway/lab-data/tracking-jitter-20260911-resume-v1/captures/block-20260911T030757473520Z-r3-B-200us-20260911T031339.511415Z/run.json,after
block-20260911T030757473520Z,,rolling_50ms,5811.0,B,1000,3,False,True,3.721615292553737,0.9381716981330448,,,/srv/bulk/samteway/lab-data/tracking-jitter-20260911-resume-v1/captures/block-20260911T030757473520Z-r3-B-1000us-20260911T031354.987073Z/run.json,after
block-20260911T030757473520Z,,rolling_50ms,5811.0,B,50,3,False,False,7.567801893088321,2.2210992330693116,,,/srv/bulk/samteway/lab-data/tracking-jitter-20260911-resume-v1/captures/block-20260911T030757473520Z-r3-B-50us-20260911T031410.152053Z/run.json,after
block-20260911T030757473520Z,,rolling_50ms,5811.0,A,1000,3,True,False,3.6333621264892875,1.5091874714298015,,,/srv/bulk/samteway/lab-data/tracking-jitter-20260911-resume-v1/captures/block-20260911T030757473520Z-r3-A-1000us-control-20260911T031425.281402Z/run.json,after
block-20260911T030757473520Z,,rolling_50ms,5811.0,B,25,3,False,False,30.137882114809113,3.831050148730473,,,/srv/bulk/samteway/lab-data/tracking-jitter-20260911-resume-v1/captures/block-20260911T030757473520Z-r3-B-25us-20260911T031439.481149Z/run.json,after
block-20260911T030757473520Z,,rolling_50ms,5811.0,B,100,3,False,False,4.527377235939838,1.0859058044459915,,,/srv/bulk/samteway/lab-data/tracking-jitter-20260911-resume-v1/captures/block-20260911T030757473520Z-r3-B-100us-20260911T031454.986233Z/run.json,after
block-20260911T031816349144Z,,rolling_50ms,5811.0,A,1000,1,True,True,4.197018100222692,0.42311358242279595,,,/srv/bulk/samteway/lab-data/tracking-jitter-20260911-resume-v1/captures/block-20260911T031816349144Z-r1-A-1000us-control-20260911T032020.993161Z/run.json,after
block-20260911T031816349144Z,,rolling_50ms,5811.0,D,100,1,False,True,4.496658261822787,0.28952814821415435,,,/srv/bulk/samteway/lab-data/tracking-jitter-20260911-resume-v1/captures/block-20260911T031816349144Z-r1-D-100us-20260911T032035.259703Z/run.json,after
block-20260911T031816349144Z,,rolling_50ms,5811.0,D,50,1,False,False,5.982048867430201,1.291420488484213,,,/srv/bulk/samteway/lab-data/tracking-jitter-20260911-resume-v1/captures/block-20260911T031816349144Z-r1-D-50us-20260911T032051.280707Z/run.json,after
block-20260911T031816349144Z,,rolling_50ms,5811.0,D,1000,1,False,True,3.763229613254276,0.16243117534788704,,,/srv/bulk/samteway/lab-data/tracking-jitter-20260911-resume-v1/captures/block-20260911T031816349144Z-r1-D-1000us-20260911T032106.542437Z/run.json,after
block-20260911T031816349144Z,,rolling_50ms,5811.0,A,200,1,True,True,4.21772155772822,0.221630911107754,,,/srv/bulk/samteway/lab-data/tracking-jitter-20260911-resume-v1/captures/block-20260911T031816349144Z-r1-A-200us-control-20260911T032121.981310Z/run.json,after
block-20260911T031816349144Z,,rolling_50ms,5811.0,D,200,1,False,True,4.80689626236404,0.6254223205867147,,,/srv/bulk/samteway/lab-data/tracking-jitter-20260911-resume-v1/captures/block-20260911T031816349144Z-r1-D-200us-20260911T032130.958306Z/run.json,after
block-20260911T031816349144Z,,rolling_50ms,5811.0,D,25,1,False,False,31.881732757810777,4.020764521808785,,,/srv/bulk/samteway/lab-data/tracking-jitter-20260911-resume-v1/captures/block-20260911T031816349144Z-r1-D-25us-20260911T032146.751898Z/run.json,after
block-20260911T031816349144Z,,rolling_50ms,5811.0,D,50,2,False,True,6.109575731911784,0.9814894548131612,,,/srv/bulk/samteway/lab-data/tracking-jitter-20260911-resume-v1/captures/block-20260911T031816349144Z-r2-D-50us-20260911T032202.770002Z/run.json,after
block-20260911T031816349144Z,,rolling_50ms,5811.0,D,1000,2,False,True,3.9930055860800304,0.25933775220027844,,,/srv/bulk/samteway/lab-data/tracking-jitter-20260911-resume-v1/captures/block-20260911T031816349144Z-r2-D-1000us-20260911T032218.122131Z/run.json,after
block-20260911T031816349144Z,,rolling_50ms,5811.0,D,25,2,False,False,30.91948923477388,3.7029213186512475,,,/srv/bulk/samteway/lab-data/tracking-jitter-20260911-resume-v1/captures/block-20260911T031816349144Z-r2-D-25us-20260911T032233.814651Z/run.json,after
block-20260911T031816349144Z,,rolling_50ms,5811.0,D,100,2,False,True,4.920431305123218,0.3869079229675173,,,/srv/bulk/samteway/lab-data/tracking-jitter-20260911-resume-v1/captures/block-20260911T031816349144Z-r2-D-100us-20260911T032249.366925Z/run.json,after
block-20260911T031816349144Z,,rolling_50ms,5811.0,D,200,2,False,True,4.830561535063612,0.40783647892112074,,,/srv/bulk/samteway/lab-data/tracking-jitter-20260911-resume-v1/captures/block-20260911T031816349144Z-r2-D-200us-20260911T032305.353958Z/run.json,after
block-20260911T031816349144Z,,rolling_50ms,5811.0,A,200,2,True,True,4.293452847948307,0.7339759989184094,,,/srv/bulk/samteway/lab-data/tracking-jitter-20260911-resume-v1/captures/block-20260911T031816349144Z-r2-A-200us-control-20260911T032315.664520Z/run.json,after
block-20260911T031816349144Z,,rolling_50ms,5811.0,A,1000,2,True,True,3.5759173578637045,0.241902319702403,,,/srv/bulk/samteway/lab-data/tracking-jitter-20260911-resume-v1/captures/block-20260911T031816349144Z-r2-A-1000us-control-20260911T032330.309574Z/run.json,after
block-20260911T031816349144Z,,rolling_50ms,5811.0,A,200,3,True,True,4.362115355152973,0.4768246942892285,,,/srv/bulk/samteway/lab-data/tracking-jitter-20260911-resume-v1/captures/block-20260911T031816349144Z-r3-A-200us-control-20260911T032344.887969Z/run.json,after
block-20260911T031816349144Z,,rolling_50ms,5811.0,D,200,3,False,True,4.124548727635358,0.5668870642168595,,,/srv/bulk/samteway/lab-data/tracking-jitter-20260911-resume-v1/captures/block-20260911T031816349144Z-r3-D-200us-20260911T032353.880095Z/run.json,after
block-20260911T031816349144Z,,rolling_50ms,5811.0,D,1000,3,False,True,3.5635283069029176,0.6219750059424656,,,/srv/bulk/samteway/lab-data/tracking-jitter-20260911-resume-v1/captures/block-20260911T031816349144Z-r3-D-1000us-20260911T032409.212470Z/run.json,after
block-20260911T031816349144Z,,rolling_50ms,5811.0,D,50,3,False,False,7.354371501634853,1.56543125417927,,,/srv/bulk/samteway/lab-data/tracking-jitter-20260911-resume-v1/captures/block-20260911T031816349144Z-r3-D-50us-20260911T032424.095676Z/run.json,after
block-20260911T031816349144Z,,rolling_50ms,5811.0,A,1000,3,True,True,3.7337661906515756,0.47919948390858674,,,/srv/bulk/samteway/lab-data/tracking-jitter-20260911-resume-v1/captures/block-20260911T031816349144Z-r3-A-1000us-control-20260911T032439.468686Z/run.json,after
block-20260911T031816349144Z,,rolling_50ms,5811.0,D,25,3,False,False,29.99442191167097,3.29534507517923,,,/srv/bulk/samteway/lab-data/tracking-jitter-20260911-resume-v1/captures/block-20260911T031816349144Z-r3-D-25us-20260911T032454.125436Z/run.json,after
block-20260911T031816349144Z,,rolling_50ms,5811.0,D,100,3,False,False,5.5144676718841374,0.6126295135231044,,,/srv/bulk/samteway/lab-data/tracking-jitter-20260911-resume-v1/captures/block-20260911T031816349144Z-r3-D-100us-20260911T032511.841264Z/run.json,after
block-20260910T043304238564Z,,fixed_any_budget,5800.0,A,200,1,False,True,,0.3145102650241361,,,/srv/bulk/samteway/lab-data/tracking-jitter-20260910-v1/captures/block-20260910T043304238564Z-r1-A-200us-20260910T043408.695441Z/run.json,after
block-20260910T043304238564Z,,fixed_any_budget,5800.0,A,200,1,True,True,,0.596019507960051,,,/srv/bulk/samteway/lab-data/tracking-jitter-20260910-v1/captures/block-20260910T043304238564Z-r1-A-200us-control-20260910T043417.851028Z/run.json,after
block-20260910T043304238564Z,,fixed_any_budget,5800.0,A,1000,1,False,True,,0.44063940025420545,,,/srv/bulk/samteway/lab-data/tracking-jitter-20260910-v1/captures/block-20260910T043304238564Z-r1-A-1000us-20260910T043432.559340Z/run.json,after
block-20260910T043304238564Z,,fixed_any_budget,5800.0,A,1000,2,False,True,,0.2993030674576967,,,/srv/bulk/samteway/lab-data/tracking-jitter-20260910-v1/captures/block-20260910T043304238564Z-r2-A-1000us-20260910T043441.713076Z/run.json,after
block-20260910T043304238564Z,,fixed_any_budget,5800.0,A,200,2,True,False,,18.11600451676523,,,/srv/bulk/samteway/lab-data/tracking-jitter-20260910-v1/captures/block-20260910T043304238564Z-r2-A-200us-control-20260910T043456.400000Z/run.json,after
block-20260910T043304238564Z,,fixed_any_budget,5800.0,A,200,2,False,False,,15.984757503406184,,,/srv/bulk/samteway/lab-data/tracking-jitter-20260910-v1/captures/block-20260910T043304238564Z-r2-A-200us-20260910T043505.473681Z/run.json,after
block-20260910T043304238564Z,,fixed_any_budget,5800.0,A,200,3,False,True,,0.4750675405683353,,,/srv/bulk/samteway/lab-data/tracking-jitter-20260910-v1/captures/block-20260910T043304238564Z-r3-A-200us-20260910T043514.660070Z/run.json,after
block-20260910T043304238564Z,,fixed_any_budget,5800.0,A,1000,3,False,True,,0.33154275373624337,,,/srv/bulk/samteway/lab-data/tracking-jitter-20260910-v1/captures/block-20260910T043304238564Z-r3-A-1000us-20260910T043529.254929Z/run.json,after
block-20260910T043304238564Z,,fixed_any_budget,5800.0,A,200,3,True,True,,0.3233647215669553,,,/srv/bulk/samteway/lab-data/tracking-jitter-20260910-v1/captures/block-20260910T043304238564Z-r3-A-200us-control-20260910T043543.939725Z/run.json,after
block-20260910T043733496539Z,,fixed_any_budget,2475.0,A,1000,1,False,False,,12.034786190013826,,,/srv/bulk/samteway/lab-data/tracking-jitter-20260910-v1/captures/block-20260910T043733496539Z-r1-A-1000us-20260910T043839.581758Z/run.json,after
block-20260910T043733496539Z,,fixed_any_budget,2475.0,A,50,1,False,False,,8.142889047279047,,,/srv/bulk/samteway/lab-data/tracking-jitter-20260910-v1/captures/block-20260910T043733496539Z-r1-A-50us-20260910T043854.540296Z/run.json,after
block-20260910T043733496539Z,,fixed_any_budget,2475.0,A,25,1,False,False,,9.495566339833074,,,/srv/bulk/samteway/lab-data/tracking-jitter-20260910-v1/captures/block-20260910T043733496539Z-r1-A-25us-20260910T043909.280473Z/run.json,after
block-20260910T043733496539Z,,fixed_any_budget,2475.0,A,200,1,True,True,,0.4478550897781193,,,/srv/bulk/samteway/lab-data/tracking-jitter-20260910-v1/captures/block-20260910T043733496539Z-r1-A-200us-control-20260910T043924.089350Z/run.json,after
block-20260910T043733496539Z,,fixed_any_budget,2475.0,A,200,1,False,True,,0.7757540464605955,,,/srv/bulk/samteway/lab-data/tracking-jitter-20260910-v1/captures/block-20260910T043733496539Z-r1-A-200us-20260910T043933.212425Z/run.json,after
block-20260910T043733496539Z,,fixed_any_budget,2475.0,A,100,1,False,False,,3.5597167077019702,,,/srv/bulk/samteway/lab-data/tracking-jitter-20260910-v1/captures/block-20260910T043733496539Z-r1-A-100us-20260910T043948.087548Z/run.json,after
block-20260910T043733496539Z,,fixed_any_budget,2475.0,A,25,2,False,False,,9.295798294106259,,,/srv/bulk/samteway/lab-data/tracking-jitter-20260910-v1/captures/block-20260910T043733496539Z-r2-A-25us-20260910T044002.677536Z/run.json,after
block-20260910T043733496539Z,,fixed_any_budget,2475.0,A,50,2,False,False,,4.120287933480319,,,/srv/bulk/samteway/lab-data/tracking-jitter-20260910-v1/captures/block-20260910T043733496539Z-r2-A-50us-20260910T044017.192756Z/run.json,after
block-20260910T043733496539Z,,fixed_any_budget,2475.0,A,200,2,True,True,,0.4760649788887786,,,/srv/bulk/samteway/lab-data/tracking-jitter-20260910-v1/captures/block-20260910T043733496539Z-r2-A-200us-control-20260910T044031.695861Z/run.json,after
block-20260910T043733496539Z,,fixed_any_budget,2475.0,A,100,2,False,False,,1.878060817831799,,,/srv/bulk/samteway/lab-data/tracking-jitter-20260910-v1/captures/block-20260910T043733496539Z-r2-A-100us-20260910T044046.703999Z/run.json,after
block-20260910T043733496539Z,,fixed_any_budget,2475.0,A,1000,2,False,True,,0.13099250080397026,,,/srv/bulk/samteway/lab-data/tracking-jitter-20260910-v1/captures/block-20260910T043733496539Z-r2-A-1000us-20260910T044101.491680Z/run.json,after
block-20260910T043733496539Z,,fixed_any_budget,2475.0,A,200,2,False,True,,0.6058281250335628,,,/srv/bulk/samteway/lab-data/tracking-jitter-20260910-v1/captures/block-20260910T043733496539Z-r2-A-200us-20260910T044116.321962Z/run.json,after
block-20260910T043733496539Z,,fixed_any_budget,2475.0,A,1000,3,False,True,,0.24073114977485194,,,/srv/bulk/samteway/lab-data/tracking-jitter-20260910-v1/captures/block-20260910T043733496539Z-r3-A-1000us-20260910T044131.243925Z/run.json,after
block-20260910T043733496539Z,,fixed_any_budget,2475.0,A,100,3,False,True,,0.31535574512629383,,,/srv/bulk/samteway/lab-data/tracking-jitter-20260910-v1/captures/block-20260910T043733496539Z-r3-A-100us-20260910T044145.969569Z/run.json,after
block-20260910T043733496539Z,,fixed_any_budget,2475.0,A,25,3,False,False,,22.30775296143614,,,/srv/bulk/samteway/lab-data/tracking-jitter-20260910-v1/captures/block-20260910T043733496539Z-r3-A-25us-20260910T044200.761974Z/run.json,after
block-20260910T043733496539Z,,fixed_any_budget,2475.0,A,200,3,True,False,,1.4360392237098132,,,/srv/bulk/samteway/lab-data/tracking-jitter-20260910-v1/captures/block-20260910T043733496539Z-r3-A-200us-control-20260910T044215.882823Z/run.json,after
block-20260910T043733496539Z,,fixed_any_budget,2475.0,A,50,3,False,False,,2.846186557613863,,,/srv/bulk/samteway/lab-data/tracking-jitter-20260910-v1/captures/block-20260910T043733496539Z-r3-A-50us-20260910T044230.513894Z/run.json,after
block-20260910T043733496539Z,,fixed_any_budget,2475.0,A,200,3,False,False,,21.00567698784507,,,/srv/bulk/samteway/lab-data/tracking-jitter-20260910-v1/captures/block-20260910T043733496539Z-r3-A-200us-20260910T044245.242133Z/run.json,after
block-20260910T044450635209Z,,fixed_any_budget,2475.0,B,1000,1,False,True,,0.6531644391961184,,,/srv/bulk/samteway/lab-data/tracking-jitter-20260910-v1/captures/block-20260910T044450635209Z-r1-B-1000us-20260910T044656.284277Z/run.json,after
block-20260910T044450635209Z,,fixed_any_budget,2475.0,B,50,1,False,False,,1.6101860280217772,,,/srv/bulk/samteway/lab-data/tracking-jitter-20260910-v1/captures/block-20260910T044450635209Z-r1-B-50us-20260910T044712.011128Z/run.json,after
block-20260910T044450635209Z,,fixed_any_budget,2475.0,B,25,1,False,False,,9.447192762975046,,,/srv/bulk/samteway/lab-data/tracking-jitter-20260910-v1/captures/block-20260910T044450635209Z-r1-B-25us-20260910T044727.455476Z/run.json,after
block-20260910T044450635209Z,,fixed_any_budget,2475.0,A,200,1,True,True,,0.6450333379343234,,,/srv/bulk/samteway/lab-data/tracking-jitter-20260910-v1/captures/block-20260910T044450635209Z-r1-A-200us-control-20260910T044742.766421Z/run.json,after
block-20260910T044450635209Z,,fixed_any_budget,2475.0,B,200,1,False,True,,0.7638656119591687,,,/srv/bulk/samteway/lab-data/tracking-jitter-20260910-v1/captures/block-20260910T044450635209Z-r1-B-200us-20260910T044751.778237Z/run.json,after
block-20260910T044450635209Z,,fixed_any_budget,2475.0,B,100,1,False,False,,1.946878133702743,,,/srv/bulk/samteway/lab-data/tracking-jitter-20260910-v1/captures/block-20260910T044450635209Z-r1-B-100us-20260910T044807.327849Z/run.json,after
block-20260910T044450635209Z,,fixed_any_budget,2475.0,A,1000,1,True,True,,0.4266870219678915,,,/srv/bulk/samteway/lab-data/tracking-jitter-20260910-v1/captures/block-20260910T044450635209Z-r1-A-1000us-control-20260910T044823.108037Z/run.json,after
block-20260910T044450635209Z,,fixed_any_budget,2475.0,B,25,2,False,False,,13.128888532162936,,,/srv/bulk/samteway/lab-data/tracking-jitter-20260910-v1/captures/block-20260910T044450635209Z-r2-B-25us-20260910T044837.488312Z/run.json,after
block-20260910T044450635209Z,,fixed_any_budget,2475.0,B,50,2,False,True,,0.6039214409700199,,,/srv/bulk/samteway/lab-data/tracking-jitter-20260910-v1/captures/block-20260910T044450635209Z-r2-B-50us-20260910T044853.563467Z/run.json,after
block-20260910T044450635209Z,,fixed_any_budget,2475.0,A,1000,2,True,True,,0.789375927887402,,,/srv/bulk/samteway/lab-data/tracking-jitter-20260910-v1/captures/block-20260910T044450635209Z-r2-A-1000us-control-20260910T044909.265730Z/run.json,after
block-20260910T044450635209Z,,fixed_any_budget,2475.0,B,100,2,False,True,,0.4557109562978972,,,/srv/bulk/samteway/lab-data/tracking-jitter-20260910-v1/captures/block-20260910T044450635209Z-r2-B-100us-20260910T044923.917725Z/run.json,after
block-20260910T044450635209Z,,fixed_any_budget,2475.0,B,1000,2,False,True,,0.37111343773887945,,,/srv/bulk/samteway/lab-data/tracking-jitter-20260910-v1/captures/block-20260910T044450635209Z-r2-B-1000us-20260910T044939.553744Z/run.json,after
block-20260910T044450635209Z,,fixed_any_budget,2475.0,A,200,2,True,False,,22.785265852148274,,,/srv/bulk/samteway/lab-data/tracking-jitter-20260910-v1/captures/block-20260910T044450635209Z-r2-A-200us-control-20260910T044955.279050Z/run.json,after
block-20260910T044450635209Z,,fixed_any_budget,2475.0,B,200,2,False,True,,0.4212807159906925,,,/srv/bulk/samteway/lab-data/tracking-jitter-20260910-v1/captures/block-20260910T044450635209Z-r2-B-200us-20260910T045004.358121Z/run.json,after
block-20260910T044450635209Z,,fixed_any_budget,2475.0,B,100,3,False,False,,1.2033383448411672,,,/srv/bulk/samteway/lab-data/tracking-jitter-20260910-v1/captures/block-20260910T044450635209Z-r3-B-100us-20260910T045020.625016Z/run.json,after
block-20260910T044450635209Z,,fixed_any_budget,2475.0,A,200,3,True,False,,1.7548643631882688,,,/srv/bulk/samteway/lab-data/tracking-jitter-20260910-v1/captures/block-20260910T044450635209Z-r3-A-200us-control-20260910T045036.268063Z/run.json,after
block-20260910T044450635209Z,,fixed_any_budget,2475.0,B,1000,3,False,True,,0.5275073635717906,,,/srv/bulk/samteway/lab-data/tracking-jitter-20260910-v1/captures/block-20260910T044450635209Z-r3-B-1000us-20260910T045050.908320Z/run.json,after
block-20260910T044450635209Z,,fixed_any_budget,2475.0,B,25,3,False,False,,9.525796216529729,,,/srv/bulk/samteway/lab-data/tracking-jitter-20260910-v1/captures/block-20260910T044450635209Z-r3-B-25us-20260910T045107.372104Z/run.json,after
block-20260910T044450635209Z,,fixed_any_budget,2475.0,A,1000,3,True,False,,1.432616768602205,,,/srv/bulk/samteway/lab-data/tracking-jitter-20260910-v1/captures/block-20260910T044450635209Z-r3-A-1000us-control-20260910T045123.505653Z/run.json,after
block-20260910T044450635209Z,,fixed_any_budget,2475.0,B,50,3,False,False,,2.2730690081255864,,,/srv/bulk/samteway/lab-data/tracking-jitter-20260910-v1/captures/block-20260910T044450635209Z-r3-B-50us-20260910T045137.825435Z/run.json,after
block-20260910T044450635209Z,,fixed_any_budget,2475.0,B,200,3,False,False,,1.4796402869460656,,,/srv/bulk/samteway/lab-data/tracking-jitter-20260910-v1/captures/block-20260910T044450635209Z-r3-B-200us-20260910T045153.021434Z/run.json,after
block-20260910T045514538927Z,,fixed_any_budget,915.0,A,200,1,False,True,,0.07800710442255365,,,/srv/bulk/samteway/lab-data/tracking-jitter-20260910-v1/captures/block-20260910T045514538927Z-r1-A-200us-20260910T045618.833367Z/run.json,after
block-20260910T045514538927Z,,fixed_any_budget,915.0,A,200,1,True,True,,0.021597607052731206,,,/srv/bulk/samteway/lab-data/tracking-jitter-20260910-v1/captures/block-20260910T045514538927Z-r1-A-200us-control-20260910T045628.080028Z/run.json,after
block-20260910T045514538927Z,,fixed_any_budget,915.0,A,1000,1,False,True,,0.04989291655693482,,,/srv/bulk/samteway/lab-data/tracking-jitter-20260910-v1/captures/block-20260910T045514538927Z-r1-A-1000us-20260910T045642.710270Z/run.json,after
block-20260910T045514538927Z,,fixed_any_budget,915.0,A,200,2,True,True,,0.05979652330104424,,,/srv/bulk/samteway/lab-data/tracking-jitter-20260910-v1/captures/block-20260910T045514538927Z-r2-A-200us-control-20260910T045657.713735Z/run.json,after
block-20260910T045514538927Z,,fixed_any_budget,915.0,A,200,2,False,True,,0.0593431245858864,,,/srv/bulk/samteway/lab-data/tracking-jitter-20260910-v1/captures/block-20260910T045514538927Z-r2-A-200us-20260910T045706.822999Z/run.json,after
block-20260910T045514538927Z,,fixed_any_budget,915.0,A,1000,2,False,True,,0.07436962283307899,,,/srv/bulk/samteway/lab-data/tracking-jitter-20260910-v1/captures/block-20260910T045514538927Z-r2-A-1000us-20260910T045721.592844Z/run.json,after
block-20260910T045514538927Z,,fixed_any_budget,915.0,A,200,3,True,True,,0.10209532807997378,,,/srv/bulk/samteway/lab-data/tracking-jitter-20260910-v1/captures/block-20260910T045514538927Z-r3-A-200us-control-20260910T045736.648370Z/run.json,after
block-20260910T045514538927Z,,fixed_any_budget,915.0,A,200,3,False,True,,0.09105960199324666,,,/srv/bulk/samteway/lab-data/tracking-jitter-20260910-v1/captures/block-20260910T045514538927Z-r3-A-200us-20260910T045746.070366Z/run.json,after
block-20260910T045514538927Z,,fixed_any_budget,915.0,A,1000,3,False,True,,0.08861314721496637,,,/srv/bulk/samteway/lab-data/tracking-jitter-20260910-v1/captures/block-20260910T045514538927Z-r3-A-1000us-20260910T045801.008246Z/run.json,after
block-20260911T030034179397Z,,fixed_any_budget,5811.0,A,200,1,True,False,,21.64371510827303,,,/srv/bulk/samteway/lab-data/tracking-jitter-20260911-resume-v1/captures/block-20260911T030034179397Z-r1-A-200us-control-20260911T030140.476776Z/run.json,after
block-20260911T030034179397Z,,fixed_any_budget,5811.0,A,100,1,False,False,,19.525564415350768,,,/srv/bulk/samteway/lab-data/tracking-jitter-20260911-resume-v1/captures/block-20260911T030034179397Z-r1-A-100us-20260911T030155.518839Z/run.json,after
block-20260911T030034179397Z,,fixed_any_budget,5811.0,A,50,1,False,False,,2.4697523645160806,,,/srv/bulk/samteway/lab-data/tracking-jitter-20260911-resume-v1/captures/block-20260911T030034179397Z-r1-A-50us-20260911T030210.161566Z/run.json,after
block-20260911T030034179397Z,,fixed_any_budget,5811.0,A,1000,1,False,True,,0.5031603476250038,,,/srv/bulk/samteway/lab-data/tracking-jitter-20260911-resume-v1/captures/block-20260911T030034179397Z-r1-A-1000us-20260911T030224.828843Z/run.json,after
block-20260911T030034179397Z,,fixed_any_budget,5811.0,A,200,1,False,False,,17.63799766780935,,,/srv/bulk/samteway/lab-data/tracking-jitter-20260911-resume-v1/captures/block-20260911T030034179397Z-r1-A-200us-20260911T030239.418851Z/run.json,after
block-20260911T030034179397Z,,fixed_any_budget,5811.0,A,25,1,False,False,,19.190454577187097,,,/srv/bulk/samteway/lab-data/tracking-jitter-20260911-resume-v1/captures/block-20260911T030034179397Z-r1-A-25us-20260911T030253.886334Z/run.json,after
block-20260911T030034179397Z,,fixed_any_budget,5811.0,A,50,2,False,False,,2.005353916550985,,,/srv/bulk/samteway/lab-data/tracking-jitter-20260911-resume-v1/captures/block-20260911T030034179397Z-r2-A-50us-20260911T030308.810799Z/run.json,after
block-20260911T030034179397Z,,fixed_any_budget,5811.0,A,1000,2,False,True,,0.6159593471183005,,,/srv/bulk/samteway/lab-data/tracking-jitter-20260911-resume-v1/captures/block-20260911T030034179397Z-r2-A-1000us-20260911T030323.780170Z/run.json,after
block-20260911T030034179397Z,,fixed_any_budget,5811.0,A,25,2,False,False,,18.35753871234783,,,/srv/bulk/samteway/lab-data/tracking-jitter-20260911-resume-v1/captures/block-20260911T030034179397Z-r2-A-25us-20260911T030338.660580Z/run.json,after
block-20260911T030034179397Z,,fixed_any_budget,5811.0,A,200,2,True,True,,0.5592781488824373,,,/srv/bulk/samteway/lab-data/tracking-jitter-20260911-resume-v1/captures/block-20260911T030034179397Z-r2-A-200us-control-20260911T030353.861756Z/run.json,after
block-20260911T030034179397Z,,fixed_any_budget,5811.0,A,200,2,False,False,,20.056696540522985,,,/srv/bulk/samteway/lab-data/tracking-jitter-20260911-resume-v1/captures/block-20260911T030034179397Z-r2-A-200us-20260911T030403.433127Z/run.json,after
block-20260911T030034179397Z,,fixed_any_budget,5811.0,A,100,2,False,True,,0.7239213369176598,,,/srv/bulk/samteway/lab-data/tracking-jitter-20260911-resume-v1/captures/block-20260911T030034179397Z-r2-A-100us-20260911T030418.572003Z/run.json,after
block-20260911T030034179397Z,,fixed_any_budget,5811.0,A,200,3,False,False,,21.896189461406557,,,/srv/bulk/samteway/lab-data/tracking-jitter-20260911-resume-v1/captures/block-20260911T030034179397Z-r3-A-200us-20260911T030433.634680Z/run.json,after
block-20260911T030034179397Z,,fixed_any_budget,5811.0,A,50,3,False,False,,25.994146987141107,,,/srv/bulk/samteway/lab-data/tracking-jitter-20260911-resume-v1/captures/block-20260911T030034179397Z-r3-A-50us-20260911T030448.753873Z/run.json,after
block-20260911T030034179397Z,,fixed_any_budget,5811.0,A,1000,3,False,True,,0.5057175674107275,,,/srv/bulk/samteway/lab-data/tracking-jitter-20260911-resume-v1/captures/block-20260911T030034179397Z-r3-A-1000us-20260911T030503.842112Z/run.json,after
block-20260911T030034179397Z,,fixed_any_budget,5811.0,A,200,3,True,False,,20.747533390879415,,,/srv/bulk/samteway/lab-data/tracking-jitter-20260911-resume-v1/captures/block-20260911T030034179397Z-r3-A-200us-control-20260911T030519.085132Z/run.json,after
block-20260911T030034179397Z,,fixed_any_budget,5811.0,A,25,3,False,False,,23.864723515357845,,,/srv/bulk/samteway/lab-data/tracking-jitter-20260911-resume-v1/captures/block-20260911T030034179397Z-r3-A-25us-20260911T030534.092264Z/run.json,after
block-20260911T030034179397Z,,fixed_any_budget,5811.0,A,100,3,False,False,,1.0861174583034143,,,/srv/bulk/samteway/lab-data/tracking-jitter-20260911-resume-v1/captures/block-20260911T030034179397Z-r3-A-100us-20260911T030548.770696Z/run.json,after
block-20260911T030757473520Z,,fixed_any_budget,5811.0,A,1000,1,True,True,,0.5055016535519152,,,/srv/bulk/samteway/lab-data/tracking-jitter-20260911-resume-v1/captures/block-20260911T030757473520Z-r1-A-1000us-control-20260911T031004.334697Z/run.json,after
block-20260911T030757473520Z,,fixed_any_budget,5811.0,B,100,1,False,False,,15.853632410135807,,,/srv/bulk/samteway/lab-data/tracking-jitter-20260911-resume-v1/captures/block-20260911T030757473520Z-r1-B-100us-20260911T031019.311620Z/run.json,after
block-20260911T030757473520Z,,fixed_any_budget,5811.0,B,50,1,False,False,,2.0964372538661817,,,/srv/bulk/samteway/lab-data/tracking-jitter-20260911-resume-v1/captures/block-20260911T030757473520Z-r1-B-50us-20260911T031035.732358Z/run.json,after
block-20260911T030757473520Z,,fixed_any_budget,5811.0,B,1000,1,False,True,,0.44317491426011946,,,/srv/bulk/samteway/lab-data/tracking-jitter-20260911-resume-v1/captures/block-20260911T030757473520Z-r1-B-1000us-20260911T031054.451532Z/run.json,after
block-20260911T030757473520Z,,fixed_any_budget,5811.0,A,200,1,True,False,,16.064455039625894,,,/srv/bulk/samteway/lab-data/tracking-jitter-20260911-resume-v1/captures/block-20260911T030757473520Z-r1-A-200us-control-20260911T031110.379619Z/run.json,after
block-20260911T030757473520Z,,fixed_any_budget,5811.0,B,200,1,False,True,,0.6104288372203792,,,/srv/bulk/samteway/lab-data/tracking-jitter-20260911-resume-v1/captures/block-20260911T030757473520Z-r1-B-200us-20260911T031119.123425Z/run.json,after
block-20260911T030757473520Z,,fixed_any_budget,5811.0,B,25,1,False,False,,3.7881589073764443,,,/srv/bulk/samteway/lab-data/tracking-jitter-20260911-resume-v1/captures/block-20260911T030757473520Z-r1-B-25us-20260911T031134.854438Z/run.json,after
block-20260911T030757473520Z,,fixed_any_budget,5811.0,B,50,2,False,False,,13.454728310317423,,,/srv/bulk/samteway/lab-data/tracking-jitter-20260911-resume-v1/captures/block-20260911T030757473520Z-r2-B-50us-20260911T031150.020758Z/run.json,after
block-20260911T030757473520Z,,fixed_any_budget,5811.0,B,1000,2,False,True,,0.6889783744320264,,,/srv/bulk/samteway/lab-data/tracking-jitter-20260911-resume-v1/captures/block-20260911T030757473520Z-r2-B-1000us-20260911T031205.514497Z/run.json,after
block-20260911T030757473520Z,,fixed_any_budget,5811.0,B,25,2,False,False,,9.131077799149198,,,/srv/bulk/samteway/lab-data/tracking-jitter-20260911-resume-v1/captures/block-20260911T030757473520Z-r2-B-25us-20260911T031220.578912Z/run.json,after
block-20260911T030757473520Z,,fixed_any_budget,5811.0,B,100,2,False,False,,16.341289978358667,,,/srv/bulk/samteway/lab-data/tracking-jitter-20260911-resume-v1/captures/block-20260911T030757473520Z-r2-B-100us-20260911T031236.638569Z/run.json,after
block-20260911T030757473520Z,,fixed_any_budget,5811.0,B,200,2,False,False,,21.432150991200544,,,/srv/bulk/samteway/lab-data/tracking-jitter-20260911-resume-v1/captures/block-20260911T030757473520Z-r2-B-200us-20260911T031251.824595Z/run.json,after
block-20260911T030757473520Z,,fixed_any_budget,5811.0,A,200,2,True,False,,20.05927873682447,,,/srv/bulk/samteway/lab-data/tracking-jitter-20260911-resume-v1/captures/block-20260911T030757473520Z-r2-A-200us-control-20260911T031301.478798Z/run.json,after
block-20260911T030757473520Z,,fixed_any_budget,5811.0,A,1000,2,True,False,,1.0582496682161584,,,/srv/bulk/samteway/lab-data/tracking-jitter-20260911-resume-v1/captures/block-20260911T030757473520Z-r2-A-1000us-control-20260911T031315.984771Z/run.json,after
block-20260911T030757473520Z,,fixed_any_budget,5811.0,A,200,3,True,False,,20.198125768890804,,,/srv/bulk/samteway/lab-data/tracking-jitter-20260911-resume-v1/captures/block-20260911T030757473520Z-r3-A-200us-control-20260911T031330.420743Z/run.json,after
block-20260911T030757473520Z,,fixed_any_budget,5811.0,B,200,3,False,False,,23.187031408951864,,,/srv/bulk/samteway/lab-data/tracking-jitter-20260911-resume-v1/captures/block-20260911T030757473520Z-r3-B-200us-20260911T031339.511415Z/run.json,after
block-20260911T030757473520Z,,fixed_any_budget,5811.0,B,1000,3,False,False,,0.9785949314704601,,,/srv/bulk/samteway/lab-data/tracking-jitter-20260911-resume-v1/captures/block-20260911T030757473520Z-r3-B-1000us-20260911T031354.987073Z/run.json,after
block-20260911T030757473520Z,,fixed_any_budget,5811.0,B,50,3,False,False,,2.4269555529551488,,,/srv/bulk/samteway/lab-data/tracking-jitter-20260911-resume-v1/captures/block-20260911T030757473520Z-r3-B-50us-20260911T031410.152053Z/run.json,after
block-20260911T030757473520Z,,fixed_any_budget,5811.0,A,1000,3,True,False,,1.4160962308378613,,,/srv/bulk/samteway/lab-data/tracking-jitter-20260911-resume-v1/captures/block-20260911T030757473520Z-r3-A-1000us-control-20260911T031425.281402Z/run.json,after
block-20260911T030757473520Z,,fixed_any_budget,5811.0,B,25,3,False,False,,4.725771098567412,,,/srv/bulk/samteway/lab-data/tracking-jitter-20260911-resume-v1/captures/block-20260911T030757473520Z-r3-B-25us-20260911T031439.481149Z/run.json,after
block-20260911T030757473520Z,,fixed_any_budget,5811.0,B,100,3,False,False,,1.57193665152179,,,/srv/bulk/samteway/lab-data/tracking-jitter-20260911-resume-v1/captures/block-20260911T030757473520Z-r3-B-100us-20260911T031454.986233Z/run.json,after
block-20260911T031816349144Z,,fixed_any_budget,5811.0,A,1000,1,True,True,,0.3251134763375728,,,/srv/bulk/samteway/lab-data/tracking-jitter-20260911-resume-v1/captures/block-20260911T031816349144Z-r1-A-1000us-control-20260911T032020.993161Z/run.json,after
block-20260911T031816349144Z,,fixed_any_budget,5811.0,D,100,1,False,True,,0.3115658652547033,,,/srv/bulk/samteway/lab-data/tracking-jitter-20260911-resume-v1/captures/block-20260911T031816349144Z-r1-D-100us-20260911T032035.259703Z/run.json,after
block-20260911T031816349144Z,,fixed_any_budget,5811.0,D,50,1,False,False,,15.506203371101934,,,/srv/bulk/samteway/lab-data/tracking-jitter-20260911-resume-v1/captures/block-20260911T031816349144Z-r1-D-50us-20260911T032051.280707Z/run.json,after
block-20260911T031816349144Z,,fixed_any_budget,5811.0,D,1000,1,False,True,,0.29076722099497904,,,/srv/bulk/samteway/lab-data/tracking-jitter-20260911-resume-v1/captures/block-20260911T031816349144Z-r1-D-1000us-20260911T032106.542437Z/run.json,after
block-20260911T031816349144Z,,fixed_any_budget,5811.0,A,200,1,True,False,,23.451726340205354,,,/srv/bulk/samteway/lab-data/tracking-jitter-20260911-resume-v1/captures/block-20260911T031816349144Z-r1-A-200us-control-20260911T032121.981310Z/run.json,after
block-20260911T031816349144Z,,fixed_any_budget,5811.0,D,200,1,False,False,,23.166266571347762,,,/srv/bulk/samteway/lab-data/tracking-jitter-20260911-resume-v1/captures/block-20260911T031816349144Z-r1-D-200us-20260911T032130.958306Z/run.json,after
block-20260911T031816349144Z,,fixed_any_budget,5811.0,D,25,1,False,False,,21.73891480198511,,,/srv/bulk/samteway/lab-data/tracking-jitter-20260911-resume-v1/captures/block-20260911T031816349144Z-r1-D-25us-20260911T032146.751898Z/run.json,after
block-20260911T031816349144Z,,fixed_any_budget,5811.0,D,50,2,False,False,,26.285248000339287,,,/srv/bulk/samteway/lab-data/tracking-jitter-20260911-resume-v1/captures/block-20260911T031816349144Z-r2-D-50us-20260911T032202.770002Z/run.json,after
block-20260911T031816349144Z,,fixed_any_budget,5811.0,D,1000,2,False,True,,0.30587917373085144,,,/srv/bulk/samteway/lab-data/tracking-jitter-20260911-resume-v1/captures/block-20260911T031816349144Z-r2-D-1000us-20260911T032218.122131Z/run.json,after
block-20260911T031816349144Z,,fixed_any_budget,5811.0,D,25,2,False,False,,4.090010335361142,,,/srv/bulk/samteway/lab-data/tracking-jitter-20260911-resume-v1/captures/block-20260911T031816349144Z-r2-D-25us-20260911T032233.814651Z/run.json,after
block-20260911T031816349144Z,,fixed_any_budget,5811.0,D,100,2,False,False,,16.407603812045274,,,/srv/bulk/samteway/lab-data/tracking-jitter-20260911-resume-v1/captures/block-20260911T031816349144Z-r2-D-100us-20260911T032249.366925Z/run.json,after
block-20260911T031816349144Z,,fixed_any_budget,5811.0,D,200,2,False,False,,21.16421122061513,,,/srv/bulk/samteway/lab-data/tracking-jitter-20260911-resume-v1/captures/block-20260911T031816349144Z-r2-D-200us-20260911T032305.353958Z/run.json,after
block-20260911T031816349144Z,,fixed_any_budget,5811.0,A,200,2,True,False,,17.86375331378713,,,/srv/bulk/samteway/lab-data/tracking-jitter-20260911-resume-v1/captures/block-20260911T031816349144Z-r2-A-200us-control-20260911T032315.664520Z/run.json,after
block-20260911T031816349144Z,,fixed_any_budget,5811.0,A,1000,2,True,True,,0.21958473529618,,,/srv/bulk/samteway/lab-data/tracking-jitter-20260911-resume-v1/captures/block-20260911T031816349144Z-r2-A-1000us-control-20260911T032330.309574Z/run.json,after
block-20260911T031816349144Z,,fixed_any_budget,5811.0,A,200,3,True,False,,23.603297160824418,,,/srv/bulk/samteway/lab-data/tracking-jitter-20260911-resume-v1/captures/block-20260911T031816349144Z-r3-A-200us-control-20260911T032344.887969Z/run.json,after
block-20260911T031816349144Z,,fixed_any_budget,5811.0,D,200,3,False,False,,21.158965992017777,,,/srv/bulk/samteway/lab-data/tracking-jitter-20260911-resume-v1/captures/block-20260911T031816349144Z-r3-D-200us-20260911T032353.880095Z/run.json,after
block-20260911T031816349144Z,,fixed_any_budget,5811.0,D,1000,3,False,True,,0.4520861915489868,,,/srv/bulk/samteway/lab-data/tracking-jitter-20260911-resume-v1/captures/block-20260911T031816349144Z-r3-D-1000us-20260911T032409.212470Z/run.json,after
block-20260911T031816349144Z,,fixed_any_budget,5811.0,D,50,3,False,False,,1.7473415951622724,,,/srv/bulk/samteway/lab-data/tracking-jitter-20260911-resume-v1/captures/block-20260911T031816349144Z-r3-D-50us-20260911T032424.095676Z/run.json,after
block-20260911T031816349144Z,,fixed_any_budget,5811.0,A,1000,3,True,True,,0.5107365776225368,,,/srv/bulk/samteway/lab-data/tracking-jitter-20260911-resume-v1/captures/block-20260911T031816349144Z-r3-A-1000us-control-20260911T032439.468686Z/run.json,after
block-20260911T031816349144Z,,fixed_any_budget,5811.0,D,25,3,False,False,,6.216702312385278,,,/srv/bulk/samteway/lab-data/tracking-jitter-20260911-resume-v1/captures/block-20260911T031816349144Z-r3-D-25us-20260911T032454.125436Z/run.json,after
block-20260911T031816349144Z,,fixed_any_budget,5811.0,D,100,3,False,True,,0.6083866026928095,,,/srv/bulk/samteway/lab-data/tracking-jitter-20260911-resume-v1/captures/block-20260911T031816349144Z-r3-D-100us-20260911T032511.841264Z/run.json,after
