frequency_hz,tx_port,status,frequency_difference_qualified,phase_10deg_wall_latency_ms,full_bearing_deg,full_bearing_valid,full_bearing_residual_phase_rms_deg,nominal_51mm_bearing_deg,nominal_51mm_valid,error,run_json
5726000000,TX1,analyzed,True,11.952,8.75,False,31.668169305106076,9.25,False,,/srv/bulk/samteway/lab-data/tracking-jitter-20260911-resume-v1/captures/dense-5726000000-tx1-20260911T032904.893917Z/run.json
5726000000,TX2,analyzed,True,5.976,348.25,False,59.454366177940194,349.0,False,,/srv/bulk/samteway/lab-data/tracking-jitter-20260911-resume-v1/captures/dense-5726000000-tx2-20260911T032913.959827Z/run.json
5727000000,TX1,analyzed,True,11.952,301.5,False,61.27337998419977,302.75,False,,/srv/bulk/samteway/lab-data/tracking-jitter-20260911-resume-v1/captures/dense-5727000000-tx1-20260911T032923.086067Z/run.json
5727000000,TX2,analyzed,True,5.976,160.75,True,29.27678007291821,161.25,True,,/srv/bulk/samteway/lab-data/tracking-jitter-20260911-resume-v1/captures/dense-5727000000-tx2-20260911T032932.190138Z/run.json
5728000000,TX1,analyzed,True,23.904,350.0,False,38.84526694536108,348.25,False,,/srv/bulk/samteway/lab-data/tracking-jitter-20260911-resume-v1/captures/dense-5728000000-tx1-20260911T032941.217630Z/run.json
5728000000,TX2,analyzed,True,5.976,161.0,True,27.673542868303638,161.25,True,,/srv/bulk/samteway/lab-data/tracking-jitter-20260911-resume-v1/captures/dense-5728000000-tx2-20260911T032950.305459Z/run.json
5729000000,TX1,analyzed,True,11.952,269.0,False,68.86923838839579,267.75,False,,/srv/bulk/samteway/lab-data/tracking-jitter-20260911-resume-v1/captures/dense-5729000000-tx1-20260911T032959.316056Z/run.json
5729000000,TX2,analyzed,True,5.976,160.5,True,24.262782809159958,161.0,True,,/srv/bulk/samteway/lab-data/tracking-jitter-20260911-resume-v1/captures/dense-5729000000-tx2-20260911T033008.459360Z/run.json
5730000000,TX1,analyzed,True,11.952,267.25,False,61.781367773865995,266.5,False,,/srv/bulk/samteway/lab-data/tracking-jitter-20260911-resume-v1/captures/dense-5730000000-tx1-20260911T033017.489370Z/run.json
5730000000,TX2,analyzed,True,,284.25,False,54.24518361174917,283.75,False,,/srv/bulk/samteway/lab-data/tracking-jitter-20260911-resume-v1/captures/dense-5730000000-tx2-20260911T033026.444871Z/run.json
5731000000,TX1,analyzed,True,11.952,266.5,False,58.45503713673824,265.75,False,,/srv/bulk/samteway/lab-data/tracking-jitter-20260911-resume-v1/captures/dense-5731000000-tx1-20260911T033035.579809Z/run.json
5731000000,TX2,analyzed,True,5.976,160.5,True,23.1815351251451,161.0,True,,/srv/bulk/samteway/lab-data/tracking-jitter-20260911-resume-v1/captures/dense-5731000000-tx2-20260911T033044.910494Z/run.json
5732000000,TX1,analyzed,True,11.952,265.0,False,28.054416629467553,264.25,False,,/srv/bulk/samteway/lab-data/tracking-jitter-20260911-resume-v1/captures/dense-5732000000-tx1-20260911T033054.341074Z/run.json
5732000000,TX2,analyzed,True,5.976,160.5,True,23.536521585935414,160.75,True,,/srv/bulk/samteway/lab-data/tracking-jitter-20260911-resume-v1/captures/dense-5732000000-tx2-20260911T033103.460210Z/run.json
5733000000,TX1,analyzed,True,11.952,265.25,False,33.69745095522106,264.5,False,,/srv/bulk/samteway/lab-data/tracking-jitter-20260911-resume-v1/captures/dense-5733000000-tx1-20260911T033112.511741Z/run.json
5733000000,TX2,analyzed,True,5.976,160.5,True,23.85138436224185,160.75,True,,/srv/bulk/samteway/lab-data/tracking-jitter-20260911-resume-v1/captures/dense-5733000000-tx2-20260911T033121.743902Z/run.json
5734000000,TX1,analyzed,True,11.952,264.25,False,22.731738479199525,264.0,False,,/srv/bulk/samteway/lab-data/tracking-jitter-20260911-resume-v1/captures/dense-5734000000-tx1-20260911T033130.805894Z/run.json
5734000000,TX2,analyzed,True,5.976,160.0,True,21.724489519182,160.5,True,,/srv/bulk/samteway/lab-data/tracking-jitter-20260911-resume-v1/captures/dense-5734000000-tx2-20260911T033139.857333Z/run.json
5735000000,TX1,analyzed,True,5.976,265.25,False,34.44479305540268,265.0,False,,/srv/bulk/samteway/lab-data/tracking-jitter-20260911-resume-v1/captures/dense-5735000000-tx1-20260911T033149.162704Z/run.json
5735000000,TX2,analyzed,True,5.976,160.5,True,21.87213093494334,160.75,True,,/srv/bulk/samteway/lab-data/tracking-jitter-20260911-resume-v1/captures/dense-5735000000-tx2-20260911T033158.300695Z/run.json
5736000000,TX1,analyzed,True,11.952,264.0,False,52.947215349197144,264.0,False,,/srv/bulk/samteway/lab-data/tracking-jitter-20260911-resume-v1/captures/dense-5736000000-tx1-20260911T033208.698583Z/run.json
5736000000,TX2,analyzed,True,5.976,160.25,True,18.32320719662922,160.5,True,,/srv/bulk/samteway/lab-data/tracking-jitter-20260911-resume-v1/captures/dense-5736000000-tx2-20260911T033217.888308Z/run.json
5737000000,TX1,analyzed,True,11.96,264.25,False,63.150175177056234,264.25,False,,/srv/bulk/samteway/lab-data/tracking-jitter-20260911-resume-v1/captures/dense-5737000000-tx1-20260911T033227.409172Z/run.json
5737000000,TX2,analyzed,True,11.952,160.0,True,17.19237339603819,160.25,True,,/srv/bulk/samteway/lab-data/tracking-jitter-20260911-resume-v1/captures/dense-5737000000-tx2-20260911T033236.486794Z/run.json
5738000000,TX1,analyzed,True,11.952,264.5,False,54.10825005550039,264.25,False,,/srv/bulk/samteway/lab-data/tracking-jitter-20260911-resume-v1/captures/dense-5738000000-tx1-20260911T033245.620974Z/run.json
5738000000,TX2,analyzed,True,5.98,160.25,True,18.21188278294503,160.5,True,,/srv/bulk/samteway/lab-data/tracking-jitter-20260911-resume-v1/captures/dense-5738000000-tx2-20260911T033254.521055Z/run.json
5739000000,TX1,analyzed,True,11.96,263.5,False,56.62990399292396,263.5,False,,/srv/bulk/samteway/lab-data/tracking-jitter-20260911-resume-v1/captures/dense-5739000000-tx1-20260911T033303.575266Z/run.json
5739000000,TX2,analyzed,True,5.976,159.75,True,19.03418348149822,160.25,True,,/srv/bulk/samteway/lab-data/tracking-jitter-20260911-resume-v1/captures/dense-5739000000-tx2-20260911T033312.706001Z/run.json
5740000000,TX1,analyzed,True,11.952,262.75,False,53.564871640636376,262.75,False,,/srv/bulk/samteway/lab-data/tracking-jitter-20260911-resume-v1/captures/dense-5740000000-tx1-20260911T033321.638862Z/run.json
5740000000,TX2,analyzed,True,5.976,160.0,True,18.255781597973165,160.25,True,,/srv/bulk/samteway/lab-data/tracking-jitter-20260911-resume-v1/captures/dense-5740000000-tx2-20260911T033330.886530Z/run.json
5741000000,TX1,analyzed,True,11.952,264.25,False,53.37591420028097,264.0,False,,/srv/bulk/samteway/lab-data/tracking-jitter-20260911-resume-v1/captures/dense-5741000000-tx1-20260911T033339.975418Z/run.json
5741000000,TX2,analyzed,True,5.976,160.0,True,17.871285432667168,160.25,True,,/srv/bulk/samteway/lab-data/tracking-jitter-20260911-resume-v1/captures/dense-5741000000-tx2-20260911T033349.192245Z/run.json
5742000000,TX1,analyzed,True,11.952,262.75,False,53.161832229346125,262.75,False,,/srv/bulk/samteway/lab-data/tracking-jitter-20260911-resume-v1/captures/dense-5742000000-tx1-20260911T033358.363198Z/run.json
5742000000,TX2,analyzed,True,5.976,160.0,True,17.275226353774265,160.25,True,,/srv/bulk/samteway/lab-data/tracking-jitter-20260911-resume-v1/captures/dense-5742000000-tx2-20260911T033407.635434Z/run.json
5743000000,TX1,analyzed,True,11.952,263.5,False,51.215691713443086,263.25,False,,/srv/bulk/samteway/lab-data/tracking-jitter-20260911-resume-v1/captures/dense-5743000000-tx1-20260911T033416.977728Z/run.json
5743000000,TX2,analyzed,True,5.976,160.25,True,17.252963276938672,160.5,True,,/srv/bulk/samteway/lab-data/tracking-jitter-20260911-resume-v1/captures/dense-5743000000-tx2-20260911T033426.333505Z/run.json
5744000000,TX1,analyzed,True,11.952,263.5,False,51.52784401970271,263.5,False,,/srv/bulk/samteway/lab-data/tracking-jitter-20260911-resume-v1/captures/dense-5744000000-tx1-20260911T033435.622752Z/run.json
5744000000,TX2,analyzed,True,11.96,160.0,True,17.41072431421748,160.25,True,,/srv/bulk/samteway/lab-data/tracking-jitter-20260911-resume-v1/captures/dense-5744000000-tx2-20260911T033445.146105Z/run.json
5745000000,TX1,analyzed,True,11.952,263.5,False,51.40094740130024,263.5,False,,/srv/bulk/samteway/lab-data/tracking-jitter-20260911-resume-v1/captures/dense-5745000000-tx1-20260911T033454.251505Z/run.json
5745000000,TX2,analyzed,True,5.976,160.25,True,16.4756416992633,160.5,True,,/srv/bulk/samteway/lab-data/tracking-jitter-20260911-resume-v1/captures/dense-5745000000-tx2-20260911T033503.592827Z/run.json
5746000000,TX1,analyzed,True,11.952,264.25,False,49.00435321352172,264.0,False,,/srv/bulk/samteway/lab-data/tracking-jitter-20260911-resume-v1/captures/dense-5746000000-tx1-20260911T033512.969823Z/run.json
5746000000,TX2,analyzed,True,5.976,160.5,True,17.016435036705147,160.75,True,,/srv/bulk/samteway/lab-data/tracking-jitter-20260911-resume-v1/captures/dense-5746000000-tx2-20260911T033522.349955Z/run.json
5747000000,TX1,analyzed,True,5.976,264.5,False,48.276928554037454,264.5,False,,/srv/bulk/samteway/lab-data/tracking-jitter-20260911-resume-v1/captures/dense-5747000000-tx1-20260911T033532.007564Z/run.json
5747000000,TX2,analyzed,True,5.976,160.5,True,17.522419807218373,160.75,True,,/srv/bulk/samteway/lab-data/tracking-jitter-20260911-resume-v1/captures/dense-5747000000-tx2-20260911T033541.269237Z/run.json
5748000000,TX1,analyzed,True,11.952,265.5,False,45.0299415070324,265.25,False,,/srv/bulk/samteway/lab-data/tracking-jitter-20260911-resume-v1/captures/dense-5748000000-tx1-20260911T033550.753513Z/run.json
5748000000,TX2,analyzed,True,11.952,160.5,True,17.083502423535844,160.75,True,,/srv/bulk/samteway/lab-data/tracking-jitter-20260911-resume-v1/captures/dense-5748000000-tx2-20260911T033600.193290Z/run.json
5749000000,TX1,analyzed,True,11.952,264.75,False,44.70898902456266,264.5,False,,/srv/bulk/samteway/lab-data/tracking-jitter-20260911-resume-v1/captures/dense-5749000000-tx1-20260911T033609.254443Z/run.json
5749000000,TX2,analyzed,True,5.976,161.0,True,17.483841163586835,161.25,True,,/srv/bulk/samteway/lab-data/tracking-jitter-20260911-resume-v1/captures/dense-5749000000-tx2-20260911T033618.286074Z/run.json
5750000000,TX1,analyzed,True,11.952,265.25,False,43.90306748912597,265.0,False,,/srv/bulk/samteway/lab-data/tracking-jitter-20260911-resume-v1/captures/dense-5750000000-tx1-20260911T033627.380634Z/run.json
5750000000,TX2,analyzed,True,5.976,161.0,True,17.840675250024002,161.25,True,,/srv/bulk/samteway/lab-data/tracking-jitter-20260911-resume-v1/captures/dense-5750000000-tx2-20260911T033636.608158Z/run.json
5751000000,TX1,analyzed,True,11.952,265.25,False,41.33944089338003,265.25,False,,/srv/bulk/samteway/lab-data/tracking-jitter-20260911-resume-v1/captures/dense-5751000000-tx1-20260911T033645.477073Z/run.json
5751000000,TX2,analyzed,True,5.976,161.25,True,17.108621722432826,161.5,True,,/srv/bulk/samteway/lab-data/tracking-jitter-20260911-resume-v1/captures/dense-5751000000-tx2-20260911T033654.445797Z/run.json
5752000000,TX1,analyzed,True,11.952,87.75,False,55.382926807597855,88.0,False,,/srv/bulk/samteway/lab-data/tracking-jitter-20260911-resume-v1/captures/dense-5752000000-tx1-20260911T033703.468275Z/run.json
5752000000,TX2,analyzed,True,5.976,161.25,True,18.625603313973482,161.5,True,,/srv/bulk/samteway/lab-data/tracking-jitter-20260911-resume-v1/captures/dense-5752000000-tx2-20260911T033712.409110Z/run.json
5753000000,TX1,analyzed,True,11.952,329.75,False,46.40256009202312,329.25,False,,/srv/bulk/samteway/lab-data/tracking-jitter-20260911-resume-v1/captures/dense-5753000000-tx1-20260911T033721.505699Z/run.json
5753000000,TX2,analyzed,True,5.976,161.5,True,18.500963132779184,161.75,True,,/srv/bulk/samteway/lab-data/tracking-jitter-20260911-resume-v1/captures/dense-5753000000-tx2-20260911T033730.662986Z/run.json
5754000000,TX1,analyzed,True,11.952,155.25,False,40.564742517243076,155.25,False,,/srv/bulk/samteway/lab-data/tracking-jitter-20260911-resume-v1/captures/dense-5754000000-tx1-20260911T033740.005850Z/run.json
5754000000,TX2,analyzed,True,5.976,161.5,True,19.826092654735977,161.75,True,,/srv/bulk/samteway/lab-data/tracking-jitter-20260911-resume-v1/captures/dense-5754000000-tx2-20260911T033749.219421Z/run.json
5755000000,TX1,analyzed,True,11.952,265.5,False,44.101556818770185,265.5,False,,/srv/bulk/samteway/lab-data/tracking-jitter-20260911-resume-v1/captures/dense-5755000000-tx1-20260911T033758.361856Z/run.json
5755000000,TX2,analyzed,True,5.976,161.75,True,20.811488837284177,162.0,True,,/srv/bulk/samteway/lab-data/tracking-jitter-20260911-resume-v1/captures/dense-5755000000-tx2-20260911T033807.308806Z/run.json
5756000000,TX1,analyzed,True,11.952,265.5,False,45.47250160403534,265.5,False,,/srv/bulk/samteway/lab-data/tracking-jitter-20260911-resume-v1/captures/dense-5756000000-tx1-20260911T033816.281946Z/run.json
5756000000,TX2,analyzed,True,11.952,161.75,True,21.294019880435357,162.0,True,,/srv/bulk/samteway/lab-data/tracking-jitter-20260911-resume-v1/captures/dense-5756000000-tx2-20260911T033825.333288Z/run.json
5757000000,TX1,analyzed,True,11.952,329.25,False,44.09551424546667,328.75,False,,/srv/bulk/samteway/lab-data/tracking-jitter-20260911-resume-v1/captures/dense-5757000000-tx1-20260911T033834.451337Z/run.json
5757000000,TX2,analyzed,True,5.976,161.75,True,23.875202755695554,162.0,True,,/srv/bulk/samteway/lab-data/tracking-jitter-20260911-resume-v1/captures/dense-5757000000-tx2-20260911T033843.599810Z/run.json
5758000000,TX1,analyzed,True,11.952,265.75,False,48.26351954084838,265.75,False,,/srv/bulk/samteway/lab-data/tracking-jitter-20260911-resume-v1/captures/dense-5758000000-tx1-20260911T033852.947914Z/run.json
5758000000,TX2,analyzed,True,5.976,161.75,True,25.51174867431288,162.0,True,,/srv/bulk/samteway/lab-data/tracking-jitter-20260911-resume-v1/captures/dense-5758000000-tx2-20260911T033902.034869Z/run.json
5759000000,TX1,analyzed,True,11.952,330.0,False,44.19187952369931,329.5,False,,/srv/bulk/samteway/lab-data/tracking-jitter-20260911-resume-v1/captures/dense-5759000000-tx1-20260911T033911.753944Z/run.json
5759000000,TX2,analyzed,True,11.952,161.75,True,25.583908292990724,162.0,True,,/srv/bulk/samteway/lab-data/tracking-jitter-20260911-resume-v1/captures/dense-5759000000-tx2-20260911T033921.227792Z/run.json
5760000000,TX1,analyzed,True,11.952,265.5,False,54.57762299549008,265.5,False,,/srv/bulk/samteway/lab-data/tracking-jitter-20260911-resume-v1/captures/dense-5760000000-tx1-20260911T033930.362685Z/run.json
5760000000,TX2,analyzed,True,11.952,161.25,True,26.13318143476995,161.5,True,,/srv/bulk/samteway/lab-data/tracking-jitter-20260911-resume-v1/captures/dense-5760000000-tx2-20260911T033939.448749Z/run.json
5761000000,TX1,analyzed,True,11.952,265.25,False,55.93086937503173,265.25,False,,/srv/bulk/samteway/lab-data/tracking-jitter-20260911-resume-v1/captures/dense-5761000000-tx1-20260911T033948.679473Z/run.json
5761000000,TX2,analyzed,True,11.952,161.5,True,26.104299298990593,161.75,True,,/srv/bulk/samteway/lab-data/tracking-jitter-20260911-resume-v1/captures/dense-5761000000-tx2-20260911T033957.927375Z/run.json
5762000000,TX1,analyzed,True,11.952,265.5,False,56.47874036253327,265.5,False,,/srv/bulk/samteway/lab-data/tracking-jitter-20260911-resume-v1/captures/dense-5762000000-tx1-20260911T034007.078678Z/run.json
5762000000,TX2,analyzed,True,11.952,161.25,True,28.19460194050765,161.5,True,,/srv/bulk/samteway/lab-data/tracking-jitter-20260911-resume-v1/captures/dense-5762000000-tx2-20260911T034016.220041Z/run.json
5763000000,TX1,analyzed,True,11.952,265.75,False,57.24484061471649,265.75,False,,/srv/bulk/samteway/lab-data/tracking-jitter-20260911-resume-v1/captures/dense-5763000000-tx1-20260911T034025.581036Z/run.json
5763000000,TX2,analyzed,True,,283.25,False,44.94580323296243,76.75,False,,/srv/bulk/samteway/lab-data/tracking-jitter-20260911-resume-v1/captures/dense-5763000000-tx2-20260911T034035.144449Z/run.json
5764000000,TX1,analyzed,True,11.952,265.0,False,60.48386040577669,265.0,False,,/srv/bulk/samteway/lab-data/tracking-jitter-20260911-resume-v1/captures/dense-5764000000-tx1-20260911T034044.532186Z/run.json
5764000000,TX2,analyzed,True,11.96,161.0,True,27.93025331087435,161.25,True,,/srv/bulk/samteway/lab-data/tracking-jitter-20260911-resume-v1/captures/dense-5764000000-tx2-20260911T034053.749399Z/run.json
5765000000,TX1,analyzed,True,11.952,265.0,False,60.13538459655871,265.25,False,,/srv/bulk/samteway/lab-data/tracking-jitter-20260911-resume-v1/captures/dense-5765000000-tx1-20260911T034103.078053Z/run.json
5765000000,TX2,analyzed,True,11.952,160.5,True,28.276345845770788,160.75,True,,/srv/bulk/samteway/lab-data/tracking-jitter-20260911-resume-v1/captures/dense-5765000000-tx2-20260911T034112.185657Z/run.json
5766000000,TX1,analyzed,True,11.952,264.5,False,61.10113866122787,264.5,False,,/srv/bulk/samteway/lab-data/tracking-jitter-20260911-resume-v1/captures/dense-5766000000-tx1-20260911T034121.667351Z/run.json
5766000000,TX2,analyzed,True,11.952,160.0,True,27.979168721464696,160.25,True,,/srv/bulk/samteway/lab-data/tracking-jitter-20260911-resume-v1/captures/dense-5766000000-tx2-20260911T034130.831899Z/run.json
5767000000,TX1,analyzed,True,11.952,264.75,False,61.37100530425009,265.0,False,,/srv/bulk/samteway/lab-data/tracking-jitter-20260911-resume-v1/captures/dense-5767000000-tx1-20260911T034139.939257Z/run.json
5767000000,TX2,analyzed,True,11.952,160.25,True,27.60672548060918,160.5,True,,/srv/bulk/samteway/lab-data/tracking-jitter-20260911-resume-v1/captures/dense-5767000000-tx2-20260911T034149.111768Z/run.json
5768000000,TX1,analyzed,True,11.952,264.75,False,60.33985935349298,265.0,False,,/srv/bulk/samteway/lab-data/tracking-jitter-20260911-resume-v1/captures/dense-5768000000-tx1-20260911T034158.131117Z/run.json
5768000000,TX2,analyzed,True,11.952,160.0,True,27.96417137693366,160.25,True,,/srv/bulk/samteway/lab-data/tracking-jitter-20260911-resume-v1/captures/dense-5768000000-tx2-20260911T034207.693124Z/run.json
5769000000,TX1,analyzed,True,11.952,264.25,False,61.51443177857504,264.5,False,,/srv/bulk/samteway/lab-data/tracking-jitter-20260911-resume-v1/captures/dense-5769000000-tx1-20260911T034216.896837Z/run.json
5769000000,TX2,analyzed,True,11.952,159.75,True,27.786571631737022,160.0,True,,/srv/bulk/samteway/lab-data/tracking-jitter-20260911-resume-v1/captures/dense-5769000000-tx2-20260911T034226.081750Z/run.json
5770000000,TX1,analyzed,True,11.96,85.0,False,52.56171204432552,327.75,False,,/srv/bulk/samteway/lab-data/tracking-jitter-20260911-resume-v1/captures/dense-5770000000-tx1-20260911T034235.223618Z/run.json
5770000000,TX2,analyzed,True,11.96,159.5,True,27.230358285605618,159.75,True,,/srv/bulk/samteway/lab-data/tracking-jitter-20260911-resume-v1/captures/dense-5770000000-tx2-20260911T034244.314383Z/run.json
5771000000,TX1,analyzed,True,11.96,264.25,False,61.516278010706074,264.5,False,,/srv/bulk/samteway/lab-data/tracking-jitter-20260911-resume-v1/captures/dense-5771000000-tx1-20260911T034253.560174Z/run.json
5771000000,TX2,analyzed,True,11.96,158.5,True,26.09737055302016,158.5,True,,/srv/bulk/samteway/lab-data/tracking-jitter-20260911-resume-v1/captures/dense-5771000000-tx2-20260911T034302.844444Z/run.json
5772000000,TX1,analyzed,True,11.96,264.5,False,60.69056629502085,264.75,False,,/srv/bulk/samteway/lab-data/tracking-jitter-20260911-resume-v1/captures/dense-5772000000-tx1-20260911T034313.324203Z/run.json
5772000000,TX2,analyzed,True,11.96,159.0,True,26.657394278563995,159.25,True,,/srv/bulk/samteway/lab-data/tracking-jitter-20260911-resume-v1/captures/dense-5772000000-tx2-20260911T034322.623886Z/run.json
5773000000,TX1,analyzed,True,11.952,264.75,False,60.99054384637863,265.0,False,,/srv/bulk/samteway/lab-data/tracking-jitter-20260911-resume-v1/captures/dense-5773000000-tx1-20260911T034331.899992Z/run.json
5773000000,TX2,analyzed,True,11.952,158.75,True,25.765528901305412,159.0,True,,/srv/bulk/samteway/lab-data/tracking-jitter-20260911-resume-v1/captures/dense-5773000000-tx2-20260911T034341.187258Z/run.json
5774000000,TX1,analyzed,True,11.952,265.25,False,59.862543145781636,265.5,False,,/srv/bulk/samteway/lab-data/tracking-jitter-20260911-resume-v1/captures/dense-5774000000-tx1-20260911T034350.301285Z/run.json
5774000000,TX2,analyzed,True,11.952,158.75,True,24.934115103107338,158.75,True,,/srv/bulk/samteway/lab-data/tracking-jitter-20260911-resume-v1/captures/dense-5774000000-tx2-20260911T034359.224086Z/run.json
5775000000,TX1,analyzed,True,11.952,265.5,False,59.820748145704734,265.75,False,,/srv/bulk/samteway/lab-data/tracking-jitter-20260911-resume-v1/captures/dense-5775000000-tx1-20260911T034409.851896Z/run.json
5775000000,TX2,analyzed,True,11.952,158.75,True,24.76916755603483,159.0,True,,/srv/bulk/samteway/lab-data/tracking-jitter-20260911-resume-v1/captures/dense-5775000000-tx2-20260911T034418.880276Z/run.json
5776000000,TX1,analyzed,True,11.952,265.25,False,59.72113577361508,265.5,False,,/srv/bulk/samteway/lab-data/tracking-jitter-20260911-resume-v1/captures/dense-5776000000-tx1-20260911T034427.827202Z/run.json
5776000000,TX2,analyzed,True,11.952,159.0,True,24.81393287559635,159.0,True,,/srv/bulk/samteway/lab-data/tracking-jitter-20260911-resume-v1/captures/dense-5776000000-tx2-20260911T034436.862843Z/run.json
5777000000,TX1,analyzed,True,11.952,265.25,False,58.57463008397056,265.5,False,,/srv/bulk/samteway/lab-data/tracking-jitter-20260911-resume-v1/captures/dense-5777000000-tx1-20260911T034445.912690Z/run.json
5777000000,TX2,analyzed,True,11.952,158.75,True,25.01562561959629,159.0,True,,/srv/bulk/samteway/lab-data/tracking-jitter-20260911-resume-v1/captures/dense-5777000000-tx2-20260911T034454.974237Z/run.json
5778000000,TX1,analyzed,True,11.96,266.25,False,57.739214817571316,266.5,False,,/srv/bulk/samteway/lab-data/tracking-jitter-20260911-resume-v1/captures/dense-5778000000-tx1-20260911T034504.087457Z/run.json
5778000000,TX2,analyzed,True,11.952,159.0,True,24.151811493534776,159.0,True,,/srv/bulk/samteway/lab-data/tracking-jitter-20260911-resume-v1/captures/dense-5778000000-tx2-20260911T034514.850016Z/run.json
5779000000,TX1,analyzed,True,23.904,266.25,False,57.11472235734452,266.5,False,,/srv/bulk/samteway/lab-data/tracking-jitter-20260911-resume-v1/captures/dense-5779000000-tx1-20260911T034524.070155Z/run.json
5779000000,TX2,analyzed,True,11.96,159.0,True,24.588105633018912,159.25,True,,/srv/bulk/samteway/lab-data/tracking-jitter-20260911-resume-v1/captures/dense-5779000000-tx2-20260911T034533.175397Z/run.json
5780000000,TX1,analyzed,True,11.952,266.0,False,57.466277050836766,266.0,False,,/srv/bulk/samteway/lab-data/tracking-jitter-20260911-resume-v1/captures/dense-5780000000-tx1-20260911T034542.070002Z/run.json
5780000000,TX2,analyzed,True,11.952,159.25,True,24.347793599559893,159.5,True,,/srv/bulk/samteway/lab-data/tracking-jitter-20260911-resume-v1/captures/dense-5780000000-tx2-20260911T034551.275615Z/run.json
5781000000,TX1,analyzed,True,23.904,85.0,False,52.690600114652085,85.5,False,,/srv/bulk/samteway/lab-data/tracking-jitter-20260911-resume-v1/captures/dense-5781000000-tx1-20260911T034600.370038Z/run.json
5781000000,TX2,analyzed,True,11.952,159.5,True,24.695956819898257,159.75,True,,/srv/bulk/samteway/lab-data/tracking-jitter-20260911-resume-v1/captures/dense-5781000000-tx2-20260911T034609.294616Z/run.json
5782000000,TX1,analyzed,True,11.952,265.5,False,57.89060770046391,265.75,False,,/srv/bulk/samteway/lab-data/tracking-jitter-20260911-resume-v1/captures/dense-5782000000-tx1-20260911T034618.474846Z/run.json
5782000000,TX2,analyzed,True,11.952,159.75,True,24.703598204253204,160.0,True,,/srv/bulk/samteway/lab-data/tracking-jitter-20260911-resume-v1/captures/dense-5782000000-tx2-20260911T034627.519826Z/run.json
5783000000,TX1,analyzed,True,11.952,265.5,False,57.65553956405395,265.75,False,,/srv/bulk/samteway/lab-data/tracking-jitter-20260911-resume-v1/captures/dense-5783000000-tx1-20260911T034636.602098Z/run.json
5783000000,TX2,analyzed,True,11.952,159.75,True,24.73756719305401,160.0,True,,/srv/bulk/samteway/lab-data/tracking-jitter-20260911-resume-v1/captures/dense-5783000000-tx2-20260911T034645.601335Z/run.json
5784000000,TX1,analyzed,True,23.904,265.25,False,57.79569443009423,265.5,False,,/srv/bulk/samteway/lab-data/tracking-jitter-20260911-resume-v1/captures/dense-5784000000-tx1-20260911T034654.901314Z/run.json
5784000000,TX2,analyzed,True,11.952,160.0,True,25.230184902504117,160.25,True,,/srv/bulk/samteway/lab-data/tracking-jitter-20260911-resume-v1/captures/dense-5784000000-tx2-20260911T034704.157882Z/run.json
5785000000,TX1,analyzed,True,23.904,265.25,False,57.68252155425568,265.25,False,,/srv/bulk/samteway/lab-data/tracking-jitter-20260911-resume-v1/captures/dense-5785000000-tx1-20260911T034713.327247Z/run.json
5785000000,TX2,analyzed,True,11.952,160.5,True,24.957559234734223,160.75,True,,/srv/bulk/samteway/lab-data/tracking-jitter-20260911-resume-v1/captures/dense-5785000000-tx2-20260911T034722.783445Z/run.json
5786000000,TX1,analyzed,True,23.904,84.25,False,58.04067596569242,84.75,False,,/srv/bulk/samteway/lab-data/tracking-jitter-20260911-resume-v1/captures/dense-5786000000-tx1-20260911T034731.971827Z/run.json
5786000000,TX2,analyzed,True,11.952,160.5,True,24.827671836077446,160.75,True,,/srv/bulk/samteway/lab-data/tracking-jitter-20260911-resume-v1/captures/dense-5786000000-tx2-20260911T034741.068109Z/run.json
5787000000,TX1,analyzed,True,23.904,265.0,False,57.78084589736522,265.0,False,,/srv/bulk/samteway/lab-data/tracking-jitter-20260911-resume-v1/captures/dense-5787000000-tx1-20260911T034750.201344Z/run.json
5787000000,TX2,analyzed,True,11.952,160.75,True,24.894450125940775,160.75,True,,/srv/bulk/samteway/lab-data/tracking-jitter-20260911-resume-v1/captures/dense-5787000000-tx2-20260911T034759.201589Z/run.json
5788000000,TX1,analyzed,True,23.904,329.0,False,46.33402741373823,328.75,False,,/srv/bulk/samteway/lab-data/tracking-jitter-20260911-resume-v1/captures/dense-5788000000-tx1-20260911T034808.479485Z/run.json
5788000000,TX2,analyzed,True,11.952,161.0,True,25.344670958230477,161.0,True,,/srv/bulk/samteway/lab-data/tracking-jitter-20260911-resume-v1/captures/dense-5788000000-tx2-20260911T034818.272225Z/run.json
5789000000,TX1,analyzed,True,23.904,264.0,False,58.59812540196993,264.25,False,,/srv/bulk/samteway/lab-data/tracking-jitter-20260911-resume-v1/captures/dense-5789000000-tx1-20260911T034828.430804Z/run.json
5789000000,TX2,analyzed,True,11.952,161.0,True,25.475840913603694,161.25,True,,/srv/bulk/samteway/lab-data/tracking-jitter-20260911-resume-v1/captures/dense-5789000000-tx2-20260911T034837.859593Z/run.json
5790000000,TX1,analyzed,True,23.92,264.25,False,58.255870386114,264.25,False,,/srv/bulk/samteway/lab-data/tracking-jitter-20260911-resume-v1/captures/dense-5790000000-tx1-20260911T034846.998150Z/run.json
5790000000,TX2,analyzed,True,11.952,78.25,False,31.17165390726036,78.25,True,,/srv/bulk/samteway/lab-data/tracking-jitter-20260911-resume-v1/captures/dense-5790000000-tx2-20260911T034856.301154Z/run.json
5791000000,TX1,analyzed,True,23.904,263.75,False,58.98108998350659,264.0,False,,/srv/bulk/samteway/lab-data/tracking-jitter-20260911-resume-v1/captures/dense-5791000000-tx1-20260911T034905.616187Z/run.json
5791000000,TX2,analyzed,True,11.952,77.75,False,31.432270134370533,77.75,False,,/srv/bulk/samteway/lab-data/tracking-jitter-20260911-resume-v1/captures/dense-5791000000-tx2-20260911T034915.879418Z/run.json
5792000000,TX1,analyzed,True,23.904,263.5,False,58.825528994208355,263.75,False,,/srv/bulk/samteway/lab-data/tracking-jitter-20260911-resume-v1/captures/dense-5792000000-tx1-20260911T034925.672927Z/run.json
5792000000,TX2,analyzed,True,11.952,160.75,True,25.692892352203405,160.75,True,,/srv/bulk/samteway/lab-data/tracking-jitter-20260911-resume-v1/captures/dense-5792000000-tx2-20260911T034934.898903Z/run.json
5793000000,TX1,analyzed,True,23.904,327.0,False,41.117030123561676,327.0,False,,/srv/bulk/samteway/lab-data/tracking-jitter-20260911-resume-v1/captures/dense-5793000000-tx1-20260911T034944.217102Z/run.json
5793000000,TX2,analyzed,True,11.952,77.25,False,32.82746242545868,77.25,False,,/srv/bulk/samteway/lab-data/tracking-jitter-20260911-resume-v1/captures/dense-5793000000-tx2-20260911T034953.501262Z/run.json
5794000000,TX1,analyzed,True,11.952,262.75,False,59.69569686048336,263.0,False,,/srv/bulk/samteway/lab-data/tracking-jitter-20260911-resume-v1/captures/dense-5794000000-tx1-20260911T035002.863341Z/run.json
5794000000,TX2,analyzed,True,5.976,160.25,True,26.222584934935398,160.5,True,,/srv/bulk/samteway/lab-data/tracking-jitter-20260911-resume-v1/captures/dense-5794000000-tx2-20260911T035012.197588Z/run.json
5795000000,TX1,analyzed,True,11.952,262.25,False,60.12785287983164,262.5,False,,/srv/bulk/samteway/lab-data/tracking-jitter-20260911-resume-v1/captures/dense-5795000000-tx1-20260911T035021.737543Z/run.json
5795000000,TX2,analyzed,True,11.952,76.0,True,35.16969738127011,76.0,True,,/srv/bulk/samteway/lab-data/tracking-jitter-20260911-resume-v1/captures/dense-5795000000-tx2-20260911T035031.723533Z/run.json
5796000000,TX1,analyzed,True,23.904,325.75,False,40.19638468857274,325.75,False,,/srv/bulk/samteway/lab-data/tracking-jitter-20260911-resume-v1/captures/dense-5796000000-tx1-20260911T035041.145130Z/run.json
5796000000,TX2,analyzed,True,11.952,159.75,True,25.67117489628198,159.75,True,,/srv/bulk/samteway/lab-data/tracking-jitter-20260911-resume-v1/captures/dense-5796000000-tx2-20260911T035050.514732Z/run.json
5797000000,TX1,analyzed,True,11.952,261.5,False,60.10232154022315,261.75,False,,/srv/bulk/samteway/lab-data/tracking-jitter-20260911-resume-v1/captures/dense-5797000000-tx1-20260911T035059.779991Z/run.json
5797000000,TX2,analyzed,True,5.976,159.5,True,25.575297606628116,159.75,True,,/srv/bulk/samteway/lab-data/tracking-jitter-20260911-resume-v1/captures/dense-5797000000-tx2-20260911T035108.931116Z/run.json
5798000000,TX1,analyzed,True,23.904,325.0,False,45.1560736725373,325.0,False,,/srv/bulk/samteway/lab-data/tracking-jitter-20260911-resume-v1/captures/dense-5798000000-tx1-20260911T035118.371136Z/run.json
5798000000,TX2,analyzed,True,5.976,159.5,True,25.133697220517202,159.5,False,,/srv/bulk/samteway/lab-data/tracking-jitter-20260911-resume-v1/captures/dense-5798000000-tx2-20260911T035127.846447Z/run.json
5799000000,TX1,analyzed,True,23.904,326.25,False,40.96278908009444,326.25,False,,/srv/bulk/samteway/lab-data/tracking-jitter-20260911-resume-v1/captures/dense-5799000000-tx1-20260911T035137.221909Z/run.json
5799000000,TX2,analyzed,True,11.952,76.75,False,38.89278097001058,77.0,False,,/srv/bulk/samteway/lab-data/tracking-jitter-20260911-resume-v1/captures/dense-5799000000-tx2-20260911T035146.958190Z/run.json
5800000000,TX1,analyzed,True,23.904,323.5,False,40.54405948463685,323.75,False,,/srv/bulk/samteway/lab-data/tracking-jitter-20260911-resume-v1/captures/dense-5800000000-tx1-20260911T035156.043479Z/run.json
5800000000,TX2,analyzed,True,11.952,158.75,False,24.68612435488475,158.75,False,,/srv/bulk/samteway/lab-data/tracking-jitter-20260911-resume-v1/captures/dense-5800000000-tx2-20260911T035205.093929Z/run.json
5801000000,TX1,analyzed,True,23.904,324.5,False,34.93190713130784,324.5,False,,/srv/bulk/samteway/lab-data/tracking-jitter-20260911-resume-v1/captures/dense-5801000000-tx1-20260911T035214.164535Z/run.json
5801000000,TX2,analyzed,True,11.952,77.5,False,41.226991610493904,77.5,False,,/srv/bulk/samteway/lab-data/tracking-jitter-20260911-resume-v1/captures/dense-5801000000-tx2-20260911T035223.183851Z/run.json
5802000000,TX1,analyzed,True,23.904,322.75,False,41.170431314580206,323.0,False,,/srv/bulk/samteway/lab-data/tracking-jitter-20260911-resume-v1/captures/dense-5802000000-tx1-20260911T035232.614729Z/run.json
5802000000,TX2,analyzed,True,5.976,158.25,False,24.415132595202113,158.25,False,,/srv/bulk/samteway/lab-data/tracking-jitter-20260911-resume-v1/captures/dense-5802000000-tx2-20260911T035241.955733Z/run.json
5803000000,TX1,analyzed,True,23.904,322.0,False,41.814296607119395,322.25,False,,/srv/bulk/samteway/lab-data/tracking-jitter-20260911-resume-v1/captures/dense-5803000000-tx1-20260911T035251.067129Z/run.json
5803000000,TX2,analyzed,True,11.952,77.5,False,43.538416516438765,77.75,False,,/srv/bulk/samteway/lab-data/tracking-jitter-20260911-resume-v1/captures/dense-5803000000-tx2-20260911T035300.281637Z/run.json
5804000000,TX1,analyzed,True,11.952,335.75,False,66.58297357516071,334.75,False,,/srv/bulk/samteway/lab-data/tracking-jitter-20260911-resume-v1/captures/dense-5804000000-tx1-20260911T035309.770657Z/run.json
5804000000,TX2,analyzed,True,11.952,78.0,False,42.70642178062139,78.25,False,,/srv/bulk/samteway/lab-data/tracking-jitter-20260911-resume-v1/captures/dense-5804000000-tx2-20260911T035318.777650Z/run.json
5805000000,TX1,analyzed,True,23.904,321.25,False,41.903534145771054,321.5,False,,/srv/bulk/samteway/lab-data/tracking-jitter-20260911-resume-v1/captures/dense-5805000000-tx1-20260911T035327.957867Z/run.json
5805000000,TX2,analyzed,True,5.976,158.0,False,24.494396538339718,158.0,False,,/srv/bulk/samteway/lab-data/tracking-jitter-20260911-resume-v1/captures/dense-5805000000-tx2-20260911T035337.011032Z/run.json
5806000000,TX1,analyzed,True,23.904,321.25,False,39.98030004391435,321.5,False,,/srv/bulk/samteway/lab-data/tracking-jitter-20260911-resume-v1/captures/dense-5806000000-tx1-20260911T035346.267229Z/run.json
5806000000,TX2,analyzed,True,11.952,78.25,False,45.206897330196306,78.5,False,,/srv/bulk/samteway/lab-data/tracking-jitter-20260911-resume-v1/captures/dense-5806000000-tx2-20260911T035355.380148Z/run.json
5807000000,TX1,analyzed,True,23.904,321.0,False,42.99210217559269,321.0,False,,/srv/bulk/samteway/lab-data/tracking-jitter-20260911-resume-v1/captures/dense-5807000000-tx1-20260911T035405.049044Z/run.json
5807000000,TX2,analyzed,True,5.976,157.75,False,24.90110187286456,157.75,False,,/srv/bulk/samteway/lab-data/tracking-jitter-20260911-resume-v1/captures/dense-5807000000-tx2-20260911T035414.621880Z/run.json
5808000000,TX1,analyzed,True,23.904,321.0,False,44.432169170420764,321.25,False,,/srv/bulk/samteway/lab-data/tracking-jitter-20260911-resume-v1/captures/dense-5808000000-tx1-20260911T035423.762310Z/run.json
5808000000,TX2,analyzed,True,11.952,78.75,False,47.75030822770005,79.0,False,,/srv/bulk/samteway/lab-data/tracking-jitter-20260911-resume-v1/captures/dense-5808000000-tx2-20260911T035432.863974Z/run.json
5809000000,TX1,analyzed,True,23.904,321.25,False,44.84206435021488,321.5,False,,/srv/bulk/samteway/lab-data/tracking-jitter-20260911-resume-v1/captures/dense-5809000000-tx1-20260911T035441.782986Z/run.json
5809000000,TX2,analyzed,True,11.952,323.0,False,76.21070253234986,323.0,False,,/srv/bulk/samteway/lab-data/tracking-jitter-20260911-resume-v1/captures/dense-5809000000-tx2-20260911T035451.150359Z/run.json
5810000000,TX1,analyzed,True,23.904,321.5,False,42.86340063961896,321.75,False,,/srv/bulk/samteway/lab-data/tracking-jitter-20260911-resume-v1/captures/dense-5810000000-tx1-20260911T035500.395782Z/run.json
5810000000,TX2,analyzed,True,11.952,322.25,False,75.23864976152134,322.25,False,,/srv/bulk/samteway/lab-data/tracking-jitter-20260911-resume-v1/captures/dense-5810000000-tx2-20260911T035509.493789Z/run.json
5811000000,TX1,analyzed,True,23.904,321.5,False,44.754382224568694,321.75,False,,/srv/bulk/samteway/lab-data/tracking-jitter-20260911-resume-v1/captures/dense-5811000000-tx1-20260911T035518.788117Z/run.json
5811000000,TX2,analyzed,True,11.952,320.75,False,75.76005359420495,321.0,False,,/srv/bulk/samteway/lab-data/tracking-jitter-20260911-resume-v1/captures/dense-5811000000-tx2-20260911T035528.003733Z/run.json
5812000000,TX1,analyzed,True,23.904,322.0,False,44.561470059540454,322.25,False,,/srv/bulk/samteway/lab-data/tracking-jitter-20260911-resume-v1/captures/dense-5812000000-tx1-20260911T035537.238166Z/run.json
5812000000,TX2,analyzed,True,5.976,323.75,False,30.32728511498833,323.5,False,,/srv/bulk/samteway/lab-data/tracking-jitter-20260911-resume-v1/captures/dense-5812000000-tx2-20260911T035546.567719Z/run.json
5813000000,TX1,analyzed,True,23.904,322.5,False,43.71040576893086,322.75,False,,/srv/bulk/samteway/lab-data/tracking-jitter-20260911-resume-v1/captures/dense-5813000000-tx1-20260911T035556.201430Z/run.json
5813000000,TX2,analyzed,True,11.952,319.5,False,76.09063767589983,319.75,False,,/srv/bulk/samteway/lab-data/tracking-jitter-20260911-resume-v1/captures/dense-5813000000-tx2-20260911T035605.290415Z/run.json
5814000000,TX1,analyzed,True,23.904,340.25,False,74.0242705228055,339.25,False,,/srv/bulk/samteway/lab-data/tracking-jitter-20260911-resume-v1/captures/dense-5814000000-tx1-20260911T035614.510480Z/run.json
5814000000,TX2,analyzed,True,11.952,319.0,False,73.62348904040198,319.25,False,,/srv/bulk/samteway/lab-data/tracking-jitter-20260911-resume-v1/captures/dense-5814000000-tx2-20260911T035623.677467Z/run.json
5815000000,TX1,analyzed,True,23.904,323.5,False,44.06063204811723,323.75,False,,/srv/bulk/samteway/lab-data/tracking-jitter-20260911-resume-v1/captures/dense-5815000000-tx1-20260911T035633.172771Z/run.json
5815000000,TX2,analyzed,True,11.96,317.25,False,79.6223839754874,317.75,False,,/srv/bulk/samteway/lab-data/tracking-jitter-20260911-resume-v1/captures/dense-5815000000-tx2-20260911T035642.765296Z/run.json
5816000000,TX1,analyzed,True,23.904,342.25,False,67.54770595684684,341.25,False,,/srv/bulk/samteway/lab-data/tracking-jitter-20260911-resume-v1/captures/dense-5816000000-tx1-20260911T035652.541766Z/run.json
5816000000,TX2,analyzed,True,5.976,316.0,False,82.65988702285667,316.5,False,,/srv/bulk/samteway/lab-data/tracking-jitter-20260911-resume-v1/captures/dense-5816000000-tx2-20260911T035701.676201Z/run.json
5817000000,TX1,analyzed,True,47.808,341.25,False,69.88325326257075,340.25,False,,/srv/bulk/samteway/lab-data/tracking-jitter-20260911-resume-v1/captures/dense-5817000000-tx1-20260911T035710.995191Z/run.json
5817000000,TX2,analyzed,True,5.976,323.0,False,28.581006676010187,322.75,False,,/srv/bulk/samteway/lab-data/tracking-jitter-20260911-resume-v1/captures/dense-5817000000-tx2-20260911T035720.531715Z/run.json
5818000000,TX1,analyzed,True,47.808,325.25,False,43.08063474693652,325.25,False,,/srv/bulk/samteway/lab-data/tracking-jitter-20260911-resume-v1/captures/dense-5818000000-tx1-20260911T035729.729041Z/run.json
5818000000,TX2,analyzed,True,5.976,322.75,False,28.331209491781227,322.5,False,,/srv/bulk/samteway/lab-data/tracking-jitter-20260911-resume-v1/captures/dense-5818000000-tx2-20260911T035739.208234Z/run.json
5819000000,TX1,analyzed,True,47.808,346.25,False,58.702580573495396,345.0,False,,/srv/bulk/samteway/lab-data/tracking-jitter-20260911-resume-v1/captures/dense-5819000000-tx1-20260911T035749.234283Z/run.json
5819000000,TX2,analyzed,True,5.976,322.5,False,28.669366661080108,322.5,False,,/srv/bulk/samteway/lab-data/tracking-jitter-20260911-resume-v1/captures/dense-5819000000-tx2-20260911T035758.645770Z/run.json
5820000000,TX1,analyzed,True,23.904,348.75,False,55.257264850749074,347.5,False,,/srv/bulk/samteway/lab-data/tracking-jitter-20260911-resume-v1/captures/dense-5820000000-tx1-20260911T035808.081127Z/run.json
5820000000,TX2,analyzed,True,5.976,312.5,False,79.4890173867124,313.0,False,,/srv/bulk/samteway/lab-data/tracking-jitter-20260911-resume-v1/captures/dense-5820000000-tx2-20260911T035817.516474Z/run.json
5821000000,TX1,analyzed,True,23.904,349.0,False,54.22840078104374,264.75,False,,/srv/bulk/samteway/lab-data/tracking-jitter-20260911-resume-v1/captures/dense-5821000000-tx1-20260911T035826.851979Z/run.json
5821000000,TX2,analyzed,True,5.976,309.75,False,72.12497444230681,310.0,False,,/srv/bulk/samteway/lab-data/tracking-jitter-20260911-resume-v1/captures/dense-5821000000-tx2-20260911T035835.733318Z/run.json
5822000000,TX1,analyzed,True,23.904,96.0,False,51.461701550289504,95.75,False,,/srv/bulk/samteway/lab-data/tracking-jitter-20260911-resume-v1/captures/dense-5822000000-tx1-20260911T035844.990222Z/run.json
5822000000,TX2,analyzed,True,5.976,309.75,False,72.40840813122614,310.0,False,,/srv/bulk/samteway/lab-data/tracking-jitter-20260911-resume-v1/captures/dense-5822000000-tx2-20260911T035854.351381Z/run.json
5823000000,TX1,analyzed,True,23.904,96.0,False,50.65077568381479,95.75,False,,/srv/bulk/samteway/lab-data/tracking-jitter-20260911-resume-v1/captures/dense-5823000000-tx1-20260911T035903.618689Z/run.json
5823000000,TX2,analyzed,True,5.976,322.0,False,28.62410212988666,321.75,False,,/srv/bulk/samteway/lab-data/tracking-jitter-20260911-resume-v1/captures/dense-5823000000-tx2-20260911T035912.791110Z/run.json
5824000000,TX1,analyzed,True,23.904,96.5,False,50.3973021045148,96.0,False,,/srv/bulk/samteway/lab-data/tracking-jitter-20260911-resume-v1/captures/dense-5824000000-tx1-20260911T035921.872185Z/run.json
5824000000,TX2,analyzed,True,5.976,322.0,False,28.57112995339835,321.75,False,,/srv/bulk/samteway/lab-data/tracking-jitter-20260911-resume-v1/captures/dense-5824000000-tx2-20260911T035931.447241Z/run.json
5825000000,TX1,analyzed,True,47.808,329.0,False,52.61952119110686,329.25,False,,/srv/bulk/samteway/lab-data/tracking-jitter-20260911-resume-v1/captures/dense-5825000000-tx1-20260911T035940.495699Z/run.json
5825000000,TX2,analyzed,True,5.976,305.5,False,65.12312331103873,305.75,False,,/srv/bulk/samteway/lab-data/tracking-jitter-20260911-resume-v1/captures/dense-5825000000-tx2-20260911T035950.112868Z/run.json
5826000000,TX1,analyzed,True,23.904,328.25,False,53.30291420362877,328.5,False,,/srv/bulk/samteway/lab-data/tracking-jitter-20260911-resume-v1/captures/dense-5826000000-tx1-20260911T035959.088211Z/run.json
5826000000,TX2,analyzed,True,5.976,321.75,False,28.116594797793663,321.75,False,,/srv/bulk/samteway/lab-data/tracking-jitter-20260911-resume-v1/captures/dense-5826000000-tx2-20260911T040008.343516Z/run.json
5827000000,TX1,analyzed,True,23.904,97.0,False,51.27467823619831,96.75,False,,/srv/bulk/samteway/lab-data/tracking-jitter-20260911-resume-v1/captures/dense-5827000000-tx1-20260911T040017.363814Z/run.json
5827000000,TX2,analyzed,True,5.976,302.5,False,61.72524772314534,302.5,False,,/srv/bulk/samteway/lab-data/tracking-jitter-20260911-resume-v1/captures/dense-5827000000-tx2-20260911T040026.469587Z/run.json
5828000000,TX1,analyzed,True,23.904,327.75,False,53.723099617631796,328.0,False,,/srv/bulk/samteway/lab-data/tracking-jitter-20260911-resume-v1/captures/dense-5828000000-tx1-20260911T040036.094191Z/run.json
5828000000,TX2,analyzed,True,2.988,321.75,True,27.535601775731244,321.5,False,,/srv/bulk/samteway/lab-data/tracking-jitter-20260911-resume-v1/captures/dense-5828000000-tx2-20260911T040045.327778Z/run.json
5829000000,TX1,analyzed,True,23.904,327.5,False,54.94191044700683,327.75,False,,/srv/bulk/samteway/lab-data/tracking-jitter-20260911-resume-v1/captures/dense-5829000000-tx1-20260911T040054.275913Z/run.json
5829000000,TX2,analyzed,True,5.976,299.0,False,58.368355810944266,298.75,False,,/srv/bulk/samteway/lab-data/tracking-jitter-20260911-resume-v1/captures/dense-5829000000-tx2-20260911T040103.502563Z/run.json
5830000000,TX1,analyzed,True,23.904,97.25,False,51.763432817875405,97.0,False,,/srv/bulk/samteway/lab-data/tracking-jitter-20260911-resume-v1/captures/dense-5830000000-tx1-20260911T040112.461591Z/run.json
5830000000,TX2,analyzed,True,2.988,321.25,True,27.488391826152927,321.25,False,,/srv/bulk/samteway/lab-data/tracking-jitter-20260911-resume-v1/captures/dense-5830000000-tx2-20260911T040121.393247Z/run.json
5831000000,TX1,analyzed,True,23.904,97.0,False,51.30958139682893,96.75,False,,/srv/bulk/samteway/lab-data/tracking-jitter-20260911-resume-v1/captures/dense-5831000000-tx1-20260911T040130.464671Z/run.json
5831000000,TX2,analyzed,True,2.988,297.25,False,56.78735414419954,296.75,False,,/srv/bulk/samteway/lab-data/tracking-jitter-20260911-resume-v1/captures/dense-5831000000-tx2-20260911T040139.596591Z/run.json
5832000000,TX1,analyzed,True,23.904,325.25,False,53.46406297391401,325.5,False,,/srv/bulk/samteway/lab-data/tracking-jitter-20260911-resume-v1/captures/dense-5832000000-tx1-20260911T040149.126834Z/run.json
5832000000,TX2,analyzed,True,2.988,295.75,False,56.21051334786017,295.25,False,,/srv/bulk/samteway/lab-data/tracking-jitter-20260911-resume-v1/captures/dense-5832000000-tx2-20260911T040158.434245Z/run.json
5833000000,TX1,analyzed,True,23.904,97.0,False,51.65201019387435,96.5,False,,/srv/bulk/samteway/lab-data/tracking-jitter-20260911-resume-v1/captures/dense-5833000000-tx1-20260911T040208.145708Z/run.json
5833000000,TX2,analyzed,True,2.988,294.5,False,57.23686390927952,294.0,False,,/srv/bulk/samteway/lab-data/tracking-jitter-20260911-resume-v1/captures/dense-5833000000-tx2-20260911T040217.192746Z/run.json
5834000000,TX1,analyzed,True,23.904,97.0,False,51.88973873214617,96.5,False,,/srv/bulk/samteway/lab-data/tracking-jitter-20260911-resume-v1/captures/dense-5834000000-tx1-20260911T040226.301173Z/run.json
5834000000,TX2,analyzed,True,2.988,321.0,True,27.479126212697008,321.0,False,,/srv/bulk/samteway/lab-data/tracking-jitter-20260911-resume-v1/captures/dense-5834000000-tx2-20260911T040235.608064Z/run.json
5835000000,TX1,analyzed,True,11.952,323.5,False,52.6955753047487,323.75,False,,/srv/bulk/samteway/lab-data/tracking-jitter-20260911-resume-v1/captures/dense-5835000000-tx1-20260911T040244.688793Z/run.json
5835000000,TX2,analyzed,True,2.988,321.25,True,27.663395551288367,321.25,False,,/srv/bulk/samteway/lab-data/tracking-jitter-20260911-resume-v1/captures/dense-5835000000-tx2-20260911T040254.060766Z/run.json
5836000000,TX1,analyzed,True,11.952,323.5,False,54.45068542485811,323.75,False,,/srv/bulk/samteway/lab-data/tracking-jitter-20260911-resume-v1/captures/dense-5836000000-tx1-20260911T040303.276962Z/run.json
5836000000,TX2,analyzed,True,2.988,292.25,False,58.90143521890173,291.5,False,,/srv/bulk/samteway/lab-data/tracking-jitter-20260911-resume-v1/captures/dense-5836000000-tx2-20260911T040312.275495Z/run.json
5837000000,TX1,analyzed,True,11.952,96.5,False,51.64132906503793,96.25,False,,/srv/bulk/samteway/lab-data/tracking-jitter-20260911-resume-v1/captures/dense-5837000000-tx1-20260911T040322.653438Z/run.json
5837000000,TX2,analyzed,True,2.988,321.25,True,27.91930734814032,321.25,False,,/srv/bulk/samteway/lab-data/tracking-jitter-20260911-resume-v1/captures/dense-5837000000-tx2-20260911T040331.645914Z/run.json
5838000000,TX1,analyzed,True,11.952,322.5,False,53.06665289552854,323.0,False,,/srv/bulk/samteway/lab-data/tracking-jitter-20260911-resume-v1/captures/dense-5838000000-tx1-20260911T040340.840525Z/run.json
5838000000,TX2,analyzed,True,2.988,321.5,False,28.270019073452765,321.5,False,,/srv/bulk/samteway/lab-data/tracking-jitter-20260911-resume-v1/captures/dense-5838000000-tx2-20260911T040349.798788Z/run.json
5839000000,TX1,analyzed,True,191.232,322.25,False,51.70265306978903,322.75,False,,/srv/bulk/samteway/lab-data/tracking-jitter-20260911-resume-v1/captures/dense-5839000000-tx1-20260911T040358.963689Z/run.json
5839000000,TX2,analyzed,True,2.988,291.0,False,60.55220784176314,290.25,False,,/srv/bulk/samteway/lab-data/tracking-jitter-20260911-resume-v1/captures/dense-5839000000-tx2-20260911T040408.115742Z/run.json
5840000000,TX1,analyzed,True,11.952,263.75,False,57.6906141938345,264.0,False,,/srv/bulk/samteway/lab-data/tracking-jitter-20260911-resume-v1/captures/dense-5840000000-tx1-20260911T040417.227632Z/run.json
5840000000,TX2,analyzed,True,2.988,290.25,False,61.714285117944414,289.5,False,,/srv/bulk/samteway/lab-data/tracking-jitter-20260911-resume-v1/captures/dense-5840000000-tx2-20260911T040426.236967Z/run.json
5841000000,TX1,analyzed,True,11.952,263.75,False,57.5526496906164,264.0,False,,/srv/bulk/samteway/lab-data/tracking-jitter-20260911-resume-v1/captures/dense-5841000000-tx1-20260911T040435.204317Z/run.json
5841000000,TX2,analyzed,True,2.988,322.0,False,28.64664660591203,322.0,True,,/srv/bulk/samteway/lab-data/tracking-jitter-20260911-resume-v1/captures/dense-5841000000-tx2-20260911T040444.366437Z/run.json
5842000000,TX1,analyzed,True,11.952,263.75,False,57.340342268041546,264.0,False,,/srv/bulk/samteway/lab-data/tracking-jitter-20260911-resume-v1/captures/dense-5842000000-tx1-20260911T040456.339820Z/run.json
5842000000,TX2,analyzed,True,2.988,322.0,False,29.172100938509036,322.0,True,,/srv/bulk/samteway/lab-data/tracking-jitter-20260911-resume-v1/captures/dense-5842000000-tx2-20260911T040505.325229Z/run.json
5843000000,TX1,analyzed,True,23.904,264.0,False,58.31953029785486,264.25,False,,/srv/bulk/samteway/lab-data/tracking-jitter-20260911-resume-v1/captures/dense-5843000000-tx1-20260911T040514.475110Z/run.json
5843000000,TX2,analyzed,True,2.988,289.0,False,62.83139757424173,288.0,False,,/srv/bulk/samteway/lab-data/tracking-jitter-20260911-resume-v1/captures/dense-5843000000-tx2-20260911T040524.333231Z/run.json
5844000000,TX1,analyzed,True,11.952,264.0,False,57.19138781468446,264.5,False,,/srv/bulk/samteway/lab-data/tracking-jitter-20260911-resume-v1/captures/dense-5844000000-tx1-20260911T040533.398876Z/run.json
5844000000,TX2,analyzed,True,2.988,322.25,False,29.850943756606956,322.0,False,,/srv/bulk/samteway/lab-data/tracking-jitter-20260911-resume-v1/captures/dense-5844000000-tx2-20260911T040542.379654Z/run.json
5845000000,TX1,analyzed,True,11.952,264.5,False,57.739357594625254,264.75,False,,/srv/bulk/samteway/lab-data/tracking-jitter-20260911-resume-v1/captures/dense-5845000000-tx1-20260911T040551.382738Z/run.json
5845000000,TX2,analyzed,True,2.988,322.25,False,29.847234557469733,322.25,False,,/srv/bulk/samteway/lab-data/tracking-jitter-20260911-resume-v1/captures/dense-5845000000-tx2-20260911T040600.811601Z/run.json
5846000000,TX1,analyzed,True,11.952,264.5,False,58.22043070096771,265.0,False,,/srv/bulk/samteway/lab-data/tracking-jitter-20260911-resume-v1/captures/dense-5846000000-tx1-20260911T040609.919242Z/run.json
5846000000,TX2,analyzed,True,2.988,288.75,False,61.14509382644256,288.0,False,,/srv/bulk/samteway/lab-data/tracking-jitter-20260911-resume-v1/captures/dense-5846000000-tx2-20260911T040618.950980Z/run.json
5847000000,TX1,analyzed,True,11.952,265.0,False,57.376146624316945,265.25,False,,/srv/bulk/samteway/lab-data/tracking-jitter-20260911-resume-v1/captures/dense-5847000000-tx1-20260911T040628.113613Z/run.json
5847000000,TX2,analyzed,True,1.494,322.25,False,31.18303781699172,322.25,False,,/srv/bulk/samteway/lab-data/tracking-jitter-20260911-resume-v1/captures/dense-5847000000-tx2-20260911T040637.195562Z/run.json
5848000000,TX1,analyzed,True,11.952,265.5,False,57.062596607081964,266.0,False,,/srv/bulk/samteway/lab-data/tracking-jitter-20260911-resume-v1/captures/dense-5848000000-tx1-20260911T040646.496639Z/run.json
5848000000,TX2,analyzed,True,2.988,289.0,False,59.031387239311954,288.25,False,,/srv/bulk/samteway/lab-data/tracking-jitter-20260911-resume-v1/captures/dense-5848000000-tx2-20260911T040655.676751Z/run.json
5849000000,TX1,analyzed,True,,320.25,False,53.36930676619996,320.5,False,,/srv/bulk/samteway/lab-data/tracking-jitter-20260911-resume-v1/captures/dense-5849000000-tx1-20260911T040704.882118Z/run.json
5849000000,TX2,analyzed,True,1.494,322.5,False,32.3719943921402,322.25,False,,/srv/bulk/samteway/lab-data/tracking-jitter-20260911-resume-v1/captures/dense-5849000000-tx2-20260911T040714.148152Z/run.json
5850000000,TX1,analyzed,True,5.976,267.0,False,56.05927620393144,267.5,False,,/srv/bulk/samteway/lab-data/tracking-jitter-20260911-resume-v1/captures/dense-5850000000-tx1-20260911T040724.119648Z/run.json
5850000000,TX2,analyzed,True,2.988,321.5,False,33.542197234457134,321.25,False,,/srv/bulk/samteway/lab-data/tracking-jitter-20260911-resume-v1/captures/dense-5850000000-tx2-20260911T040733.582494Z/run.json
5851000000,TX1,analyzed,True,11.952,267.75,False,54.35345465073606,268.25,False,,/srv/bulk/samteway/lab-data/tracking-jitter-20260911-resume-v1/captures/dense-5851000000-tx1-20260911T040743.173444Z/run.json
5851000000,TX2,analyzed,True,1.494,322.25,False,33.86270634834225,322.0,False,,/srv/bulk/samteway/lab-data/tracking-jitter-20260911-resume-v1/captures/dense-5851000000-tx2-20260911T040752.252001Z/run.json
5852000000,TX1,analyzed,True,11.952,268.75,False,54.230850253413756,269.25,False,,/srv/bulk/samteway/lab-data/tracking-jitter-20260911-resume-v1/captures/dense-5852000000-tx1-20260911T040801.393165Z/run.json
5852000000,TX2,analyzed,True,2.988,322.25,False,34.13764025761167,322.0,False,,/srv/bulk/samteway/lab-data/tracking-jitter-20260911-resume-v1/captures/dense-5852000000-tx2-20260911T040810.444168Z/run.json
5853000000,TX1,analyzed,True,11.952,269.75,False,52.917728444193685,270.25,False,,/srv/bulk/samteway/lab-data/tracking-jitter-20260911-resume-v1/captures/dense-5853000000-tx1-20260911T040819.346767Z/run.json
5853000000,TX2,analyzed,True,2.988,291.25,False,49.870735085627935,291.0,False,,/srv/bulk/samteway/lab-data/tracking-jitter-20260911-resume-v1/captures/dense-5853000000-tx2-20260911T040828.286773Z/run.json
5854000000,TX1,analyzed,True,11.952,270.75,False,53.062668054933035,271.25,False,,/srv/bulk/samteway/lab-data/tracking-jitter-20260911-resume-v1/captures/dense-5854000000-tx1-20260911T040837.358517Z/run.json
5854000000,TX2,analyzed,True,2.988,321.0,False,36.57068572499613,320.75,False,,/srv/bulk/samteway/lab-data/tracking-jitter-20260911-resume-v1/captures/dense-5854000000-tx2-20260911T040846.420766Z/run.json
5855000000,TX1,analyzed,True,11.952,271.5,False,52.81808158058558,272.0,False,,/srv/bulk/samteway/lab-data/tracking-jitter-20260911-resume-v1/captures/dense-5855000000-tx1-20260911T040855.383040Z/run.json
5855000000,TX2,analyzed,True,1.494,322.75,False,37.05110708281598,322.5,False,,/srv/bulk/samteway/lab-data/tracking-jitter-20260911-resume-v1/captures/dense-5855000000-tx2-20260911T040906.157588Z/run.json
5856000000,TX1,analyzed,True,11.952,272.25,False,52.67655627002525,272.75,False,,/srv/bulk/samteway/lab-data/tracking-jitter-20260911-resume-v1/captures/dense-5856000000-tx1-20260911T040915.464377Z/run.json
5856000000,TX2,analyzed,True,2.988,321.5,False,36.824355955556,321.5,False,,/srv/bulk/samteway/lab-data/tracking-jitter-20260911-resume-v1/captures/dense-5856000000-tx2-20260911T040924.779383Z/run.json
5857000000,TX1,analyzed,True,11.952,273.0,False,51.823701138743075,273.5,False,,/srv/bulk/samteway/lab-data/tracking-jitter-20260911-resume-v1/captures/dense-5857000000-tx1-20260911T040933.868020Z/run.json
5857000000,TX2,analyzed,True,1.494,322.75,False,38.50841131206929,322.5,False,,/srv/bulk/samteway/lab-data/tracking-jitter-20260911-resume-v1/captures/dense-5857000000-tx2-20260911T040942.845170Z/run.json
5858000000,TX1,analyzed,True,11.952,273.75,False,52.392568835100775,274.0,False,,/srv/bulk/samteway/lab-data/tracking-jitter-20260911-resume-v1/captures/dense-5858000000-tx1-20260911T040951.878851Z/run.json
5858000000,TX2,analyzed,True,1.494,322.5,False,39.160667908971085,322.5,False,,/srv/bulk/samteway/lab-data/tracking-jitter-20260911-resume-v1/captures/dense-5858000000-tx2-20260911T041001.095320Z/run.json
5859000000,TX1,analyzed,True,11.952,274.0,False,51.3836656927813,274.5,False,,/srv/bulk/samteway/lab-data/tracking-jitter-20260911-resume-v1/captures/dense-5859000000-tx1-20260911T041012.271413Z/run.json
5859000000,TX2,analyzed,True,1.494,322.75,False,39.38797011601128,322.5,False,,/srv/bulk/samteway/lab-data/tracking-jitter-20260911-resume-v1/captures/dense-5859000000-tx2-20260911T041021.301693Z/run.json
5860000000,TX1,analyzed,True,11.952,274.5,False,52.118664035836126,275.0,False,,/srv/bulk/samteway/lab-data/tracking-jitter-20260911-resume-v1/captures/dense-5860000000-tx1-20260911T041030.297450Z/run.json
5860000000,TX2,analyzed,True,2.988,321.25,False,39.16036360084092,321.25,False,,/srv/bulk/samteway/lab-data/tracking-jitter-20260911-resume-v1/captures/dense-5860000000-tx2-20260911T041039.346037Z/run.json
5861000000,TX1,analyzed,True,47.808,275.0,False,50.22998386670041,275.25,False,,/srv/bulk/samteway/lab-data/tracking-jitter-20260911-resume-v1/captures/dense-5861000000-tx1-20260911T041048.415260Z/run.json
5861000000,TX2,analyzed,True,2.988,322.5,False,40.22052012489302,322.25,False,,/srv/bulk/samteway/lab-data/tracking-jitter-20260911-resume-v1/captures/dense-5861000000-tx2-20260911T041057.604366Z/run.json
5862000000,TX1,analyzed,True,11.952,275.5,False,52.68930316056983,275.75,False,,/srv/bulk/samteway/lab-data/tracking-jitter-20260911-resume-v1/captures/dense-5862000000-tx1-20260911T041106.547902Z/run.json
5862000000,TX2,analyzed,True,2.99,322.5,False,40.96015956750852,322.25,False,,/srv/bulk/samteway/lab-data/tracking-jitter-20260911-resume-v1/captures/dense-5862000000-tx2-20260911T041115.645812Z/run.json
5863000000,TX1,analyzed,True,11.952,275.75,False,52.99808188102562,276.0,False,,/srv/bulk/samteway/lab-data/tracking-jitter-20260911-resume-v1/captures/dense-5863000000-tx1-20260911T041125.150360Z/run.json
5863000000,TX2,analyzed,True,1.494,322.5,False,41.47339758967639,322.25,False,,/srv/bulk/samteway/lab-data/tracking-jitter-20260911-resume-v1/captures/dense-5863000000-tx2-20260911T041134.289911Z/run.json
5864000000,TX1,analyzed,True,11.952,88.25,False,68.4635175814468,87.75,False,,/srv/bulk/samteway/lab-data/tracking-jitter-20260911-resume-v1/captures/dense-5864000000-tx1-20260911T041143.336155Z/run.json
5864000000,TX2,analyzed,True,1.494,322.5,False,41.88179796722547,322.25,False,,/srv/bulk/samteway/lab-data/tracking-jitter-20260911-resume-v1/captures/dense-5864000000-tx2-20260911T041152.483316Z/run.json
5865000000,TX1,analyzed,True,11.952,89.0,False,71.09549078180153,88.25,False,,/srv/bulk/samteway/lab-data/tracking-jitter-20260911-resume-v1/captures/dense-5865000000-tx1-20260911T041201.633150Z/run.json
5865000000,TX2,analyzed,True,2.988,322.25,False,42.283557761129615,322.25,False,,/srv/bulk/samteway/lab-data/tracking-jitter-20260911-resume-v1/captures/dense-5865000000-tx2-20260911T041210.834551Z/run.json
5866000000,TX1,analyzed,True,23.904,89.25,False,66.84753488947996,88.5,False,,/srv/bulk/samteway/lab-data/tracking-jitter-20260911-resume-v1/captures/dense-5866000000-tx1-20260911T041219.986328Z/run.json
5866000000,TX2,analyzed,True,2.99,322.25,False,43.0666653457487,322.0,False,,/srv/bulk/samteway/lab-data/tracking-jitter-20260911-resume-v1/captures/dense-5866000000-tx2-20260911T041229.116504Z/run.json
5867000000,TX1,analyzed,True,47.808,89.5,False,72.24835234352581,89.0,False,,/srv/bulk/samteway/lab-data/tracking-jitter-20260911-resume-v1/captures/dense-5867000000-tx1-20260911T041238.492813Z/run.json
5867000000,TX2,analyzed,True,2.99,322.25,False,43.51312925337645,322.0,False,,/srv/bulk/samteway/lab-data/tracking-jitter-20260911-resume-v1/captures/dense-5867000000-tx2-20260911T041247.778037Z/run.json
5868000000,TX1,analyzed,True,23.904,90.75,False,72.95817806951632,90.0,False,,/srv/bulk/samteway/lab-data/tracking-jitter-20260911-resume-v1/captures/dense-5868000000-tx1-20260911T041256.881193Z/run.json
5868000000,TX2,analyzed,True,2.988,321.5,False,43.359429459969455,321.5,False,,/srv/bulk/samteway/lab-data/tracking-jitter-20260911-resume-v1/captures/dense-5868000000-tx2-20260911T041305.957775Z/run.json
5869000000,TX1,analyzed,True,11.952,91.5,False,72.67548993979915,90.75,False,,/srv/bulk/samteway/lab-data/tracking-jitter-20260911-resume-v1/captures/dense-5869000000-tx1-20260911T041315.276732Z/run.json
5869000000,TX2,analyzed,True,2.988,321.75,False,45.26898031029734,321.75,False,,/srv/bulk/samteway/lab-data/tracking-jitter-20260911-resume-v1/captures/dense-5869000000-tx2-20260911T041324.693053Z/run.json
5870000000,TX1,analyzed,True,23.904,92.0,False,72.31750909180754,91.25,False,,/srv/bulk/samteway/lab-data/tracking-jitter-20260911-resume-v1/captures/dense-5870000000-tx1-20260911T041334.054664Z/run.json
5870000000,TX2,analyzed,True,2.988,322.0,False,46.32346287588874,321.75,False,,/srv/bulk/samteway/lab-data/tracking-jitter-20260911-resume-v1/captures/dense-5870000000-tx2-20260911T041343.483622Z/run.json
5871000000,TX1,analyzed,True,23.904,92.75,False,73.77962524942937,92.0,False,,/srv/bulk/samteway/lab-data/tracking-jitter-20260911-resume-v1/captures/dense-5871000000-tx1-20260911T041352.953708Z/run.json
5871000000,TX2,analyzed,True,2.988,240.75,False,46.5402318947155,321.5,False,,/srv/bulk/samteway/lab-data/tracking-jitter-20260911-resume-v1/captures/dense-5871000000-tx2-20260911T041402.303145Z/run.json
5872000000,TX1,analyzed,True,23.904,93.0,False,75.0671456138771,92.5,False,,/srv/bulk/samteway/lab-data/tracking-jitter-20260911-resume-v1/captures/dense-5872000000-tx1-20260911T041411.585343Z/run.json
5872000000,TX2,analyzed,True,2.988,322.0,False,46.13939579874953,322.0,False,,/srv/bulk/samteway/lab-data/tracking-jitter-20260911-resume-v1/captures/dense-5872000000-tx2-20260911T041420.901077Z/run.json
5873000000,TX1,analyzed,True,,93.25,False,58.39651167003986,92.75,False,,/srv/bulk/samteway/lab-data/tracking-jitter-20260911-resume-v1/captures/dense-5873000000-tx1-20260911T041430.171901Z/run.json
5873000000,TX2,analyzed,True,2.988,241.25,False,48.215514369573256,157.75,False,,/srv/bulk/samteway/lab-data/tracking-jitter-20260911-resume-v1/captures/dense-5873000000-tx2-20260911T041439.643098Z/run.json
5874000000,TX1,analyzed,True,23.904,94.0,False,73.81134940831386,93.5,False,,/srv/bulk/samteway/lab-data/tracking-jitter-20260911-resume-v1/captures/dense-5874000000-tx1-20260911T041448.999264Z/run.json
5874000000,TX2,analyzed,True,2.988,241.5,False,49.005184868968165,157.75,False,,/srv/bulk/samteway/lab-data/tracking-jitter-20260911-resume-v1/captures/dense-5874000000-tx2-20260911T041458.288871Z/run.json
