epoch,frequency_hz,port,gain_db,magnitude_db,phase_relative_ant8_deg,phase_rms_10ms_deg,coherence,run_json,sha256
before,5800000000,ANT1,60,-68.58591604016424,-70.33298108905599,48.088402772991515,0.007682257796606099,/srv/bulk/samteway/lab-data/tracking-comprehensive-20260908-v1/captures/block-20260908T164249289170Z-ref-before-ANT1-20260908T164249.562318Z/run.json,da82f505aa0990313b821e682ebfe126f2403ed7e1185fd395dea153b1e819a3
before,5800000000,ANT2,60,-46.79374705599081,11.147626720414472,3.0337553723340145,0.10564675251320679,/srv/bulk/samteway/lab-data/tracking-comprehensive-20260908-v1/captures/block-20260908T164249289170Z-ref-before-ANT2-20260908T164302.844439Z/run.json,3e9f901d40adf0fac401d8b8c3d802bae8b69a3d4f46e3bb6f2879ad82f440a6
before,5800000000,ANT4,60,-49.60493489208213,-67.82292629681483,4.501353942243273,0.07665275339656276,/srv/bulk/samteway/lab-data/tracking-comprehensive-20260908-v1/captures/block-20260908T164249289170Z-ref-before-ANT4-20260908T164316.618043Z/run.json,c89e1da9186a239dc8f4585436b8464931a31dc973288da3646227bdecb859a9
before,5800000000,ANT8,60,-52.35352948891296,-0.0,5.951569746570259,0.05497915596868119,/srv/bulk/samteway/lab-data/tracking-comprehensive-20260908-v1/captures/block-20260908T164249289170Z-ref-before-ANT8-20260908T164332.451962Z/run.json,7ff71d429148d2abb65582791deddbf3258a16270182e067ddeb6587d4078c5f
before,5800000000,ANT7,60,-49.71759264208383,35.91018203901247,4.11065108502112,0.07576514779940495,/srv/bulk/samteway/lab-data/tracking-comprehensive-20260908-v1/captures/block-20260908T164249289170Z-ref-before-ANT7-20260908T164346.932847Z/run.json,b3548abcccbbb9f67671a4f21808ae9a643fc4c12836307cc1fe481c5bdd2c8a
before,5800000000,ANT5,60,-54.18586964337281,-14.100445073584867,6.96300007812964,0.04526324989649102,/srv/bulk/samteway/lab-data/tracking-comprehensive-20260908-v1/captures/block-20260908T164249289170Z-ref-before-ANT5-20260908T164401.305073Z/run.json,4ad4057b4718939c35e948cf8b7e2c634790c2a82e560f744a688d98a646d179
after,5800000000,ANT1,60,-41.32537579315653,-55.83671609201006,2.7402957839199944,0.10509846697693642,/srv/bulk/samteway/lab-data/tracking-jitter-20260910-v1/captures/screen-5800000000-static-ANT1-20260910T042507.959689Z/run.json,768206caa9258bc4b486acfa0de691a8e69003d781845ceb6e1236c156e5850e
after,5800000000,ANT2,60,-54.75501493857722,3.5322983258352596,7.782866570778731,0.03980095741470819,/srv/bulk/samteway/lab-data/tracking-jitter-20260910-v1/captures/screen-5800000000-static-ANT2-20260910T042517.681665Z/run.json,ebb45e520304585bcf1e6d1932b1fcd1fa5c0339983c64ca5e9afd9516deac65
after,5800000000,ANT4,60,-46.5300132251936,-58.88329641932389,3.1105901743526427,0.10198209270293664,/srv/bulk/samteway/lab-data/tracking-jitter-20260910-v1/captures/screen-5800000000-static-ANT4-20260910T042527.395507Z/run.json,1151e22b8ae17925910ea29ca3cc01a1560d6a27799c761637bacb94defd0be0
after,5800000000,ANT8,60,-46.86262621664703,-0.0,3.316157247681765,0.0986750232589319,/srv/bulk/samteway/lab-data/tracking-jitter-20260910-v1/captures/screen-5800000000-static-ANT8-20260910T042537.153549Z/run.json,45cde38ce21c91bf2d5eb3bec1f1cdfc031b6632b1512a19cc1604e5c26be7a3
after,5800000000,ANT7,60,-50.914012521756476,-26.968264289701587,4.941035824828864,0.06196227786613648,/srv/bulk/samteway/lab-data/tracking-jitter-20260910-v1/captures/screen-5800000000-static-ANT7-20260910T042546.918868Z/run.json,19a10575836e3ec2159dd5ba6e34301360be8f999c30b453d5eb405f8cdc2995
after,5800000000,ANT5,60,-50.15097832856354,2.680394774220427,4.301924916453691,0.06939845218088049,/srv/bulk/samteway/lab-data/tracking-jitter-20260910-v1/captures/screen-5800000000-static-ANT5-20260910T042556.776201Z/run.json,35f65c503eb9e819390cc2dc2dcbcfd964c0969f83e1808c02c92e8c9ef3fbd6
before,2475000000,ANT1,40,-30.945809328216782,148.17037583121862,0.5353412158746585,0.5214480014377901,/srv/bulk/samteway/lab-data/tracking-comprehensive-20260908-v1/captures/block-20260908T225855806955Z-ref-before-A-ANT1-20260908T225856.109240Z/run.json,4f1409957ec08970e2fcde6a0a0815dfd2c16426b24ae4b9f289d84f8be0c244
before,2475000000,ANT2,40,-38.342478886732245,24.475826609264484,0.7313848829229531,0.41931951632073006,/srv/bulk/samteway/lab-data/tracking-comprehensive-20260908-v1/captures/block-20260908T225855806955Z-ref-before-A-ANT2-20260908T225909.141239Z/run.json,baf2ee6f6059e0aacf2667789188270b6f2b5a2c5dff8163a5d7f967b8cc7a39
before,2475000000,ANT4,40,-40.29987050981801,7.726826300706802,1.029449382043966,0.32241011986199497,/srv/bulk/samteway/lab-data/tracking-comprehensive-20260908-v1/captures/block-20260908T225855806955Z-ref-before-A-ANT4-20260908T225923.219287Z/run.json,aab53f5fa135a4cb146ed5208f421fb95483ec6e9361e51c1f4e8a825da9a0c6
before,2475000000,ANT8,40,-33.45749746158199,0.0,0.6780778786016274,0.42687388797495834,/srv/bulk/samteway/lab-data/tracking-comprehensive-20260908-v1/captures/block-20260908T225855806955Z-ref-before-A-ANT8-20260908T225936.890663Z/run.json,d8f0b4ccd3e7dd7f29d15b179d771e946e9883022d48663fa6563313ed70412d
before,2475000000,ANT7,40,-42.372866812198076,166.48663800316493,1.0720174259721251,0.2701942776203909,/srv/bulk/samteway/lab-data/tracking-comprehensive-20260908-v1/captures/block-20260908T225855806955Z-ref-before-A-ANT7-20260908T225950.700771Z/run.json,3d3fffa4acebe47893633436d2eb0410293958cf1a0a0eb626a731ea84d02b13
before,2475000000,ANT5,40,-51.243387204218664,-106.938192122408,3.164161241396106,0.10308233226574072,/srv/bulk/samteway/lab-data/tracking-comprehensive-20260908-v1/captures/block-20260908T225855806955Z-ref-before-A-ANT5-20260908T230003.497357Z/run.json,7d2ddb6f336148b2ceb52f6d63d2e2f37122c5c47fa2bfb13ac6dd87d82631e6
after,2475000000,ANT1,40,-36.04393091680779,135.05265919334187,3.4619227156404557,0.19011574355675587,/srv/bulk/samteway/lab-data/tracking-jitter-20260910-v1/captures/screen-2475000000-static-ANT1-20260910T042655.062351Z/run.json,c1bfa660dba37ad93189fef7d57c9efece4f439bfc7e44de78dc905e73d19725
after,2475000000,ANT2,40,-31.712896838973258,-11.385624678316733,0.30897400929806823,0.7143033036237714,/srv/bulk/samteway/lab-data/tracking-jitter-20260910-v1/captures/screen-2475000000-static-ANT2-20260910T042704.751298Z/run.json,2f8a3f4fba40a6ee6ee4fc1b1b57e4a7833dffe46806f92de51215923adac645
after,2475000000,ANT4,40,-37.41305200928464,-35.501058521538155,1.231644995816652,0.21548467977621277,/srv/bulk/samteway/lab-data/tracking-jitter-20260910-v1/captures/screen-2475000000-static-ANT4-20260910T042714.398534Z/run.json,49323527471d130eb3fc82b6298fb9f5f63f63c582b229712d53921f2f5b3397
after,2475000000,ANT8,40,-33.73062123260891,-0.0,2.131197329669519,0.16762432698945076,/srv/bulk/samteway/lab-data/tracking-jitter-20260910-v1/captures/screen-2475000000-static-ANT8-20260910T042724.056019Z/run.json,0307e24cb27d1b23bf845d955369a00d53b18082b59a6a0514ae1a7b4c8aa64d
after,2475000000,ANT7,40,-57.063037794575884,64.10365099916937,32.021492057863426,0.03186003858084931,/srv/bulk/samteway/lab-data/tracking-jitter-20260910-v1/captures/screen-2475000000-static-ANT7-20260910T042734.143880Z/run.json,68480c3c3825e60b8545efd62dcfb811d1ba98c8cdd4977369cfd76998cbee96
after,2475000000,ANT5,40,-42.43625373019432,-82.1033222233036,1.3243166536793956,0.281697364879142,/srv/bulk/samteway/lab-data/tracking-jitter-20260910-v1/captures/screen-2475000000-static-ANT5-20260910T042743.885864Z/run.json,9341f6defebf1082971a482ce9dcd9adc9eeec44631070130564dae04e37cf88
before,5811000000,ANT1,60,-59.37933642488233,93.90722609068386,13.519650353469412,0.021119200559250796,/srv/bulk/samteway/lab-data/tracking-comprehensive-20260908-v1/captures/block-20260908T222235133339Z-ref-before-ANT1-20260908T222235.445422Z/run.json,fbc13a01d0daaec8f28c806ea1b3fd426cc33c1cbc598a84eaf532721b96c698
before,5811000000,ANT2,60,-45.4643692615261,7.597275671992508,2.6405689017425678,0.12222828104371644,/srv/bulk/samteway/lab-data/tracking-comprehensive-20260908-v1/captures/block-20260908T222235133339Z-ref-before-ANT2-20260908T222247.998896Z/run.json,6e961f9fcb6379b69924920ed5f845966bb379b55305dcdff12c5974d2960bcf
before,5811000000,ANT4,60,-51.84618348779022,-50.90199421345406,5.192490195114959,0.058696467205183324,/srv/bulk/samteway/lab-data/tracking-comprehensive-20260908-v1/captures/block-20260908T222235133339Z-ref-before-ANT4-20260908T222301.091267Z/run.json,cb6e784dd8cc842ef089791b4d4c20fdf80d982e12487d4a09ec77ba6b097001
before,5811000000,ANT8,60,-50.91786554632713,-2.0514783929970047e-15,4.872047157905893,0.06418432294884868,/srv/bulk/samteway/lab-data/tracking-comprehensive-20260908-v1/captures/block-20260908T222235133339Z-ref-before-ANT8-20260908T222315.002679Z/run.json,ac2b2b6eb5b7030c84cc4efd42f487c8a5e7b94a072d7e59ba115f5ffff70f66
before,5811000000,ANT7,60,-49.24500423974823,31.89560984727217,3.8497504436258434,0.07948270863766889,/srv/bulk/samteway/lab-data/tracking-comprehensive-20260908-v1/captures/block-20260908T222235133339Z-ref-before-ANT7-20260908T222327.806735Z/run.json,91fbbe9f5ce7b2ce832bd6178ec881b62d439fccd28401a68d376537c271b68f
before,5811000000,ANT5,60,-53.91963163805311,-3.902523661726493,6.6704526141113325,0.04635534590323375,/srv/bulk/samteway/lab-data/tracking-comprehensive-20260908-v1/captures/block-20260908T222235133339Z-ref-before-ANT5-20260908T222340.920500Z/run.json,9692da4002d34c82890358de2f0ebcdfaf8af4dd14d78e7930ebb68615b492ce
after,5811000000,ANT1,60,-41.783588845127596,-64.22213366407269,2.20198342734252,0.10283867700333627,/srv/bulk/samteway/lab-data/tracking-jitter-20260910-v1/captures/screen-5811000000-static-ANT1-20260910T042841.587290Z/run.json,d3f6dc1cb9e37dc10632d52bdbc3db679371804eadf0e908b0fe264a1833cb06
after,5811000000,ANT2,60,-52.3377711276236,13.601482113941767,6.310092678085506,0.05440437038918509,/srv/bulk/samteway/lab-data/tracking-jitter-20260910-v1/captures/screen-5811000000-static-ANT2-20260910T042851.237338Z/run.json,d53161d7ce3f005c6e89179d903f3210b3dc6d16c939977fd984f7371ee41765
after,5811000000,ANT4,60,-51.11814213623524,-58.2924269290122,5.082925911477707,0.06372879077352062,/srv/bulk/samteway/lab-data/tracking-jitter-20260910-v1/captures/screen-5811000000-static-ANT4-20260910T042901.004732Z/run.json,a66ace76c62d768dd562e7c9123fbc1384e23c7d7a65b614f69b695f9c1afba4
after,5811000000,ANT8,60,-46.71323212655996,-0.0,3.236401493879854,0.10578393384008826,/srv/bulk/samteway/lab-data/tracking-jitter-20260910-v1/captures/screen-5811000000-static-ANT8-20260910T042910.926195Z/run.json,1bcd7847fc3f71c1c4b3931fac6ee11310fd585edfb38970080a112f9e861659
after,5811000000,ANT7,60,-51.94514060993932,-35.854719655122956,5.633440349590869,0.05596544596538704,/srv/bulk/samteway/lab-data/tracking-jitter-20260910-v1/captures/screen-5811000000-static-ANT7-20260910T042920.559176Z/run.json,fdf28c96a2536a537c436bf55fdc67b62b0668a8ff69ef26b60df09a25050cea
after,5811000000,ANT5,60,-50.389916574224586,3.330184483022414,4.676254116735902,0.06682115708659184,/srv/bulk/samteway/lab-data/tracking-jitter-20260910-v1/captures/screen-5811000000-static-ANT5-20260910T042930.560318Z/run.json,6377577b6eeb98438ddbc725caf41e86f06b1cd400566678ce4d4968b7828ac9
before,915000000,ANT1,50,-27.227031068401246,-105.23468877988894,0.4294762200690662,0.9306317441533712,/srv/bulk/samteway/lab-data/tracking-915-diagnostic-20260909-v1/captures/block-20260909T170658793466Z-ref-before-A-ANT1-20260909T170658.983016Z/run.json,8032570aa62fd0a33e579991a72e4974625321f73c423264a66ee98d0e5cd4b6
before,915000000,ANT2,50,-34.53105376075592,-132.4860606672137,0.6590586082676497,0.8926506235403482,/srv/bulk/samteway/lab-data/tracking-915-diagnostic-20260909-v1/captures/block-20260909T170658793466Z-ref-before-A-ANT2-20260909T170713.131123Z/run.json,0c4d803b5b227109d3c691f76220760bb4007e865bd708543c13fca716e6fe6e
before,915000000,ANT4,50,-23.953554055865624,60.111604303901245,0.48677898260808006,0.9827213643859114,/srv/bulk/samteway/lab-data/tracking-915-diagnostic-20260909-v1/captures/block-20260909T170658793466Z-ref-before-A-ANT4-20260909T170727.028811Z/run.json,248a9ebbb08dac3250657df325fdda2fb011bae5c325bed43623026e86c28ab4
before,915000000,ANT8,50,-26.88515469594406,0.0,0.5217224312205683,0.9759883845387728,/srv/bulk/samteway/lab-data/tracking-915-diagnostic-20260909-v1/captures/block-20260909T170658793466Z-ref-before-A-ANT8-20260909T170739.871208Z/run.json,73f459f510e4fba3bff10a04007cc886e0391966252c02447f93defe2379e5c0
before,915000000,ANT7,50,-25.624889199278122,-46.276530281953875,0.36316194297214166,0.9774118180881978,/srv/bulk/samteway/lab-data/tracking-915-diagnostic-20260909-v1/captures/block-20260909T170658793466Z-ref-before-A-ANT7-20260909T170804.058259Z/run.json,2b62639b903e9abbe670dafff0000be0a9468e3315ba6811a9a44be263193c6a
before,915000000,ANT5,50,-19.125651567466658,-143.85834251557344,0.32886181977069406,0.9915600798630397,/srv/bulk/samteway/lab-data/tracking-915-diagnostic-20260909-v1/captures/block-20260909T170658793466Z-ref-before-A-ANT5-20260909T170820.854484Z/run.json,5877ccf55f3a0417c2d538e11955eb84a8bce8fd7e77ae2cb205ac7c3992187d
after,915000000,ANT1,50,-18.7377449931979,-78.46387922518187,0.12024629051824097,0.9903212868397694,/srv/bulk/samteway/lab-data/tracking-jitter-20260910-v1/captures/screen-915000000-static-ANT1-20260910T043028.748828Z/run.json,b4784f1b6e0cb6620b169b456f7a237d6b6248377aeb1f8c4a41a4309a1ef185
after,915000000,ANT2,50,-29.062662495055108,-45.718259635189256,0.16743391912483982,0.9419263890062085,/srv/bulk/samteway/lab-data/tracking-jitter-20260910-v1/captures/screen-915000000-static-ANT2-20260910T043038.566310Z/run.json,1ec895e38b3772b6166137ef97c09f0fea0ee96ba2ba4998c56f6656ae62e0f1
after,915000000,ANT4,50,-21.848340316148057,-57.98346951947025,0.1059709411405958,0.991935796450048,/srv/bulk/samteway/lab-data/tracking-jitter-20260910-v1/captures/screen-915000000-static-ANT4-20260910T043048.390602Z/run.json,41a610c9f5edefd393bad1deecba3a6e57d884c2559cfc92b05074d465f49d92
after,915000000,ANT8,50,-22.888112847612877,0.0,0.33439376864888076,0.9895638778131348,/srv/bulk/samteway/lab-data/tracking-jitter-20260910-v1/captures/screen-915000000-static-ANT8-20260910T043058.149205Z/run.json,d19932c86bfeb03e19832d192802567c1ad78d99c44ae5d1f7863a2c2820b7a6
after,915000000,ANT7,50,-37.491241023236995,0.27390560036778244,1.7760031143430541,0.7919843880533523,/srv/bulk/samteway/lab-data/tracking-jitter-20260910-v1/captures/screen-915000000-static-ANT7-20260910T043107.965924Z/run.json,1480ff5ee2fa2643a916f6ab6982cd772fdf59339640f4eff1e27f4974c65a95
after,915000000,ANT5,50,-22.53923851786777,-110.67233416772453,0.13683915799682303,0.9913169116079279,/srv/bulk/samteway/lab-data/tracking-jitter-20260910-v1/captures/screen-915000000-static-ANT5-20260910T043117.692716Z/run.json,3a976359d19fb823018bf1e0441db6232bd7916ac6966c9bfe88606c6aaed8ef
