configuration,dwell_us,round,integration_ms,cycles,groups,active_per_port_ms,weighted_phase_rms_deg,passed,run_json
A,200,1,1.494524844013621,1,2675,0.189,45.97484315009871,False,/srv/bulk/samteway/lab-data/tracking-rate-timing-20260908-v2/captures/screen-r1-A-200us-20260908T071644.130684Z/run.json
A,200,1,2.989049688027242,2,1337,0.378,27.418217566501276,False,/srv/bulk/samteway/lab-data/tracking-rate-timing-20260908-v2/captures/screen-r1-A-200us-20260908T071644.130684Z/run.json
A,200,1,5.978099376054484,4,668,0.756,19.450492469301324,False,/srv/bulk/samteway/lab-data/tracking-rate-timing-20260908-v2/captures/screen-r1-A-200us-20260908T071644.130684Z/run.json
A,200,1,10.461673908095346,7,382,1.323,13.741780519305257,False,/srv/bulk/samteway/lab-data/tracking-rate-timing-20260908-v2/captures/screen-r1-A-200us-20260908T071644.130684Z/run.json
A,200,1,20.92334781619069,14,191,2.646,9.871630422812117,True,/srv/bulk/samteway/lab-data/tracking-rate-timing-20260908-v2/captures/screen-r1-A-200us-20260908T071644.130684Z/run.json
A,200,1,50.813844696463114,34,78,6.426,6.629736778273492,True,/srv/bulk/samteway/lab-data/tracking-rate-timing-20260908-v2/captures/screen-r1-A-200us-20260908T071644.130684Z/run.json
A,200,1,100.1331645489126,67,39,12.663,5.1905429529962825,True,/srv/bulk/samteway/lab-data/tracking-rate-timing-20260908-v2/captures/screen-r1-A-200us-20260908T071644.130684Z/run.json
A,200,1,200.2663290978252,134,19,25.326,3.5039991426194086,True,/srv/bulk/samteway/lab-data/tracking-rate-timing-20260908-v2/captures/screen-r1-A-200us-20260908T071644.130684Z/run.json
A,200,1,400.5326581956504,268,9,50.652,2.3540967750368176,True,/srv/bulk/samteway/lab-data/tracking-rate-timing-20260908-v2/captures/screen-r1-A-200us-20260908T071644.130684Z/run.json
D,200,1,1.4945287148604367,1,2675,0.18919999999999998,70.10969141056268,False,/srv/bulk/samteway/lab-data/tracking-rate-timing-20260908-v2/captures/screen-r1-D-200us-20260908T071655.364551Z/run.json
D,200,1,2.9890574297208734,2,1337,0.37839999999999996,40.20842895907574,False,/srv/bulk/samteway/lab-data/tracking-rate-timing-20260908-v2/captures/screen-r1-D-200us-20260908T071655.364551Z/run.json
D,200,1,5.978114859441747,4,668,0.7567999999999999,29.504802001830026,False,/srv/bulk/samteway/lab-data/tracking-rate-timing-20260908-v2/captures/screen-r1-D-200us-20260908T071655.364551Z/run.json
D,200,1,10.461701004023057,7,382,1.3244,17.581614748056253,False,/srv/bulk/samteway/lab-data/tracking-rate-timing-20260908-v2/captures/screen-r1-D-200us-20260908T071655.364551Z/run.json
D,200,1,20.923402008046114,14,191,2.6488,12.109238836194889,False,/srv/bulk/samteway/lab-data/tracking-rate-timing-20260908-v2/captures/screen-r1-D-200us-20260908T071655.364551Z/run.json
D,200,1,50.81397630525485,34,78,6.432799999999999,8.161881274463116,True,/srv/bulk/samteway/lab-data/tracking-rate-timing-20260908-v2/captures/screen-r1-D-200us-20260908T071655.364551Z/run.json
D,200,1,100.13342389564926,67,39,12.676400000000001,6.368872969648638,True,/srv/bulk/samteway/lab-data/tracking-rate-timing-20260908-v2/captures/screen-r1-D-200us-20260908T071655.364551Z/run.json
D,200,1,200.26684779129852,134,19,25.352800000000002,5.41703501044026,True,/srv/bulk/samteway/lab-data/tracking-rate-timing-20260908-v2/captures/screen-r1-D-200us-20260908T071655.364551Z/run.json
D,200,1,400.53369558259703,268,9,50.705600000000004,4.494170378244462,True,/srv/bulk/samteway/lab-data/tracking-rate-timing-20260908-v2/captures/screen-r1-D-200us-20260908T071655.364551Z/run.json
B,200,1,1.494537304659745,1,2676,0.18919999999999998,60.700105429576475,False,/srv/bulk/samteway/lab-data/tracking-rate-timing-20260908-v2/captures/screen-r1-B-200us-20260908T071707.720894Z/run.json
B,200,1,2.98907460931949,2,1338,0.37839999999999996,33.233161862387156,False,/srv/bulk/samteway/lab-data/tracking-rate-timing-20260908-v2/captures/screen-r1-B-200us-20260908T071707.720894Z/run.json
B,200,1,5.97814921863898,4,669,0.7567999999999999,24.151105988903545,False,/srv/bulk/samteway/lab-data/tracking-rate-timing-20260908-v2/captures/screen-r1-B-200us-20260908T071707.720894Z/run.json
B,200,1,10.461761132618214,7,382,1.3244,14.571612112785647,False,/srv/bulk/samteway/lab-data/tracking-rate-timing-20260908-v2/captures/screen-r1-B-200us-20260908T071707.720894Z/run.json
B,200,1,20.92352226523643,14,191,2.6488,10.531508208222613,False,/srv/bulk/samteway/lab-data/tracking-rate-timing-20260908-v2/captures/screen-r1-B-200us-20260908T071707.720894Z/run.json
B,200,1,50.81426835843133,34,78,6.432799999999999,6.916673652461351,True,/srv/bulk/samteway/lab-data/tracking-rate-timing-20260908-v2/captures/screen-r1-B-200us-20260908T071707.720894Z/run.json
B,200,1,100.13399941220291,67,39,12.676400000000001,5.249684498592308,True,/srv/bulk/samteway/lab-data/tracking-rate-timing-20260908-v2/captures/screen-r1-B-200us-20260908T071707.720894Z/run.json
B,200,1,200.26799882440582,134,19,25.352800000000002,3.7343812522406874,True,/srv/bulk/samteway/lab-data/tracking-rate-timing-20260908-v2/captures/screen-r1-B-200us-20260908T071707.720894Z/run.json
B,200,1,400.53599764881164,268,9,50.705600000000004,3.050719904630077,True,/srv/bulk/samteway/lab-data/tracking-rate-timing-20260908-v2/captures/screen-r1-B-200us-20260908T071707.720894Z/run.json
D,100,1,0.8967916467454254,1,4460,0.0896,77.99638759724075,False,/srv/bulk/samteway/lab-data/tracking-rate-timing-20260908-v2/captures/screen-r1-D-100us-20260908T071725.562457Z/run.json
D,100,1,1.7935832934908509,2,2230,0.1792,73.18506806499046,False,/srv/bulk/samteway/lab-data/tracking-rate-timing-20260908-v2/captures/screen-r1-D-100us-20260908T071725.562457Z/run.json
D,100,1,2.690374940236276,3,1486,0.2688,67.68354705452835,False,/srv/bulk/samteway/lab-data/tracking-rate-timing-20260908-v2/captures/screen-r1-D-100us-20260908T071725.562457Z/run.json
D,100,1,5.380749880472552,6,743,0.5376,30.64471880262792,False,/srv/bulk/samteway/lab-data/tracking-rate-timing-20260908-v2/captures/screen-r1-D-100us-20260908T071725.562457Z/run.json
D,100,1,10.761499760945105,12,371,1.0752,21.001184451702745,False,/srv/bulk/samteway/lab-data/tracking-rate-timing-20260908-v2/captures/screen-r1-D-100us-20260908T071725.562457Z/run.json
D,100,1,20.626207875144786,23,193,2.0608,16.299574898513587,False,/srv/bulk/samteway/lab-data/tracking-rate-timing-20260908-v2/captures/screen-r1-D-100us-20260908T071725.562457Z/run.json
D,100,1,50.220332217743824,56,79,5.0176,11.377079825225076,False,/srv/bulk/samteway/lab-data/tracking-rate-timing-20260908-v2/captures/screen-r1-D-100us-20260908T071725.562457Z/run.json
D,100,1,100.44066443548765,112,39,10.0352,9.237784551339805,True,/srv/bulk/samteway/lab-data/tracking-rate-timing-20260908-v2/captures/screen-r1-D-100us-20260908T071725.562457Z/run.json
D,100,1,200.8813288709753,224,19,20.0704,7.683273343741067,True,/srv/bulk/samteway/lab-data/tracking-rate-timing-20260908-v2/captures/screen-r1-D-100us-20260908T071725.562457Z/run.json
D,100,1,400.86586609520515,447,9,40.0512,5.181259721874841,True,/srv/bulk/samteway/lab-data/tracking-rate-timing-20260908-v2/captures/screen-r1-D-100us-20260908T071725.562457Z/run.json
B,100,1,0.8967185999448002,1,4460,0.0896,77.14803696250729,False,/srv/bulk/samteway/lab-data/tracking-rate-timing-20260908-v2/captures/screen-r1-B-100us-20260908T071738.542121Z/run.json
B,100,1,1.7934371998896004,2,2230,0.1792,72.0007863120128,False,/srv/bulk/samteway/lab-data/tracking-rate-timing-20260908-v2/captures/screen-r1-B-100us-20260908T071738.542121Z/run.json
B,100,1,2.6901557998344003,3,1486,0.2688,67.27099122823195,False,/srv/bulk/samteway/lab-data/tracking-rate-timing-20260908-v2/captures/screen-r1-B-100us-20260908T071738.542121Z/run.json
B,100,1,5.380311599668801,6,743,0.5376,26.918720033490622,False,/srv/bulk/samteway/lab-data/tracking-rate-timing-20260908-v2/captures/screen-r1-B-100us-20260908T071738.542121Z/run.json
B,100,1,10.760623199337601,12,371,1.0752,19.08796804908162,False,/srv/bulk/samteway/lab-data/tracking-rate-timing-20260908-v2/captures/screen-r1-B-100us-20260908T071738.542121Z/run.json
B,100,1,20.624527798730405,23,193,2.0608,13.549921696837815,False,/srv/bulk/samteway/lab-data/tracking-rate-timing-20260908-v2/captures/screen-r1-B-100us-20260908T071738.542121Z/run.json
B,100,1,50.21624159690881,56,79,5.0176,8.607483800267413,True,/srv/bulk/samteway/lab-data/tracking-rate-timing-20260908-v2/captures/screen-r1-B-100us-20260908T071738.542121Z/run.json
B,100,1,100.43248319381762,112,39,10.0352,6.210956112813346,True,/srv/bulk/samteway/lab-data/tracking-rate-timing-20260908-v2/captures/screen-r1-B-100us-20260908T071738.542121Z/run.json
B,100,1,200.86496638763523,224,19,20.0704,4.413907145661186,True,/srv/bulk/samteway/lab-data/tracking-rate-timing-20260908-v2/captures/screen-r1-B-100us-20260908T071738.542121Z/run.json
B,100,1,400.8332141753257,447,9,40.0512,3.404223605007493,True,/srv/bulk/samteway/lab-data/tracking-rate-timing-20260908-v2/captures/screen-r1-B-100us-20260908T071738.542121Z/run.json
A,100,1,0.8968369482683503,1,4459,0.089,88.64656038326873,False,/srv/bulk/samteway/lab-data/tracking-rate-timing-20260908-v2/captures/screen-r1-A-100us-20260908T071750.764082Z/run.json
A,100,1,1.7936738965367005,2,2229,0.178,85.32891357363233,False,/srv/bulk/samteway/lab-data/tracking-rate-timing-20260908-v2/captures/screen-r1-A-100us-20260908T071750.764082Z/run.json
A,100,1,2.6905108448050505,3,1486,0.26699999999999996,80.75503611012563,False,/srv/bulk/samteway/lab-data/tracking-rate-timing-20260908-v2/captures/screen-r1-A-100us-20260908T071750.764082Z/run.json
A,100,1,5.381021689610101,6,743,0.5339999999999999,34.986230034808074,False,/srv/bulk/samteway/lab-data/tracking-rate-timing-20260908-v2/captures/screen-r1-A-100us-20260908T071750.764082Z/run.json
A,100,1,10.762043379220202,12,371,1.0679999999999998,25.68699786959409,False,/srv/bulk/samteway/lab-data/tracking-rate-timing-20260908-v2/captures/screen-r1-A-100us-20260908T071750.764082Z/run.json
A,100,1,20.627249810172056,23,193,2.047,18.048373449537078,False,/srv/bulk/samteway/lab-data/tracking-rate-timing-20260908-v2/captures/screen-r1-A-100us-20260908T071750.764082Z/run.json
A,100,1,50.22286910302761,56,79,4.984,11.646107684563761,False,/srv/bulk/samteway/lab-data/tracking-rate-timing-20260908-v2/captures/screen-r1-A-100us-20260908T071750.764082Z/run.json
A,100,1,100.44573820605522,112,39,9.968,8.726817026965634,True,/srv/bulk/samteway/lab-data/tracking-rate-timing-20260908-v2/captures/screen-r1-A-100us-20260908T071750.764082Z/run.json
A,100,1,200.89147641211045,224,19,19.936,7.214277556499937,True,/srv/bulk/samteway/lab-data/tracking-rate-timing-20260908-v2/captures/screen-r1-A-100us-20260908T071750.764082Z/run.json
A,100,1,400.88611587595256,447,9,39.783,5.75414555262521,True,/srv/bulk/samteway/lab-data/tracking-rate-timing-20260908-v2/captures/screen-r1-A-100us-20260908T071750.764082Z/run.json
B,50,1,0.5977531029510608,1,6691,0.0396,82.981214296192,False,/srv/bulk/samteway/lab-data/tracking-rate-timing-20260908-v2/captures/screen-r1-B-50us-20260908T071807.658588Z/run.json
B,50,1,1.1955062059021215,2,3345,0.0792,63.04814669481958,False,/srv/bulk/samteway/lab-data/tracking-rate-timing-20260908-v2/captures/screen-r1-B-50us-20260908T071807.658588Z/run.json
B,50,1,2.391012411804243,4,1672,0.1584,52.47223194084,False,/srv/bulk/samteway/lab-data/tracking-rate-timing-20260908-v2/captures/screen-r1-B-50us-20260908T071807.658588Z/run.json
B,50,1,5.379777926559547,9,743,0.3564,32.511505317041106,False,/srv/bulk/samteway/lab-data/tracking-rate-timing-20260908-v2/captures/screen-r1-B-50us-20260908T071807.658588Z/run.json
B,50,1,10.161802750168032,17,393,0.6732,25.63292705689101,False,/srv/bulk/samteway/lab-data/tracking-rate-timing-20260908-v2/captures/screen-r1-B-50us-20260908T071807.658588Z/run.json
B,50,1,20.323605500336065,34,196,1.3464,16.31036890316179,False,/srv/bulk/samteway/lab-data/tracking-rate-timing-20260908-v2/captures/screen-r1-B-50us-20260908T071807.658588Z/run.json
B,50,1,50.211260647889105,84,79,3.3264,10.58005481919518,False,/srv/bulk/samteway/lab-data/tracking-rate-timing-20260908-v2/captures/screen-r1-B-50us-20260908T071807.658588Z/run.json
B,50,1,100.42252129577821,168,39,6.6528,8.0021098020326,True,/srv/bulk/samteway/lab-data/tracking-rate-timing-20260908-v2/captures/screen-r1-B-50us-20260908T071807.658588Z/run.json
B,50,1,200.24728948860536,335,19,13.266,6.658123075464191,True,/srv/bulk/samteway/lab-data/tracking-rate-timing-20260908-v2/captures/screen-r1-B-50us-20260908T071807.658588Z/run.json
B,50,1,400.4945789772107,670,9,26.532,4.015779205543506,True,/srv/bulk/samteway/lab-data/tracking-rate-timing-20260908-v2/captures/screen-r1-B-50us-20260908T071807.658588Z/run.json
A,50,1,0.5978320766658323,1,6690,0.0395,90.09995838580417,False,/srv/bulk/samteway/lab-data/tracking-rate-timing-20260908-v2/captures/screen-r1-A-50us-20260908T071820.375542Z/run.json
A,50,1,1.1956641533316645,2,3345,0.079,69.27768958093135,False,/srv/bulk/samteway/lab-data/tracking-rate-timing-20260908-v2/captures/screen-r1-A-50us-20260908T071820.375542Z/run.json
A,50,1,2.391328306663329,4,1672,0.158,60.67602878323716,False,/srv/bulk/samteway/lab-data/tracking-rate-timing-20260908-v2/captures/screen-r1-A-50us-20260908T071820.375542Z/run.json
A,50,1,5.38048868999249,9,743,0.35550000000000004,39.784539414094496,False,/srv/bulk/samteway/lab-data/tracking-rate-timing-20260908-v2/captures/screen-r1-A-50us-20260908T071820.375542Z/run.json
A,50,1,10.163145303319148,17,393,0.6715,32.765073255946646,False,/srv/bulk/samteway/lab-data/tracking-rate-timing-20260908-v2/captures/screen-r1-A-50us-20260908T071820.375542Z/run.json
A,50,1,20.326290606638295,34,196,1.343,22.8061771789138,False,/srv/bulk/samteway/lab-data/tracking-rate-timing-20260908-v2/captures/screen-r1-A-50us-20260908T071820.375542Z/run.json
A,50,1,50.21789443992991,84,79,3.318,18.332488358162877,False,/srv/bulk/samteway/lab-data/tracking-rate-timing-20260908-v2/captures/screen-r1-A-50us-20260908T071820.375542Z/run.json
A,50,1,100.43578887985981,168,39,6.636,14.78233270887093,False,/srv/bulk/samteway/lab-data/tracking-rate-timing-20260908-v2/captures/screen-r1-A-50us-20260908T071820.375542Z/run.json
A,50,1,200.27374568305382,335,19,13.2325,9.84743037129674,True,/srv/bulk/samteway/lab-data/tracking-rate-timing-20260908-v2/captures/screen-r1-A-50us-20260908T071820.375542Z/run.json
A,50,1,400.54749136610764,670,9,26.465,6.918393939286383,True,/srv/bulk/samteway/lab-data/tracking-rate-timing-20260908-v2/captures/screen-r1-A-50us-20260908T071820.375542Z/run.json
D,50,1,0.5978564408714703,1,6689,0.0396,95.8864310480796,False,/srv/bulk/samteway/lab-data/tracking-rate-timing-20260908-v2/captures/screen-r1-D-50us-20260908T071831.764098Z/run.json
D,50,1,1.1957128817429405,2,3344,0.0792,76.65490067795972,False,/srv/bulk/samteway/lab-data/tracking-rate-timing-20260908-v2/captures/screen-r1-D-50us-20260908T071831.764098Z/run.json
D,50,1,2.391425763485881,4,1672,0.1584,72.61393249353289,False,/srv/bulk/samteway/lab-data/tracking-rate-timing-20260908-v2/captures/screen-r1-D-50us-20260908T071831.764098Z/run.json
D,50,1,5.380707967843232,9,743,0.3564,49.61209701313706,False,/srv/bulk/samteway/lab-data/tracking-rate-timing-20260908-v2/captures/screen-r1-D-50us-20260908T071831.764098Z/run.json
D,50,1,10.163559494814995,17,393,0.6732,44.72241824563831,False,/srv/bulk/samteway/lab-data/tracking-rate-timing-20260908-v2/captures/screen-r1-D-50us-20260908T071831.764098Z/run.json
D,50,1,20.32711898962999,34,196,1.3464,31.400483311975243,False,/srv/bulk/samteway/lab-data/tracking-rate-timing-20260908-v2/captures/screen-r1-D-50us-20260908T071831.764098Z/run.json
D,50,1,50.219941033203504,84,79,3.3264,23.424785981283406,False,/srv/bulk/samteway/lab-data/tracking-rate-timing-20260908-v2/captures/screen-r1-D-50us-20260908T071831.764098Z/run.json
D,50,1,100.43988206640701,168,39,6.6528,21.202794150122696,False,/srv/bulk/samteway/lab-data/tracking-rate-timing-20260908-v2/captures/screen-r1-D-50us-20260908T071831.764098Z/run.json
D,50,1,200.28190769194254,335,19,13.266,19.71241765183787,False,/srv/bulk/samteway/lab-data/tracking-rate-timing-20260908-v2/captures/screen-r1-D-50us-20260908T071831.764098Z/run.json
D,50,1,400.56381538388507,670,9,26.532,16.941722563779365,False,/srv/bulk/samteway/lab-data/tracking-rate-timing-20260908-v2/captures/screen-r1-D-50us-20260908T071831.764098Z/run.json
B,25,1,0.4484130582587322,1,8920,0.0148,93.67734469082647,False,/srv/bulk/samteway/lab-data/tracking-rate-timing-20260908-v2/captures/screen-r1-B-25us-20260908T071901.745767Z/run.json
B,25,1,1.3452391747761965,3,2973,0.0444,80.15337358381095,False,/srv/bulk/samteway/lab-data/tracking-rate-timing-20260908-v2/captures/screen-r1-B-25us-20260908T071901.745767Z/run.json
B,25,1,2.242065291293661,5,1784,0.074,66.92284082030848,False,/srv/bulk/samteway/lab-data/tracking-rate-timing-20260908-v2/captures/screen-r1-B-25us-20260908T071901.745767Z/run.json
B,25,1,5.380956699104786,12,743,0.1776,51.53959019505505,False,/srv/bulk/samteway/lab-data/tracking-rate-timing-20260908-v2/captures/screen-r1-B-25us-20260908T071901.745767Z/run.json
B,25,1,10.31350033995084,23,387,0.3404,42.54498385101304,False,/srv/bulk/samteway/lab-data/tracking-rate-timing-20260908-v2/captures/screen-r1-B-25us-20260908T071901.745767Z/run.json
B,25,1,20.178587621642947,45,198,0.666,30.05389192967191,False,/srv/bulk/samteway/lab-data/tracking-rate-timing-20260908-v2/captures/screen-r1-B-25us-20260908T071901.745767Z/run.json
B,25,1,50.22226252497801,112,79,1.6576,17.889583990218103,False,/srv/bulk/samteway/lab-data/tracking-rate-timing-20260908-v2/captures/screen-r1-B-25us-20260908T071901.745767Z/run.json
B,25,1,100.44452504995601,224,39,3.3152,13.163743899905091,False,/srv/bulk/samteway/lab-data/tracking-rate-timing-20260908-v2/captures/screen-r1-B-25us-20260908T071901.745767Z/run.json
B,25,1,200.44063704165328,447,19,6.6156,9.70029514699032,True,/srv/bulk/samteway/lab-data/tracking-rate-timing-20260908-v2/captures/screen-r1-B-25us-20260908T071901.745767Z/run.json
B,25,1,400.4328610250478,893,9,13.2164,7.659932619998768,True,/srv/bulk/samteway/lab-data/tracking-rate-timing-20260908-v2/captures/screen-r1-B-25us-20260908T071901.745767Z/run.json
A,25,1,0.4484229370358797,1,8919,0.0145,98.36731439206775,False,/srv/bulk/samteway/lab-data/tracking-rate-timing-20260908-v2/captures/screen-r1-A-25us-20260908T071914.263010Z/run.json
A,25,1,1.3452688111076392,3,2973,0.0435,91.0516922483321,False,/srv/bulk/samteway/lab-data/tracking-rate-timing-20260908-v2/captures/screen-r1-A-25us-20260908T071914.263010Z/run.json
A,25,1,2.2421146851793985,5,1783,0.0725,84.49139145938233,False,/srv/bulk/samteway/lab-data/tracking-rate-timing-20260908-v2/captures/screen-r1-A-25us-20260908T071914.263010Z/run.json
A,25,1,5.381075244430557,12,743,0.174,76.6924985017698,False,/srv/bulk/samteway/lab-data/tracking-rate-timing-20260908-v2/captures/screen-r1-A-25us-20260908T071914.263010Z/run.json
A,25,1,10.313727551825233,23,387,0.33349999999999996,72.36861606245341,False,/srv/bulk/samteway/lab-data/tracking-rate-timing-20260908-v2/captures/screen-r1-A-25us-20260908T071914.263010Z/run.json
A,25,1,20.179032166614586,45,198,0.6525,64.48016165701632,False,/srv/bulk/samteway/lab-data/tracking-rate-timing-20260908-v2/captures/screen-r1-A-25us-20260908T071914.263010Z/run.json
A,25,1,50.223368948018525,112,79,1.624,54.77795414042971,False,/srv/bulk/samteway/lab-data/tracking-rate-timing-20260908-v2/captures/screen-r1-A-25us-20260908T071914.263010Z/run.json
A,25,1,100.44673789603705,224,39,3.248,52.2266998677363,False,/srv/bulk/samteway/lab-data/tracking-rate-timing-20260908-v2/captures/screen-r1-A-25us-20260908T071914.263010Z/run.json
A,25,1,200.44505285503823,447,19,6.4815000000000005,53.413409521813385,False,/srv/bulk/samteway/lab-data/tracking-rate-timing-20260908-v2/captures/screen-r1-A-25us-20260908T071914.263010Z/run.json
A,25,1,400.44168277304055,893,9,12.9485,47.04212315287738,False,/srv/bulk/samteway/lab-data/tracking-rate-timing-20260908-v2/captures/screen-r1-A-25us-20260908T071914.263010Z/run.json
D,25,2,0.4484000894185406,1,8920,0.0148,95.7122950220531,False,/srv/bulk/samteway/lab-data/tracking-rate-timing-20260908-v2/captures/screen-r2-D-25us-20260908T072011.579511Z/run.json
D,25,2,1.345200268255622,3,2973,0.0444,85.62227034158637,False,/srv/bulk/samteway/lab-data/tracking-rate-timing-20260908-v2/captures/screen-r2-D-25us-20260908T072011.579511Z/run.json
D,25,2,2.242000447092703,5,1784,0.074,75.51261938293709,False,/srv/bulk/samteway/lab-data/tracking-rate-timing-20260908-v2/captures/screen-r2-D-25us-20260908T072011.579511Z/run.json
D,25,2,5.380801073022488,12,743,0.1776,63.97730679471102,False,/srv/bulk/samteway/lab-data/tracking-rate-timing-20260908-v2/captures/screen-r2-D-25us-20260908T072011.579511Z/run.json
D,25,2,10.313202056626434,23,387,0.3404,56.68961095204266,False,/srv/bulk/samteway/lab-data/tracking-rate-timing-20260908-v2/captures/screen-r2-D-25us-20260908T072011.579511Z/run.json
D,25,2,20.178004023834326,45,198,0.666,45.80766903830602,False,/srv/bulk/samteway/lab-data/tracking-rate-timing-20260908-v2/captures/screen-r2-D-25us-20260908T072011.579511Z/run.json
D,25,2,50.22081001487655,112,79,1.6576,35.847965450072316,False,/srv/bulk/samteway/lab-data/tracking-rate-timing-20260908-v2/captures/screen-r2-D-25us-20260908T072011.579511Z/run.json
D,25,2,100.4416200297531,224,39,3.3152,29.932984078637705,False,/srv/bulk/samteway/lab-data/tracking-rate-timing-20260908-v2/captures/screen-r2-D-25us-20260908T072011.579511Z/run.json
D,25,2,200.43483997008764,447,19,6.6156,28.490780095361316,False,/srv/bulk/samteway/lab-data/tracking-rate-timing-20260908-v2/captures/screen-r2-D-25us-20260908T072011.579511Z/run.json
D,25,2,400.4212798507568,893,9,13.2164,28.27042839692599,False,/srv/bulk/samteway/lab-data/tracking-rate-timing-20260908-v2/captures/screen-r2-D-25us-20260908T072011.579511Z/run.json
A,25,2,0.4483877152629356,1,8920,0.0145,94.29403133531841,False,/srv/bulk/samteway/lab-data/tracking-rate-timing-20260908-v2/captures/screen-r2-A-25us-20260908T072025.570249Z/run.json
A,25,2,1.3451631457888067,3,2973,0.0435,84.85068492256704,False,/srv/bulk/samteway/lab-data/tracking-rate-timing-20260908-v2/captures/screen-r2-A-25us-20260908T072025.570249Z/run.json
A,25,2,2.241938576314678,5,1784,0.0725,76.55653265807376,False,/srv/bulk/samteway/lab-data/tracking-rate-timing-20260908-v2/captures/screen-r2-A-25us-20260908T072025.570249Z/run.json
A,25,2,5.380652583155227,12,743,0.174,65.11098312533878,False,/srv/bulk/samteway/lab-data/tracking-rate-timing-20260908-v2/captures/screen-r2-A-25us-20260908T072025.570249Z/run.json
A,25,2,10.312917451047518,23,387,0.33349999999999996,57.02869312637192,False,/srv/bulk/samteway/lab-data/tracking-rate-timing-20260908-v2/captures/screen-r2-A-25us-20260908T072025.570249Z/run.json
A,25,2,20.1774471868321,45,198,0.6525,46.38794064245647,False,/srv/bulk/samteway/lab-data/tracking-rate-timing-20260908-v2/captures/screen-r2-A-25us-20260908T072025.570249Z/run.json
A,25,2,50.21942410944879,112,79,1.624,35.23125303626613,False,/srv/bulk/samteway/lab-data/tracking-rate-timing-20260908-v2/captures/screen-r2-A-25us-20260908T072025.570249Z/run.json
A,25,2,100.43884821889758,224,39,3.248,29.08898137546038,False,/srv/bulk/samteway/lab-data/tracking-rate-timing-20260908-v2/captures/screen-r2-A-25us-20260908T072025.570249Z/run.json
A,25,2,200.4293087225322,447,19,6.4815000000000005,26.511971296389138,False,/srv/bulk/samteway/lab-data/tracking-rate-timing-20260908-v2/captures/screen-r2-A-25us-20260908T072025.570249Z/run.json
A,25,2,400.4102297298015,893,9,12.9485,24.828582201852203,False,/srv/bulk/samteway/lab-data/tracking-rate-timing-20260908-v2/captures/screen-r2-A-25us-20260908T072025.570249Z/run.json
B,50,2,0.5979201866880008,1,6689,0.0396,88.83025257056548,False,/srv/bulk/samteway/lab-data/tracking-rate-timing-20260908-v2/captures/screen-r2-B-50us-20260908T072042.845121Z/run.json
B,50,2,1.1958403733760017,2,3344,0.0792,65.66997282195875,False,/srv/bulk/samteway/lab-data/tracking-rate-timing-20260908-v2/captures/screen-r2-B-50us-20260908T072042.845121Z/run.json
B,50,2,2.3916807467520034,4,1672,0.1584,57.294443971187974,False,/srv/bulk/samteway/lab-data/tracking-rate-timing-20260908-v2/captures/screen-r2-B-50us-20260908T072042.845121Z/run.json
B,50,2,5.381281680192007,9,743,0.3564,38.79147134877701,False,/srv/bulk/samteway/lab-data/tracking-rate-timing-20260908-v2/captures/screen-r2-B-50us-20260908T072042.845121Z/run.json
B,50,2,10.164643173696014,17,393,0.6732,25.830680150388105,False,/srv/bulk/samteway/lab-data/tracking-rate-timing-20260908-v2/captures/screen-r2-B-50us-20260908T072042.845121Z/run.json
B,50,2,20.329286347392028,34,196,1.3464,17.656484882125714,False,/srv/bulk/samteway/lab-data/tracking-rate-timing-20260908-v2/captures/screen-r2-B-50us-20260908T072042.845121Z/run.json
B,50,2,50.22529568179207,84,79,3.3264,10.860559388338547,False,/srv/bulk/samteway/lab-data/tracking-rate-timing-20260908-v2/captures/screen-r2-B-50us-20260908T072042.845121Z/run.json
B,50,2,100.45059136358414,168,39,6.6528,8.45446744110119,True,/srv/bulk/samteway/lab-data/tracking-rate-timing-20260908-v2/captures/screen-r2-B-50us-20260908T072042.845121Z/run.json
B,50,2,200.3032625404803,335,19,13.266,6.489064415626269,True,/srv/bulk/samteway/lab-data/tracking-rate-timing-20260908-v2/captures/screen-r2-B-50us-20260908T072042.845121Z/run.json
B,50,2,400.00860489427254,669,9,26.4924,5.462861596069808,True,/srv/bulk/samteway/lab-data/tracking-rate-timing-20260908-v2/captures/screen-r2-B-50us-20260908T072042.845121Z/run.json
D,50,2,0.5979116122325245,1,6689,0.0396,84.90615279275761,False,/srv/bulk/samteway/lab-data/tracking-rate-timing-20260908-v2/captures/screen-r2-D-50us-20260908T072056.143442Z/run.json
D,50,2,1.195823224465049,2,3344,0.0792,66.94647683645968,False,/srv/bulk/samteway/lab-data/tracking-rate-timing-20260908-v2/captures/screen-r2-D-50us-20260908T072056.143442Z/run.json
D,50,2,2.391646448930098,4,1672,0.1584,56.363160247192496,False,/srv/bulk/samteway/lab-data/tracking-rate-timing-20260908-v2/captures/screen-r2-D-50us-20260908T072056.143442Z/run.json
D,50,2,5.38120451009272,9,743,0.3564,41.15787324051004,False,/srv/bulk/samteway/lab-data/tracking-rate-timing-20260908-v2/captures/screen-r2-D-50us-20260908T072056.143442Z/run.json
D,50,2,10.164497407952917,17,393,0.6732,33.46879641944507,False,/srv/bulk/samteway/lab-data/tracking-rate-timing-20260908-v2/captures/screen-r2-D-50us-20260908T072056.143442Z/run.json
D,50,2,20.328994815905833,34,196,1.3464,27.645771985769024,False,/srv/bulk/samteway/lab-data/tracking-rate-timing-20260908-v2/captures/screen-r2-D-50us-20260908T072056.143442Z/run.json
D,50,2,50.22457542753206,84,79,3.3264,22.845929072500727,False,/srv/bulk/samteway/lab-data/tracking-rate-timing-20260908-v2/captures/screen-r2-D-50us-20260908T072056.143442Z/run.json
D,50,2,100.44915085506412,168,39,6.6528,20.659881479988297,False,/srv/bulk/samteway/lab-data/tracking-rate-timing-20260908-v2/captures/screen-r2-D-50us-20260908T072056.143442Z/run.json
D,50,2,200.30039009789573,335,19,13.266,20.700390381212372,False,/srv/bulk/samteway/lab-data/tracking-rate-timing-20260908-v2/captures/screen-r2-D-50us-20260908T072056.143442Z/run.json
D,50,2,400.0028685835589,669,9,26.4924,16.933303351693457,False,/srv/bulk/samteway/lab-data/tracking-rate-timing-20260908-v2/captures/screen-r2-D-50us-20260908T072056.143442Z/run.json
A,50,2,0.5978818312575332,1,6689,0.0395,87.41142817684008,False,/srv/bulk/samteway/lab-data/tracking-rate-timing-20260908-v2/captures/screen-r2-A-50us-20260908T072110.243709Z/run.json
A,50,2,1.1957636625150665,2,3344,0.079,67.26923587631288,False,/srv/bulk/samteway/lab-data/tracking-rate-timing-20260908-v2/captures/screen-r2-A-50us-20260908T072110.243709Z/run.json
A,50,2,2.391527325030133,4,1672,0.158,60.15161836080592,False,/srv/bulk/samteway/lab-data/tracking-rate-timing-20260908-v2/captures/screen-r2-A-50us-20260908T072110.243709Z/run.json
A,50,2,5.380936481317799,9,743,0.35550000000000004,41.689837313010955,False,/srv/bulk/samteway/lab-data/tracking-rate-timing-20260908-v2/captures/screen-r2-A-50us-20260908T072110.243709Z/run.json
A,50,2,10.163991131378065,17,393,0.6715,31.85040583748914,False,/srv/bulk/samteway/lab-data/tracking-rate-timing-20260908-v2/captures/screen-r2-A-50us-20260908T072110.243709Z/run.json
A,50,2,20.32798226275613,34,196,1.343,23.011788626567366,False,/srv/bulk/samteway/lab-data/tracking-rate-timing-20260908-v2/captures/screen-r2-A-50us-20260908T072110.243709Z/run.json
A,50,2,50.22207382563279,84,79,3.318,14.53077967151281,False,/srv/bulk/samteway/lab-data/tracking-rate-timing-20260908-v2/captures/screen-r2-A-50us-20260908T072110.243709Z/run.json
A,50,2,100.44414765126558,168,39,6.636,12.633124612416365,False,/srv/bulk/samteway/lab-data/tracking-rate-timing-20260908-v2/captures/screen-r2-A-50us-20260908T072110.243709Z/run.json
A,50,2,200.29041347127364,335,19,13.2325,10.688095544007398,False,/srv/bulk/samteway/lab-data/tracking-rate-timing-20260908-v2/captures/screen-r2-A-50us-20260908T072110.243709Z/run.json
A,50,2,400.5808269425473,670,9,26.465,7.659985140166459,True,/srv/bulk/samteway/lab-data/tracking-rate-timing-20260908-v2/captures/screen-r2-A-50us-20260908T072110.243709Z/run.json
B,100,2,0.8969041092868284,1,4459,0.0896,74.07716334974651,False,/srv/bulk/samteway/lab-data/tracking-rate-timing-20260908-v2/captures/screen-r2-B-100us-20260908T072128.436476Z/run.json
B,100,2,1.7938082185736568,2,2229,0.1792,66.92120428408552,False,/srv/bulk/samteway/lab-data/tracking-rate-timing-20260908-v2/captures/screen-r2-B-100us-20260908T072128.436476Z/run.json
B,100,2,2.690712327860485,3,1486,0.2688,60.439755425853704,False,/srv/bulk/samteway/lab-data/tracking-rate-timing-20260908-v2/captures/screen-r2-B-100us-20260908T072128.436476Z/run.json
B,100,2,5.38142465572097,6,743,0.5376,31.17805768518718,False,/srv/bulk/samteway/lab-data/tracking-rate-timing-20260908-v2/captures/screen-r2-B-100us-20260908T072128.436476Z/run.json
B,100,2,10.76284931144194,12,371,1.0752,22.93364297313821,False,/srv/bulk/samteway/lab-data/tracking-rate-timing-20260908-v2/captures/screen-r2-B-100us-20260908T072128.436476Z/run.json
B,100,2,20.628794513597054,23,193,2.0608,16.144498278142173,False,/srv/bulk/samteway/lab-data/tracking-rate-timing-20260908-v2/captures/screen-r2-B-100us-20260908T072128.436476Z/run.json
B,100,2,50.22663012006239,56,79,5.0176,9.78534163255748,True,/srv/bulk/samteway/lab-data/tracking-rate-timing-20260908-v2/captures/screen-r2-B-100us-20260908T072128.436476Z/run.json
B,100,2,100.45326024012478,112,39,10.0352,7.566411844002916,True,/srv/bulk/samteway/lab-data/tracking-rate-timing-20260908-v2/captures/screen-r2-B-100us-20260908T072128.436476Z/run.json
B,100,2,200.00961637096273,223,19,19.9808,4.896189403012738,True,/srv/bulk/samteway/lab-data/tracking-rate-timing-20260908-v2/captures/screen-r2-B-100us-20260908T072128.436476Z/run.json
B,100,2,400.01923274192546,446,9,39.9616,3.8509215242337342,True,/srv/bulk/samteway/lab-data/tracking-rate-timing-20260908-v2/captures/screen-r2-B-100us-20260908T072128.436476Z/run.json
A,100,2,0.8969225035844479,1,4458,0.089,73.64017235961661,False,/srv/bulk/samteway/lab-data/tracking-rate-timing-20260908-v2/captures/screen-r2-A-100us-20260908T072142.110498Z/run.json
A,100,2,1.7938450071688958,2,2229,0.178,66.48208219286994,False,/srv/bulk/samteway/lab-data/tracking-rate-timing-20260908-v2/captures/screen-r2-A-100us-20260908T072142.110498Z/run.json
A,100,2,2.6907675107533437,3,1486,0.26699999999999996,55.73515279830755,False,/srv/bulk/samteway/lab-data/tracking-rate-timing-20260908-v2/captures/screen-r2-A-100us-20260908T072142.110498Z/run.json
A,100,2,5.3815350215066875,6,743,0.5339999999999999,28.31408635836926,False,/srv/bulk/samteway/lab-data/tracking-rate-timing-20260908-v2/captures/screen-r2-A-100us-20260908T072142.110498Z/run.json
A,100,2,10.763070043013375,12,371,1.0679999999999998,19.980524108920577,False,/srv/bulk/samteway/lab-data/tracking-rate-timing-20260908-v2/captures/screen-r2-A-100us-20260908T072142.110498Z/run.json
A,100,2,20.6292175824423,23,193,2.047,13.20884495857532,False,/srv/bulk/samteway/lab-data/tracking-rate-timing-20260908-v2/captures/screen-r2-A-100us-20260908T072142.110498Z/run.json
A,100,2,50.22766020072908,56,79,4.984,8.848587363088717,True,/srv/bulk/samteway/lab-data/tracking-rate-timing-20260908-v2/captures/screen-r2-A-100us-20260908T072142.110498Z/run.json
A,100,2,100.45532040145817,112,39,9.968,6.728002461557802,True,/srv/bulk/samteway/lab-data/tracking-rate-timing-20260908-v2/captures/screen-r2-A-100us-20260908T072142.110498Z/run.json
A,100,2,200.01371829933188,223,19,19.847,5.193206625996021,True,/srv/bulk/samteway/lab-data/tracking-rate-timing-20260908-v2/captures/screen-r2-A-100us-20260908T072142.110498Z/run.json
A,100,2,400.02743659866377,446,9,39.694,4.507332659092324,True,/srv/bulk/samteway/lab-data/tracking-rate-timing-20260908-v2/captures/screen-r2-A-100us-20260908T072142.110498Z/run.json
D,100,2,0.8968374140131411,1,4459,0.0896,87.6902138883237,False,/srv/bulk/samteway/lab-data/tracking-rate-timing-20260908-v2/captures/screen-r2-D-100us-20260908T072153.974681Z/run.json
D,100,2,1.7936748280262822,2,2229,0.1792,84.19448039001998,False,/srv/bulk/samteway/lab-data/tracking-rate-timing-20260908-v2/captures/screen-r2-D-100us-20260908T072153.974681Z/run.json
D,100,2,2.690512242039423,3,1486,0.2688,79.20984988683725,False,/srv/bulk/samteway/lab-data/tracking-rate-timing-20260908-v2/captures/screen-r2-D-100us-20260908T072153.974681Z/run.json
D,100,2,5.381024484078846,6,743,0.5376,40.3256799145765,False,/srv/bulk/samteway/lab-data/tracking-rate-timing-20260908-v2/captures/screen-r2-D-100us-20260908T072153.974681Z/run.json
D,100,2,10.762048968157693,12,371,1.0752,30.82748106155499,False,/srv/bulk/samteway/lab-data/tracking-rate-timing-20260908-v2/captures/screen-r2-D-100us-20260908T072153.974681Z/run.json
D,100,2,20.627260522302244,23,193,2.0608,20.62257314228998,False,/srv/bulk/samteway/lab-data/tracking-rate-timing-20260908-v2/captures/screen-r2-D-100us-20260908T072153.974681Z/run.json
D,100,2,50.222895184735904,56,79,5.0176,13.061187684299442,False,/srv/bulk/samteway/lab-data/tracking-rate-timing-20260908-v2/captures/screen-r2-D-100us-20260908T072153.974681Z/run.json
D,100,2,100.44579036947181,112,39,10.0352,10.456643770041879,False,/srv/bulk/samteway/lab-data/tracking-rate-timing-20260908-v2/captures/screen-r2-D-100us-20260908T072153.974681Z/run.json
D,100,2,200.89158073894362,224,19,20.0704,8.837263484777258,True,/srv/bulk/samteway/lab-data/tracking-rate-timing-20260908-v2/captures/screen-r2-D-100us-20260908T072153.974681Z/run.json
D,100,2,400.8863240638741,447,9,40.0512,7.264143409427936,True,/srv/bulk/samteway/lab-data/tracking-rate-timing-20260908-v2/captures/screen-r2-D-100us-20260908T072153.974681Z/run.json
B,200,2,1.49465085703186,1,2675,0.18919999999999998,55.89633174730854,False,/srv/bulk/samteway/lab-data/tracking-rate-timing-20260908-v2/captures/screen-r2-B-200us-20260908T072213.815522Z/run.json
B,200,2,2.98930171406372,2,1337,0.37839999999999996,33.5323988283089,False,/srv/bulk/samteway/lab-data/tracking-rate-timing-20260908-v2/captures/screen-r2-B-200us-20260908T072213.815522Z/run.json
B,200,2,5.97860342812744,4,668,0.7567999999999999,22.51680947553812,False,/srv/bulk/samteway/lab-data/tracking-rate-timing-20260908-v2/captures/screen-r2-B-200us-20260908T072213.815522Z/run.json
B,200,2,10.462555999223019,7,382,1.3244,15.230221745522355,False,/srv/bulk/samteway/lab-data/tracking-rate-timing-20260908-v2/captures/screen-r2-B-200us-20260908T072213.815522Z/run.json
B,200,2,20.925111998446038,14,191,2.6488,10.057371512848391,False,/srv/bulk/samteway/lab-data/tracking-rate-timing-20260908-v2/captures/screen-r2-B-200us-20260908T072213.815522Z/run.json
B,200,2,50.81812913908324,34,78,6.432799999999999,6.852283551590942,True,/srv/bulk/samteway/lab-data/tracking-rate-timing-20260908-v2/captures/screen-r2-B-200us-20260908T072213.815522Z/run.json
B,200,2,100.14160742113462,67,39,12.676400000000001,4.473205223266161,True,/srv/bulk/samteway/lab-data/tracking-rate-timing-20260908-v2/captures/screen-r2-B-200us-20260908T072213.815522Z/run.json
B,200,2,200.28321484226925,134,19,25.352800000000002,3.3554356697250585,True,/srv/bulk/samteway/lab-data/tracking-rate-timing-20260908-v2/captures/screen-r2-B-200us-20260908T072213.815522Z/run.json
B,200,2,400.5664296845385,268,9,50.705600000000004,2.7297392996307073,True,/srv/bulk/samteway/lab-data/tracking-rate-timing-20260908-v2/captures/screen-r2-B-200us-20260908T072213.815522Z/run.json
D,200,2,1.4946532187720527,1,2675,0.18919999999999998,48.6793506253771,False,/srv/bulk/samteway/lab-data/tracking-rate-timing-20260908-v2/captures/screen-r2-D-200us-20260908T072227.204091Z/run.json
D,200,2,2.9893064375441054,2,1337,0.37839999999999996,31.037726461860963,False,/srv/bulk/samteway/lab-data/tracking-rate-timing-20260908-v2/captures/screen-r2-D-200us-20260908T072227.204091Z/run.json
D,200,2,5.978612875088211,4,668,0.7567999999999999,20.465320322063004,False,/srv/bulk/samteway/lab-data/tracking-rate-timing-20260908-v2/captures/screen-r2-D-200us-20260908T072227.204091Z/run.json
D,200,2,10.46257253140437,7,382,1.3244,14.641812506351544,False,/srv/bulk/samteway/lab-data/tracking-rate-timing-20260908-v2/captures/screen-r2-D-200us-20260908T072227.204091Z/run.json
D,200,2,20.92514506280874,14,191,2.6488,10.501862379745061,False,/srv/bulk/samteway/lab-data/tracking-rate-timing-20260908-v2/captures/screen-r2-D-200us-20260908T072227.204091Z/run.json
D,200,2,50.818209438249795,34,78,6.432799999999999,6.644342348759173,True,/srv/bulk/samteway/lab-data/tracking-rate-timing-20260908-v2/captures/screen-r2-D-200us-20260908T072227.204091Z/run.json
D,200,2,100.14176565772753,67,39,12.676400000000001,4.939200569344224,True,/srv/bulk/samteway/lab-data/tracking-rate-timing-20260908-v2/captures/screen-r2-D-200us-20260908T072227.204091Z/run.json
D,200,2,200.28353131545506,134,19,25.352800000000002,3.0762146284660377,True,/srv/bulk/samteway/lab-data/tracking-rate-timing-20260908-v2/captures/screen-r2-D-200us-20260908T072227.204091Z/run.json
D,200,2,400.56706263091013,268,9,50.705600000000004,2.131337459609321,True,/srv/bulk/samteway/lab-data/tracking-rate-timing-20260908-v2/captures/screen-r2-D-200us-20260908T072227.204091Z/run.json
A,200,2,1.494683525622435,1,2675,0.189,58.526840284215346,False,/srv/bulk/samteway/lab-data/tracking-rate-timing-20260908-v2/captures/screen-r2-A-200us-20260908T072240.677278Z/run.json
A,200,2,2.98936705124487,2,1337,0.378,38.73287142796343,False,/srv/bulk/samteway/lab-data/tracking-rate-timing-20260908-v2/captures/screen-r2-A-200us-20260908T072240.677278Z/run.json
A,200,2,5.97873410248974,4,668,0.756,24.925332020547216,False,/srv/bulk/samteway/lab-data/tracking-rate-timing-20260908-v2/captures/screen-r2-A-200us-20260908T072240.677278Z/run.json
A,200,2,10.462784679357044,7,382,1.323,16.939810107177664,False,/srv/bulk/samteway/lab-data/tracking-rate-timing-20260908-v2/captures/screen-r2-A-200us-20260908T072240.677278Z/run.json
A,200,2,20.92556935871409,14,191,2.646,10.956684577268723,False,/srv/bulk/samteway/lab-data/tracking-rate-timing-20260908-v2/captures/screen-r2-A-200us-20260908T072240.677278Z/run.json
A,200,2,50.819239871162786,34,78,6.426,7.122228643315324,True,/srv/bulk/samteway/lab-data/tracking-rate-timing-20260908-v2/captures/screen-r2-A-200us-20260908T072240.677278Z/run.json
A,200,2,100.14379621670314,67,39,12.663,5.965223929627441,True,/srv/bulk/samteway/lab-data/tracking-rate-timing-20260908-v2/captures/screen-r2-A-200us-20260908T072240.677278Z/run.json
A,200,2,200.28759243340627,134,19,25.326,4.414658760620052,True,/srv/bulk/samteway/lab-data/tracking-rate-timing-20260908-v2/captures/screen-r2-A-200us-20260908T072240.677278Z/run.json
A,200,2,400.57518486681255,268,9,50.652,3.2694662345952064,True,/srv/bulk/samteway/lab-data/tracking-rate-timing-20260908-v2/captures/screen-r2-A-200us-20260908T072240.677278Z/run.json
D,100,3,0.8969127802838981,1,4458,0.0896,84.06369096777442,False,/srv/bulk/samteway/lab-data/tracking-rate-timing-20260908-v2/captures/screen-r3-D-100us-20260908T072322.861537Z/run.json
D,100,3,1.7938255605677962,2,2229,0.1792,79.54701764606176,False,/srv/bulk/samteway/lab-data/tracking-rate-timing-20260908-v2/captures/screen-r3-D-100us-20260908T072322.861537Z/run.json
D,100,3,2.690738340851694,3,1486,0.2688,73.16838532518624,False,/srv/bulk/samteway/lab-data/tracking-rate-timing-20260908-v2/captures/screen-r3-D-100us-20260908T072322.861537Z/run.json
D,100,3,5.381476681703388,6,743,0.5376,41.92128615128485,False,/srv/bulk/samteway/lab-data/tracking-rate-timing-20260908-v2/captures/screen-r3-D-100us-20260908T072322.861537Z/run.json
D,100,3,10.762953363406776,12,371,1.0752,32.94522001106203,False,/srv/bulk/samteway/lab-data/tracking-rate-timing-20260908-v2/captures/screen-r3-D-100us-20260908T072322.861537Z/run.json
D,100,3,20.628993946529658,23,193,2.0608,19.65805336607113,False,/srv/bulk/samteway/lab-data/tracking-rate-timing-20260908-v2/captures/screen-r3-D-100us-20260908T072322.861537Z/run.json
D,100,3,50.22711569589829,56,79,5.0176,12.561198730845046,False,/srv/bulk/samteway/lab-data/tracking-rate-timing-20260908-v2/captures/screen-r3-D-100us-20260908T072322.861537Z/run.json
D,100,3,100.45423139179658,112,39,10.0352,10.84572386664675,False,/srv/bulk/samteway/lab-data/tracking-rate-timing-20260908-v2/captures/screen-r3-D-100us-20260908T072322.861537Z/run.json
D,100,3,200.01155000330928,223,19,19.9808,9.737791923242167,True,/srv/bulk/samteway/lab-data/tracking-rate-timing-20260908-v2/captures/screen-r3-D-100us-20260908T072322.861537Z/run.json
D,100,3,400.02310000661856,446,9,39.9616,8.371591067098343,True,/srv/bulk/samteway/lab-data/tracking-rate-timing-20260908-v2/captures/screen-r3-D-100us-20260908T072322.861537Z/run.json
B,100,3,0.8968375286541054,1,4459,0.0896,68.80097893539359,False,/srv/bulk/samteway/lab-data/tracking-rate-timing-20260908-v2/captures/screen-r3-B-100us-20260908T072335.721711Z/run.json
B,100,3,1.7936750573082108,2,2229,0.1792,60.42014581918804,False,/srv/bulk/samteway/lab-data/tracking-rate-timing-20260908-v2/captures/screen-r3-B-100us-20260908T072335.721711Z/run.json
B,100,3,2.690512585962316,3,1486,0.2688,50.212897475150655,False,/srv/bulk/samteway/lab-data/tracking-rate-timing-20260908-v2/captures/screen-r3-B-100us-20260908T072335.721711Z/run.json
B,100,3,5.381025171924632,6,743,0.5376,25.500977981136543,False,/srv/bulk/samteway/lab-data/tracking-rate-timing-20260908-v2/captures/screen-r3-B-100us-20260908T072335.721711Z/run.json
B,100,3,10.762050343849264,12,371,1.0752,17.62155951417063,False,/srv/bulk/samteway/lab-data/tracking-rate-timing-20260908-v2/captures/screen-r3-B-100us-20260908T072335.721711Z/run.json
B,100,3,20.627263159044425,23,193,2.0608,12.180994722149636,False,/srv/bulk/samteway/lab-data/tracking-rate-timing-20260908-v2/captures/screen-r3-B-100us-20260908T072335.721711Z/run.json
B,100,3,50.222901604629904,56,79,5.0176,7.83449467135132,True,/srv/bulk/samteway/lab-data/tracking-rate-timing-20260908-v2/captures/screen-r3-B-100us-20260908T072335.721711Z/run.json
B,100,3,100.44580320925981,112,39,10.0352,5.5723162798590735,True,/srv/bulk/samteway/lab-data/tracking-rate-timing-20260908-v2/captures/screen-r3-B-100us-20260908T072335.721711Z/run.json
B,100,3,200.89160641851961,224,19,20.0704,3.741735235416611,True,/srv/bulk/samteway/lab-data/tracking-rate-timing-20260908-v2/captures/screen-r3-B-100us-20260908T072335.721711Z/run.json
B,100,3,400.8863753083851,447,9,40.0512,2.5864441906390336,True,/srv/bulk/samteway/lab-data/tracking-rate-timing-20260908-v2/captures/screen-r3-B-100us-20260908T072335.721711Z/run.json
A,100,3,0.8967882106405585,1,4460,0.089,74.99774779909104,False,/srv/bulk/samteway/lab-data/tracking-rate-timing-20260908-v2/captures/screen-r3-A-100us-20260908T072348.804384Z/run.json
A,100,3,1.793576421281117,2,2230,0.178,68.26677635359293,False,/srv/bulk/samteway/lab-data/tracking-rate-timing-20260908-v2/captures/screen-r3-A-100us-20260908T072348.804384Z/run.json
A,100,3,2.6903646319216756,3,1486,0.26699999999999996,59.158247647539774,False,/srv/bulk/samteway/lab-data/tracking-rate-timing-20260908-v2/captures/screen-r3-A-100us-20260908T072348.804384Z/run.json
A,100,3,5.380729263843351,6,743,0.5339999999999999,29.87613334973059,False,/srv/bulk/samteway/lab-data/tracking-rate-timing-20260908-v2/captures/screen-r3-A-100us-20260908T072348.804384Z/run.json
A,100,3,10.761458527686703,12,371,1.0679999999999998,21.501264008729674,False,/srv/bulk/samteway/lab-data/tracking-rate-timing-20260908-v2/captures/screen-r3-A-100us-20260908T072348.804384Z/run.json
A,100,3,20.626128844732843,23,193,2.047,15.2015648402933,False,/srv/bulk/samteway/lab-data/tracking-rate-timing-20260908-v2/captures/screen-r3-A-100us-20260908T072348.804384Z/run.json
A,100,3,50.220139795871276,56,79,4.984,9.929892100352674,True,/srv/bulk/samteway/lab-data/tracking-rate-timing-20260908-v2/captures/screen-r3-A-100us-20260908T072348.804384Z/run.json
A,100,3,100.44027959174255,112,39,9.968,7.439695018026652,True,/srv/bulk/samteway/lab-data/tracking-rate-timing-20260908-v2/captures/screen-r3-A-100us-20260908T072348.804384Z/run.json
A,100,3,200.8805591834851,224,19,19.936,6.034236207070652,True,/srv/bulk/samteway/lab-data/tracking-rate-timing-20260908-v2/captures/screen-r3-A-100us-20260908T072348.804384Z/run.json
A,100,3,400.86433015632963,447,9,39.783,5.196219805163377,True,/srv/bulk/samteway/lab-data/tracking-rate-timing-20260908-v2/captures/screen-r3-A-100us-20260908T072348.804384Z/run.json
D,25,3,0.4484662211640224,1,8918,0.0148,96.46665871773331,False,/srv/bulk/samteway/lab-data/tracking-rate-timing-20260908-v2/captures/screen-r3-D-25us-20260908T072416.075497Z/run.json
D,25,3,1.3453986634920672,3,2972,0.0444,87.46476454581035,False,/srv/bulk/samteway/lab-data/tracking-rate-timing-20260908-v2/captures/screen-r3-D-25us-20260908T072416.075497Z/run.json
D,25,3,2.242331105820112,5,1783,0.074,79.27362582605794,False,/srv/bulk/samteway/lab-data/tracking-rate-timing-20260908-v2/captures/screen-r3-D-25us-20260908T072416.075497Z/run.json
D,25,3,5.381594653968269,12,743,0.1776,68.96488399891429,False,/srv/bulk/samteway/lab-data/tracking-rate-timing-20260908-v2/captures/screen-r3-D-25us-20260908T072416.075497Z/run.json
D,25,3,10.314723086772515,23,387,0.3404,59.26404027240357,False,/srv/bulk/samteway/lab-data/tracking-rate-timing-20260908-v2/captures/screen-r3-D-25us-20260908T072416.075497Z/run.json
D,25,3,20.18097995238101,45,198,0.666,52.00293729792689,False,/srv/bulk/samteway/lab-data/tracking-rate-timing-20260908-v2/captures/screen-r3-D-25us-20260908T072416.075497Z/run.json
D,25,3,50.22821677037051,112,79,1.6576,41.012259774170246,False,/srv/bulk/samteway/lab-data/tracking-rate-timing-20260908-v2/captures/screen-r3-D-25us-20260908T072416.075497Z/run.json
D,25,3,100.00796731957699,223,39,3.3004000000000002,35.935789097000004,False,/srv/bulk/samteway/lab-data/tracking-rate-timing-20260908-v2/captures/screen-r3-D-25us-20260908T072416.075497Z/run.json
D,25,3,200.01593463915398,446,19,6.6008000000000004,32.03701308930786,False,/srv/bulk/samteway/lab-data/tracking-rate-timing-20260908-v2/captures/screen-r3-D-25us-20260908T072416.075497Z/run.json
D,25,3,400.03186927830797,892,9,13.201600000000001,28.001120268221502,False,/srv/bulk/samteway/lab-data/tracking-rate-timing-20260908-v2/captures/screen-r3-D-25us-20260908T072416.075497Z/run.json
A,200,3,1.49493972603062,1,2675,0.189,74.9475467698479,False,/srv/bulk/samteway/lab-data/tracking-rate-timing-20260908-v2/captures/screen-r3-A-200us-20260908T072446.255272Z/run.json
A,200,3,2.98987945206124,2,1337,0.378,55.23014364771045,False,/srv/bulk/samteway/lab-data/tracking-rate-timing-20260908-v2/captures/screen-r3-A-200us-20260908T072446.255272Z/run.json
A,200,3,5.97975890412248,4,668,0.756,29.41557869794731,False,/srv/bulk/samteway/lab-data/tracking-rate-timing-20260908-v2/captures/screen-r3-A-200us-20260908T072446.255272Z/run.json
A,200,3,10.464578082214341,7,382,1.323,18.88687671871802,False,/srv/bulk/samteway/lab-data/tracking-rate-timing-20260908-v2/captures/screen-r3-A-200us-20260908T072446.255272Z/run.json
A,200,3,20.929156164428683,14,191,2.646,13.126161013990433,False,/srv/bulk/samteway/lab-data/tracking-rate-timing-20260908-v2/captures/screen-r3-A-200us-20260908T072446.255272Z/run.json
A,200,3,50.82795068504108,34,78,6.426,8.541929775353589,True,/srv/bulk/samteway/lab-data/tracking-rate-timing-20260908-v2/captures/screen-r3-A-200us-20260908T072446.255272Z/run.json
A,200,3,100.16096164405154,67,39,12.663,6.302051057859439,True,/srv/bulk/samteway/lab-data/tracking-rate-timing-20260908-v2/captures/screen-r3-A-200us-20260908T072446.255272Z/run.json
A,200,3,200.32192328810308,134,19,25.326,5.157994341789559,True,/srv/bulk/samteway/lab-data/tracking-rate-timing-20260908-v2/captures/screen-r3-A-200us-20260908T072446.255272Z/run.json
A,200,3,400.64384657620616,268,9,50.652,4.259441188608583,True,/srv/bulk/samteway/lab-data/tracking-rate-timing-20260908-v2/captures/screen-r3-A-200us-20260908T072446.255272Z/run.json
D,200,3,1.4947158715284734,1,2675,0.18919999999999998,55.10972463009482,False,/srv/bulk/samteway/lab-data/tracking-rate-timing-20260908-v2/captures/screen-r3-D-200us-20260908T072457.813718Z/run.json
D,200,3,2.989431743056947,2,1337,0.37839999999999996,35.06238015140315,False,/srv/bulk/samteway/lab-data/tracking-rate-timing-20260908-v2/captures/screen-r3-D-200us-20260908T072457.813718Z/run.json
D,200,3,5.978863486113894,4,668,0.7567999999999999,21.923344646650122,False,/srv/bulk/samteway/lab-data/tracking-rate-timing-20260908-v2/captures/screen-r3-D-200us-20260908T072457.813718Z/run.json
D,200,3,10.463011100699314,7,382,1.3244,15.901131984041847,False,/srv/bulk/samteway/lab-data/tracking-rate-timing-20260908-v2/captures/screen-r3-D-200us-20260908T072457.813718Z/run.json
D,200,3,20.926022201398627,14,191,2.6488,10.661900169941385,False,/srv/bulk/samteway/lab-data/tracking-rate-timing-20260908-v2/captures/screen-r3-D-200us-20260908T072457.813718Z/run.json
D,200,3,50.820339631968096,34,78,6.432799999999999,7.007652275063276,True,/srv/bulk/samteway/lab-data/tracking-rate-timing-20260908-v2/captures/screen-r3-D-200us-20260908T072457.813718Z/run.json
D,200,3,100.14596339240772,67,39,12.676400000000001,4.895531689765859,True,/srv/bulk/samteway/lab-data/tracking-rate-timing-20260908-v2/captures/screen-r3-D-200us-20260908T072457.813718Z/run.json
D,200,3,200.29192678481544,134,19,25.352800000000002,3.830837616512491,True,/srv/bulk/samteway/lab-data/tracking-rate-timing-20260908-v2/captures/screen-r3-D-200us-20260908T072457.813718Z/run.json
D,200,3,400.5838535696309,268,9,50.705600000000004,3.169501708160881,True,/srv/bulk/samteway/lab-data/tracking-rate-timing-20260908-v2/captures/screen-r3-D-200us-20260908T072457.813718Z/run.json
B,200,3,1.4948484227410581,1,2675,0.18919999999999998,46.97010790589094,False,/srv/bulk/samteway/lab-data/tracking-rate-timing-20260908-v2/captures/screen-r3-B-200us-20260908T072510.983364Z/run.json
B,200,3,2.9896968454821162,2,1337,0.37839999999999996,30.489072309089366,False,/srv/bulk/samteway/lab-data/tracking-rate-timing-20260908-v2/captures/screen-r3-B-200us-20260908T072510.983364Z/run.json
B,200,3,5.9793936909642325,4,668,0.7567999999999999,19.159819787918167,False,/srv/bulk/samteway/lab-data/tracking-rate-timing-20260908-v2/captures/screen-r3-B-200us-20260908T072510.983364Z/run.json
B,200,3,10.463938959187407,7,382,1.3244,13.781442013609148,False,/srv/bulk/samteway/lab-data/tracking-rate-timing-20260908-v2/captures/screen-r3-B-200us-20260908T072510.983364Z/run.json
B,200,3,20.927877918374815,14,191,2.6488,9.435289322296725,True,/srv/bulk/samteway/lab-data/tracking-rate-timing-20260908-v2/captures/screen-r3-B-200us-20260908T072510.983364Z/run.json
B,200,3,50.824846373195975,34,78,6.432799999999999,6.023516792522958,True,/srv/bulk/samteway/lab-data/tracking-rate-timing-20260908-v2/captures/screen-r3-B-200us-20260908T072510.983364Z/run.json
B,200,3,100.15484432365089,67,39,12.676400000000001,3.8875416556225884,True,/srv/bulk/samteway/lab-data/tracking-rate-timing-20260908-v2/captures/screen-r3-B-200us-20260908T072510.983364Z/run.json
B,200,3,200.30968864730178,134,19,25.352800000000002,2.5634093770208897,True,/srv/bulk/samteway/lab-data/tracking-rate-timing-20260908-v2/captures/screen-r3-B-200us-20260908T072510.983364Z/run.json
B,200,3,400.61937729460357,268,9,50.705600000000004,1.6493795410278471,True,/srv/bulk/samteway/lab-data/tracking-rate-timing-20260908-v2/captures/screen-r3-B-200us-20260908T072510.983364Z/run.json
A,50,3,0.5979975607575383,1,6688,0.0395,90.63717295803269,False,/srv/bulk/samteway/lab-data/tracking-rate-timing-20260908-v2/captures/screen-r3-A-50us-20260908T072529.267552Z/run.json
A,50,3,1.1959951215150766,2,3344,0.079,73.36897263533767,False,/srv/bulk/samteway/lab-data/tracking-rate-timing-20260908-v2/captures/screen-r3-A-50us-20260908T072529.267552Z/run.json
A,50,3,2.391990243030153,4,1672,0.158,65.15430926429147,False,/srv/bulk/samteway/lab-data/tracking-rate-timing-20260908-v2/captures/screen-r3-A-50us-20260908T072529.267552Z/run.json
A,50,3,5.381978046817845,9,743,0.35550000000000004,57.708229628945176,False,/srv/bulk/samteway/lab-data/tracking-rate-timing-20260908-v2/captures/screen-r3-A-50us-20260908T072529.267552Z/run.json
A,50,3,10.16595853287815,17,393,0.6715,45.31453151573068,False,/srv/bulk/samteway/lab-data/tracking-rate-timing-20260908-v2/captures/screen-r3-A-50us-20260908T072529.267552Z/run.json
A,50,3,20.3319170657563,34,196,1.343,41.23084800857233,False,/srv/bulk/samteway/lab-data/tracking-rate-timing-20260908-v2/captures/screen-r3-A-50us-20260908T072529.267552Z/run.json
A,50,3,50.23179510363322,84,79,3.318,40.62189317052554,False,/srv/bulk/samteway/lab-data/tracking-rate-timing-20260908-v2/captures/screen-r3-A-50us-20260908T072529.267552Z/run.json
A,50,3,100.46359020726644,168,39,6.636,41.80114581793473,False,/srv/bulk/samteway/lab-data/tracking-rate-timing-20260908-v2/captures/screen-r3-A-50us-20260908T072529.267552Z/run.json
A,50,3,200.32918285377534,335,19,13.2325,38.148937683581785,False,/srv/bulk/samteway/lab-data/tracking-rate-timing-20260908-v2/captures/screen-r3-A-50us-20260908T072529.267552Z/run.json
A,50,3,400.0603681467931,669,9,26.4255,38.630600454942865,False,/srv/bulk/samteway/lab-data/tracking-rate-timing-20260908-v2/captures/screen-r3-A-50us-20260908T072529.267552Z/run.json
D,50,3,0.5979431175169656,1,6688,0.0396,89.97489476590339,False,/srv/bulk/samteway/lab-data/tracking-rate-timing-20260908-v2/captures/screen-r3-D-50us-20260908T072540.581835Z/run.json
D,50,3,1.1958862350339312,2,3344,0.0792,69.0761377925706,False,/srv/bulk/samteway/lab-data/tracking-rate-timing-20260908-v2/captures/screen-r3-D-50us-20260908T072540.581835Z/run.json
D,50,3,2.3917724700678624,4,1672,0.1584,59.696317088259576,False,/srv/bulk/samteway/lab-data/tracking-rate-timing-20260908-v2/captures/screen-r3-D-50us-20260908T072540.581835Z/run.json
D,50,3,5.381488057652691,9,743,0.3564,48.564658945152004,False,/srv/bulk/samteway/lab-data/tracking-rate-timing-20260908-v2/captures/screen-r3-D-50us-20260908T072540.581835Z/run.json
D,50,3,10.165032997788416,17,393,0.6732,35.89003260977476,False,/srv/bulk/samteway/lab-data/tracking-rate-timing-20260908-v2/captures/screen-r3-D-50us-20260908T072540.581835Z/run.json
D,50,3,20.33006599557683,34,196,1.3464,29.20023095966749,False,/srv/bulk/samteway/lab-data/tracking-rate-timing-20260908-v2/captures/screen-r3-D-50us-20260908T072540.581835Z/run.json
D,50,3,50.22722187142511,84,79,3.3264,25.92099061050876,False,/srv/bulk/samteway/lab-data/tracking-rate-timing-20260908-v2/captures/screen-r3-D-50us-20260908T072540.581835Z/run.json
D,50,3,100.45444374285022,168,39,6.6528,24.04179066527764,False,/srv/bulk/samteway/lab-data/tracking-rate-timing-20260908-v2/captures/screen-r3-D-50us-20260908T072540.581835Z/run.json
D,50,3,200.31094436818347,335,19,13.266,23.64258569166923,False,/srv/bulk/samteway/lab-data/tracking-rate-timing-20260908-v2/captures/screen-r3-D-50us-20260908T072540.581835Z/run.json
D,50,3,400.02394561885,669,9,26.4924,23.62526755543871,False,/srv/bulk/samteway/lab-data/tracking-rate-timing-20260908-v2/captures/screen-r3-D-50us-20260908T072540.581835Z/run.json
B,50,3,0.5978561174753366,1,6690,0.0396,87.97642799760703,False,/srv/bulk/samteway/lab-data/tracking-rate-timing-20260908-v2/captures/screen-r3-B-50us-20260908T072553.357232Z/run.json
B,50,3,1.1957122349506732,2,3345,0.0792,75.71596326456586,False,/srv/bulk/samteway/lab-data/tracking-rate-timing-20260908-v2/captures/screen-r3-B-50us-20260908T072553.357232Z/run.json
B,50,3,2.3914244699013465,4,1672,0.1584,67.41874609215454,False,/srv/bulk/samteway/lab-data/tracking-rate-timing-20260908-v2/captures/screen-r3-B-50us-20260908T072553.357232Z/run.json
B,50,3,5.380705057278029,9,743,0.3564,57.53731141554601,False,/srv/bulk/samteway/lab-data/tracking-rate-timing-20260908-v2/captures/screen-r3-B-50us-20260908T072553.357232Z/run.json
B,50,3,10.163553997080722,17,393,0.6732,49.995861272434155,False,/srv/bulk/samteway/lab-data/tracking-rate-timing-20260908-v2/captures/screen-r3-B-50us-20260908T072553.357232Z/run.json
B,50,3,20.327107994161445,34,196,1.3464,44.12168945899288,False,/srv/bulk/samteway/lab-data/tracking-rate-timing-20260908-v2/captures/screen-r3-B-50us-20260908T072553.357232Z/run.json
B,50,3,50.21991386792828,84,79,3.3264,41.96671277712553,False,/srv/bulk/samteway/lab-data/tracking-rate-timing-20260908-v2/captures/screen-r3-B-50us-20260908T072553.357232Z/run.json
B,50,3,100.43982773585655,168,39,6.6528,37.198308502045315,False,/srv/bulk/samteway/lab-data/tracking-rate-timing-20260908-v2/captures/screen-r3-B-50us-20260908T072553.357232Z/run.json
B,50,3,200.28179935423776,335,19,13.266,35.28996699232137,False,/srv/bulk/samteway/lab-data/tracking-rate-timing-20260908-v2/captures/screen-r3-B-50us-20260908T072553.357232Z/run.json
B,50,3,400.5635987084755,670,9,26.532,34.94504284645169,False,/srv/bulk/samteway/lab-data/tracking-rate-timing-20260908-v2/captures/screen-r3-B-50us-20260908T072553.357232Z/run.json
