block,configuration,dwell_us,main_attempts,main_passes,three_independent_main_trials,control_attempts,control_passes,controls_complete,controls_pass,bracket_pass,clean_condition_pass,frequency_hz,bearing_passes,joint_main_passes,clean_phase_and_bearing,base_rms_deg_reported_trials,base_rms_deg_median,base_rms_deg_max,bearing_rms_deg_reported_trials,bearing_rms_deg_median,bearing_rms_deg_max,bearing_valid_percent_reported_trials,bearing_valid_percent_median,bearing_valid_percent_max,p95_compute_ms_reported_trials,p95_compute_ms_median,p95_compute_ms_max
block-20260911T182851799643Z,B,200,3,2,True,6,5,True,False,True,False,915000000,0,0,False,3,1.3481270091612991,1.3841493428813267,3,0.5505521218960061,0.5569011482223313,3,0.0,0.0,3,289.1935972846113,298.3997686300427
block-20260911T182851799643Z,B,1000,3,3,True,6,5,True,False,True,False,915000000,0,0,False,3,1.2361401935084941,1.5854349288720349,3,0.38843972076343275,0.4118682030300255,3,0.0,0.0,3,234.9219637340866,244.7417363524437
block-20260911T182124128635Z,D,200,3,3,True,6,6,True,True,True,True,915000000,0,0,False,3,1.1606836099038882,1.2027534328920766,3,0.3836954811086403,0.479782213362731,3,0.0,0.0,3,297.14067698223516,311.15549930837005
block-20260911T182124128635Z,D,1000,3,3,True,6,6,True,True,True,True,915000000,0,0,False,3,1.0868545967747096,1.2526561652649228,3,0.3424787098021664,0.5020098493994637,3,0.0,0.0,3,247.8614789317362,254.0837436215952
block-20260911T184646814791Z,B,25,3,0,True,6,0,True,False,False,False,2475000000,0,0,False,3,25.044475662196344,96.99827250060096,3,37.27652934811941,84.74859130571024,3,0.0,0.0,3,538.7688992894255,572.49080108013
block-20260911T184646814791Z,B,50,3,0,True,6,0,True,False,False,False,2475000000,0,0,False,3,21.361617602616132,85.85925933890185,3,19.86378699505982,82.87424386913699,3,0.0,0.0,3,483.6432166979648,615.7653757603839
block-20260911T184646814791Z,B,100,3,0,True,6,0,True,False,False,False,2475000000,0,0,False,3,2.560100469030383,66.68358279762025,3,3.2127437379646193,60.683644034165454,3,0.0,0.0,3,538.1877378327772,899.4267424801361
block-20260911T184646814791Z,B,200,3,0,True,6,0,True,False,False,False,2475000000,0,0,False,3,2.8125663110752335,3.0894808009650467,3,1.639910237495087,1.7653886975316222,3,0.0,0.0,3,546.5623084106483,979.998161096591
block-20260911T184646814791Z,B,1000,3,0,True,6,0,True,False,False,False,2475000000,0,0,False,2,3.677956564428416,5.882818070567877,2,11.753455615090127,21.910039211630174,2,0.0,0.0,3,919.5945401326753,949.1314388462342
block-20260911T183613359169Z,D,25,3,0,True,6,0,True,False,False,False,2475000000,0,0,False,3,90.39043465052836,102.13818877719685,3,89.06752214234278,89.91177318158218,3,0.0,0.0,3,521.6194764594547,555.4745788918808
block-20260911T183613359169Z,D,50,3,0,True,6,0,True,False,False,False,2475000000,0,0,False,3,35.21030360394416,81.86209595628033,3,14.486548509808536,60.0596459176665,3,0.0,0.0,3,503.2109934021719,504.64317384175956
block-20260911T183613359169Z,D,100,3,0,True,6,0,True,False,False,False,2475000000,0,0,False,3,51.11947930610453,52.32525695460511,3,48.60153877023752,72.40071049962611,3,0.0,0.0,3,491.31360130850226,512.4351287027821
block-20260911T183613359169Z,D,200,3,0,True,6,0,True,False,False,False,2475000000,0,0,False,2,5.216699179460192,7.9428702639993904,2,7.24281982068384,12.30190872762218,2,0.0,0.0,3,509.7101239138283,536.7255747900344
block-20260911T183613359169Z,D,1000,3,0,True,6,0,True,False,False,False,2475000000,0,0,False,3,6.3332764861351025,19.72763748365729,3,9.6228147206219,14.509795121184396,3,0.0,0.0,3,909.9567016703077,952.6056724367662
block-20260911T212846818552Z,B,25,3,0,True,6,6,True,True,True,False,5800000000,0,0,False,3,53.81879407482816,57.90121469660903,3,85.32834120376464,87.23765911142337,3,1.6666666666666667,1.6666666666666667,3,544.5267549832352,552.8366261278279
block-20260911T212846818552Z,B,50,3,0,True,6,6,True,True,True,False,5800000000,0,0,False,3,13.2903861929219,14.057015514566682,3,74.05310826517422,78.29094426896123,3,0.0,0.0,3,552.9455046751535,555.2369846147485
block-20260911T212846818552Z,B,100,3,0,True,6,6,True,True,True,False,5800000000,0,0,False,0,,,0,,,0,,,1,554.6971666975878,554.6971666975878
block-20260911T212846818552Z,B,200,3,3,True,6,6,True,True,True,True,5800000000,0,0,False,3,7.683639330733973,7.800278211033641,3,54.07944836495202,63.697579034763756,3,0.0,0.0,3,593.8423674553633,609.8686810000798
block-20260911T212846818552Z,B,1000,3,3,True,6,6,True,True,True,True,5800000000,0,0,False,3,7.656877706379897,8.465483877591252,3,67.40519329621378,70.57646447777711,3,0.0,0.0,3,970.8485456183553,976.6166917746887
block-20260911T211805001077Z,D,25,3,0,True,6,6,True,True,True,False,5800000000,0,0,False,3,40.385134208238036,43.83291873276441,3,90.54640870783942,102.37497546888,3,5.0,8.333333333333332,3,543.1628335849382,556.918099639006
block-20260911T211805001077Z,D,50,3,0,True,6,6,True,True,True,False,5800000000,0,0,False,3,14.636486121459038,15.106538711460857,3,73.83725576002617,88.5435747452986,3,0.0,0.0,3,549.6930996188894,563.630718854256
block-20260911T211805001077Z,D,100,3,3,True,6,6,True,True,True,True,5800000000,0,0,False,3,9.901173640200055,9.963125817297831,3,75.17358561369423,82.8423319608199,3,0.0,0.0,3,555.3892802796327,562.9372236551717
block-20260911T211805001077Z,D,200,3,3,True,6,6,True,True,True,True,5800000000,0,0,False,3,8.213167372603845,8.602727416524317,3,57.03469013271356,75.40613266972645,3,0.0,0.0,3,577.1373818162829,602.017885283567
block-20260911T211805001077Z,D,1000,3,3,True,6,6,True,True,True,True,5800000000,0,0,False,3,7.721419610063711,7.77423960633406,3,66.67299911068429,78.46747345682228,3,0.0,0.0,3,953.3493163762614,993.8433862407692
block-20260911T220948222664Z,B,25,3,0,True,6,2,True,False,False,False,5811000000,0,0,False,3,47.85566790322653,50.171945392598296,3,71.10502460010653,76.6687127029226,3,5.0,5.0,3,553.6745617515408,576.5950682573019
block-20260911T220948222664Z,B,50,3,0,True,6,2,True,False,False,False,5811000000,0,0,False,3,14.292501161193536,18.332880867353857,3,34.33339373823404,34.591926449314705,3,0.0,3.3333333333333335,3,557.513735583052,568.9470218727365
block-20260911T220948222664Z,B,100,3,1,True,6,2,True,False,False,False,5811000000,0,0,False,3,11.175304510886127,11.383078530694924,3,23.610133450264577,28.771784387088815,3,0.0,0.0,3,569.2196386400609,575.8619893691503
block-20260911T220948222664Z,B,200,3,1,True,6,2,True,False,False,False,5811000000,0,0,False,3,13.568158854502181,14.065141426157354,3,29.912745837801562,39.61423842169132,3,0.0,0.0,3,583.1513569690287,727.9019225621595
block-20260911T220948222664Z,B,1000,3,2,True,6,2,True,False,False,False,5811000000,0,0,False,3,8.273850496131725,9.169996493666082,3,13.376000276277535,13.41026501467334,3,0.0,0.0,3,983.2500528427772,986.5370493964292
block-20260911T215918963889Z,D,25,3,0,True,6,5,True,False,True,False,5811000000,0,0,False,3,48.331147948426036,51.095547539419385,3,79.13801888853726,80.01111897376666,3,3.3333333333333335,5.0,3,543.9284676569514,558.3861066843383
block-20260911T215918963889Z,D,50,3,0,True,6,5,True,False,True,False,5811000000,0,0,False,3,14.346554852638322,16.344412673415572,3,37.77180948281011,46.11993356571219,3,0.0,0.0,3,539.2388502368703,545.370727556292
block-20260911T215918963889Z,D,100,3,0,True,6,5,True,False,True,False,5811000000,0,0,False,3,10.712490543653457,11.974168244519587,3,25.287594111064397,25.973692319695473,3,0.0,0.0,3,553.6217392771505,571.2665316415951
block-20260911T215918963889Z,D,200,3,3,True,6,5,True,False,True,False,5811000000,0,0,False,3,9.09013959957438,9.425675493549509,3,22.294967720653634,33.62764212643375,3,0.0,0.0,3,602.414647990372,612.0207757805474
block-20260911T215918963889Z,D,1000,3,3,True,6,5,True,False,True,False,5811000000,0,0,False,3,8.170574603824338,8.282473817349297,3,13.289638348441553,16.0159768045203,3,0.0,0.0,3,980.6314237997867,1003.5355436149985
