frequency_hz,tx_port,status,phase_10deg_wall_latency_ms,full_bearing_deg,full_bearing_valid,full_bearing_residual_phase_rms_deg,nominal_51mm_bearing_deg,nominal_51mm_valid,error,run_json,run_sha256
5726000000.0,TX1,analyzed,95.616,353.25,False,70.9281398437382,352.75,False,,/srv/bulk/samteway/lab-data/tracking-5ms-full-20260911-resume-v3/captures/dense5ms-5726000000-tx1-20260911T222017.289867Z/run.json,4f37d14c8b6cebf34b4c36c201795cccdea0c2c18dc62f4d078e468aebebebcb
5726000000.0,TX2,analyzed,23.904,163.0,True,28.881620196555094,163.25,True,,/srv/bulk/samteway/lab-data/tracking-5ms-full-20260911-resume-v3/captures/dense5ms-5726000000-tx2-20260911T222028.047150Z/run.json,ba64aaa3f7d054d8016c25b7614f4909a12f83a089774c8d18fdaca3f16e4ce6
5727000000.0,TX1,analyzed,95.616,353.0,False,35.2000224805735,351.75,False,,/srv/bulk/samteway/lab-data/tracking-5ms-full-20260911-resume-v3/captures/dense5ms-5727000000-tx1-20260911T222038.746012Z/run.json,a639076953f58ff294a2c1cdfdb153eef9d0bf2492c8a620f6e0e1040a385e23
5727000000.0,TX2,analyzed,23.904,162.25,True,27.877768914160363,162.5,True,,/srv/bulk/samteway/lab-data/tracking-5ms-full-20260911-resume-v3/captures/dense5ms-5727000000-tx2-20260911T222049.515016Z/run.json,c9f247818a01a148a0d6b52692bb9d5482ffa7c5389bf71c1925f1caf1df6b46
5728000000.0,TX1,analyzed,95.616,269.5,False,64.63602021113823,268.0,False,,/srv/bulk/samteway/lab-data/tracking-5ms-full-20260911-resume-v3/captures/dense5ms-5728000000-tx1-20260911T222100.332546Z/run.json,7ac501fec8fc9ccf4accf2e5a75bcc8d37f8a219b9fe8ee5fa6f1b25660d9aab
5728000000.0,TX2,analyzed,23.904,162.5,True,28.409055292021737,163.0,True,,/srv/bulk/samteway/lab-data/tracking-5ms-full-20260911-resume-v3/captures/dense5ms-5728000000-tx2-20260911T222111.305908Z/run.json,c57ffb806a84f0c5d5e1da1f1f69912980065d4fc0dca421a44299ebe5e82fda
5729000000.0,TX1,analyzed,47.808,264.5,False,78.8413704546209,263.0,False,,/srv/bulk/samteway/lab-data/tracking-5ms-full-20260911-resume-v3/captures/dense5ms-5729000000-tx1-20260911T222122.227188Z/run.json,128efc03d1131c14eeb728506fa241920a8c165854b5cd7e09cd029966fd0ed5
5729000000.0,TX2,analyzed,23.904,161.75,True,25.976631077603496,162.0,True,,/srv/bulk/samteway/lab-data/tracking-5ms-full-20260911-resume-v3/captures/dense5ms-5729000000-tx2-20260911T222133.284631Z/run.json,526d575da670d8da925f0eb96a3f3a14bd46cef7573143c1b33d71f07300bace
5730000000.0,TX1,analyzed,95.616,263.25,False,35.15367344257338,262.5,False,,/srv/bulk/samteway/lab-data/tracking-5ms-full-20260911-resume-v3/captures/dense5ms-5730000000-tx1-20260911T222143.315529Z/run.json,2181636080d21d1d5774df2f12a838ff5c35abe1625267a35cb2e1eaf35244c0
5730000000.0,TX2,analyzed,23.904,162.0,True,26.048781295516573,162.25,True,,/srv/bulk/samteway/lab-data/tracking-5ms-full-20260911-resume-v3/captures/dense5ms-5730000000-tx2-20260911T222153.356248Z/run.json,3801de57f12ef4a5e7f64bd6cc4afc28e14a6b65d39e981e83ea17f876c468e8
5731000000.0,TX1,analyzed,47.808,265.75,False,55.207131457544975,265.25,False,,/srv/bulk/samteway/lab-data/tracking-5ms-full-20260911-resume-v3/captures/dense5ms-5731000000-tx1-20260911T222203.476571Z/run.json,57b5288fed1aa4fc41091439920fe879e082b7df565cfdc2cceb50f233b9e170
5731000000.0,TX2,analyzed,23.904,162.0,True,28.286556203597726,162.5,True,,/srv/bulk/samteway/lab-data/tracking-5ms-full-20260911-resume-v3/captures/dense5ms-5731000000-tx2-20260911T222213.009272Z/run.json,977865705be12a888725b91e0e2531f7abc6b192e0c24f06896e4696941484b7
5732000000.0,TX1,analyzed,47.808,262.75,False,39.97252123406963,262.25,False,,/srv/bulk/samteway/lab-data/tracking-5ms-full-20260911-resume-v3/captures/dense5ms-5732000000-tx1-20260911T222222.727013Z/run.json,dd9410801f1f748bbac62346459bb78cbc1ad1ca3f18b2fb9e48c603640b320b
5732000000.0,TX2,analyzed,23.904,160.75,True,24.543401322854912,161.0,True,,/srv/bulk/samteway/lab-data/tracking-5ms-full-20260911-resume-v3/captures/dense5ms-5732000000-tx2-20260911T222232.465456Z/run.json,fed8c9bc9d5c53c6d8a9cd07bc7e88e14bd454a39c5a3b0eea1783c96a415b99
5733000000.0,TX1,analyzed,47.808,263.75,False,34.726916844564315,263.25,False,,/srv/bulk/samteway/lab-data/tracking-5ms-full-20260911-resume-v3/captures/dense5ms-5733000000-tx1-20260911T222242.626285Z/run.json,cd20a24b001a38ff3fe7bbcbad34a639fb5eb69658dadd18d9e7639c9d36c1ff
5733000000.0,TX2,analyzed,23.904,160.75,True,23.605145564339356,161.25,True,,/srv/bulk/samteway/lab-data/tracking-5ms-full-20260911-resume-v3/captures/dense5ms-5733000000-tx2-20260911T222252.565470Z/run.json,5b853b5478f68dc15943991de503c4556cb99563f4cf3dd4306525c22889e6ac
5734000000.0,TX1,analyzed,47.808,261.5,False,39.759179027558936,261.25,False,,/srv/bulk/samteway/lab-data/tracking-5ms-full-20260911-resume-v3/captures/dense5ms-5734000000-tx1-20260911T222302.685171Z/run.json,4e7e0775de6d6d6d11455e301ddeb4ce50b6804713f5061ee507f13283c1029a
5734000000.0,TX2,analyzed,23.904,161.25,True,24.04667508223258,161.5,True,,/srv/bulk/samteway/lab-data/tracking-5ms-full-20260911-resume-v3/captures/dense5ms-5734000000-tx2-20260911T222312.598555Z/run.json,0370214956f2a848103e9aa26d3a7ff515a3956f40e381643b8890092fc7c343
5735000000.0,TX1,analyzed,47.808,263.0,False,55.232865103580664,262.75,False,,/srv/bulk/samteway/lab-data/tracking-5ms-full-20260911-resume-v3/captures/dense5ms-5735000000-tx1-20260911T222322.637696Z/run.json,f1e68bd5e3facf47106e238c8ae6ca3d8d6eef6cf1a36e173c81eba1745e937d
5735000000.0,TX2,analyzed,47.808,160.75,True,23.6225940336943,161.0,True,,/srv/bulk/samteway/lab-data/tracking-5ms-full-20260911-resume-v3/captures/dense5ms-5735000000-tx2-20260911T222332.395494Z/run.json,4d7fe0ec77008c60566a2e22c5cbaa60597d3206ce2f91988f5819ca5ab4a6f6
5736000000.0,TX1,analyzed,47.808,264.5,False,61.012058697573494,264.5,False,,/srv/bulk/samteway/lab-data/tracking-5ms-full-20260911-resume-v3/captures/dense5ms-5736000000-tx1-20260911T222342.518651Z/run.json,e2595b5805cd582106ca835fce0398ec54af8c1860f7e5c0cfeb3c57ffb287ce
5736000000.0,TX2,analyzed,23.904,161.0,True,23.182630909709705,161.25,True,,/srv/bulk/samteway/lab-data/tracking-5ms-full-20260911-resume-v3/captures/dense5ms-5736000000-tx2-20260911T222352.766599Z/run.json,607c7b317f979437c1395cc7baa0068e48bf2a7f9ceeb17848b2270b2e0d285f
5737000000.0,TX1,analyzed,95.616,82.75,False,47.96369494419091,83.25,False,,/srv/bulk/samteway/lab-data/tracking-5ms-full-20260911-resume-v3/captures/dense5ms-5737000000-tx1-20260911T222402.529378Z/run.json,3ac7c4236e4b511f057fd32ad35bcdb06cb34f093d3edab2d7aa8c24f182616b
5737000000.0,TX2,analyzed,47.808,160.0,True,19.98186774374097,160.25,True,,/srv/bulk/samteway/lab-data/tracking-5ms-full-20260911-resume-v3/captures/dense5ms-5737000000-tx2-20260911T222413.141349Z/run.json,7bc443341d691b688b253aaa2b23b423ac472921d751328fc5f2d8953575d922
5738000000.0,TX1,analyzed,47.808,263.75,False,60.67307348486269,263.75,False,,/srv/bulk/samteway/lab-data/tracking-5ms-full-20260911-resume-v3/captures/dense5ms-5738000000-tx1-20260911T222423.173366Z/run.json,c05af82b12a61a01639402bae43c0a8584e9cc967960634f8e623332143b5a36
5738000000.0,TX2,analyzed,23.904,160.25,True,20.326120512742722,160.5,True,,/srv/bulk/samteway/lab-data/tracking-5ms-full-20260911-resume-v3/captures/dense5ms-5738000000-tx2-20260911T222433.786164Z/run.json,1d871becc7fbb436bb1f63708ec94146de721f9f852a59ec4138c10bcf94870e
5739000000.0,TX1,analyzed,47.808,263.5,False,56.16551357925138,263.25,False,,/srv/bulk/samteway/lab-data/tracking-5ms-full-20260911-resume-v3/captures/dense5ms-5739000000-tx1-20260911T222445.168724Z/run.json,96f9c822b6b5ef6479a19ac55b316ad64fd7dcb36371248b7a2ea92c5f6d2786
5739000000.0,TX2,analyzed,23.904,159.75,True,18.413617758215246,160.25,True,,/srv/bulk/samteway/lab-data/tracking-5ms-full-20260911-resume-v3/captures/dense5ms-5739000000-tx2-20260911T222456.813182Z/run.json,e268d8a2df49adc85af060cd12b37b2181eeb788c4610eb8a8e676b2040ecaff
5740000000.0,TX1,analyzed,47.808,264.75,False,50.815932848896956,264.75,False,,/srv/bulk/samteway/lab-data/tracking-5ms-full-20260911-resume-v3/captures/dense5ms-5740000000-tx1-20260911T222506.854012Z/run.json,cbaa52d66006fa09a0228be3075a6c1bbe0be366d7fdabc6f11e0fe78cfad096
5740000000.0,TX2,analyzed,47.808,160.25,True,19.144442964653585,160.5,True,,/srv/bulk/samteway/lab-data/tracking-5ms-full-20260911-resume-v3/captures/dense5ms-5740000000-tx2-20260911T222518.145806Z/run.json,cfc5bbe93f2dda764ee438a390fad84a6679723a5cf71a40ba6b45279b1db2e4
5741000000.0,TX1,analyzed,47.808,263.75,False,53.81357119415339,263.5,False,,/srv/bulk/samteway/lab-data/tracking-5ms-full-20260911-resume-v3/captures/dense5ms-5741000000-tx1-20260911T222528.236520Z/run.json,493852b4c237dab8dc429d2dc6d40ed3b21cc103fb7b3532f03f776b2d119e4e
5741000000.0,TX2,analyzed,23.904,159.75,True,17.79718038125041,160.0,True,,/srv/bulk/samteway/lab-data/tracking-5ms-full-20260911-resume-v3/captures/dense5ms-5741000000-tx2-20260911T222539.710042Z/run.json,fd168ca7920fd11747c2612e04bad5235f19afbee1505830d814c319a3e8ca77
5742000000.0,TX1,analyzed,47.808,264.0,False,51.17492907033284,263.75,False,,/srv/bulk/samteway/lab-data/tracking-5ms-full-20260911-resume-v3/captures/dense5ms-5742000000-tx1-20260911T222550.700676Z/run.json,b592255a4e7b113c6382b1ebc41cbab292c0df92cb4e285bd58a1fb1a75bd62d
5742000000.0,TX2,analyzed,47.808,159.5,True,18.494126495928292,159.75,True,,/srv/bulk/samteway/lab-data/tracking-5ms-full-20260911-resume-v3/captures/dense5ms-5742000000-tx2-20260911T222602.812200Z/run.json,481184d0a7329396206dd193d2604f47eb1f58f6d4dcee1687d98dadd54a8ae4
5743000000.0,TX1,analyzed,47.808,265.25,False,48.91067572830019,265.0,False,,/srv/bulk/samteway/lab-data/tracking-5ms-full-20260911-resume-v3/captures/dense5ms-5743000000-tx1-20260911T222619.895659Z/run.json,d3bbf869ad1b11d27d035cb1b08fa5b6017ffa3a1b4742e34f1e650be286729f
5743000000.0,TX2,analyzed,191.232,279.5,False,50.37840625753694,279.25,False,,/srv/bulk/samteway/lab-data/tracking-5ms-full-20260911-resume-v3/captures/dense5ms-5743000000-tx2-20260911T222630.135650Z/run.json,c14b0a1438e18f4df4e7900e1c20d64dc4e11b6b73434e11fb599d4286c79e6f
5744000000.0,TX1,analyzed,47.808,264.0,False,48.869630572828115,263.75,False,,/srv/bulk/samteway/lab-data/tracking-5ms-full-20260911-resume-v3/captures/dense5ms-5744000000-tx1-20260911T222649.223519Z/run.json,84b2390e29444c4e041a05eaf99eb74023638fc6f7ac73fca72bdecbe89354d7
5744000000.0,TX2,analyzed,23.904,159.5,True,17.06155162880723,159.75,True,,/srv/bulk/samteway/lab-data/tracking-5ms-full-20260911-resume-v3/captures/dense5ms-5744000000-tx2-20260911T222700.043530Z/run.json,3d2d9cc520f2d47bd343bac9c59d0a293c524cc1c38d46a25507ca87e2db1c79
5745000000.0,TX1,analyzed,47.808,265.25,False,44.408031867331,265.0,False,,/srv/bulk/samteway/lab-data/tracking-5ms-full-20260911-resume-v3/captures/dense5ms-5745000000-tx1-20260911T222711.944277Z/run.json,b5b85b31ea4b5b87607c74860318c0fa4a886c4c5fbf137a0e73cbaf84b05e6f
5745000000.0,TX2,analyzed,47.808,160.0,True,18.94376299502411,160.25,True,,/srv/bulk/samteway/lab-data/tracking-5ms-full-20260911-resume-v3/captures/dense5ms-5745000000-tx2-20260911T222722.485925Z/run.json,628b20720108ab0d4191e1d24f149e4710a23224347ef16ab7daeb945eeb7dc5
5746000000.0,TX1,analyzed,47.808,264.0,False,48.578983431480985,264.0,False,,/srv/bulk/samteway/lab-data/tracking-5ms-full-20260911-resume-v3/captures/dense5ms-5746000000-tx1-20260911T222733.309299Z/run.json,f037759274c7d9dd00cd99f16f7e093c07ac355ed20d726ea879d25c1100ad5a
5746000000.0,TX2,analyzed,47.808,159.5,True,16.34078431946436,159.75,True,,/srv/bulk/samteway/lab-data/tracking-5ms-full-20260911-resume-v3/captures/dense5ms-5746000000-tx2-20260911T222744.029694Z/run.json,6ab23c7b2c5212d675bd2b3cfef9cc14f39df4803053723e8559f3e3eef9f012
5747000000.0,TX1,analyzed,47.808,83.5,False,58.566169608435395,84.25,False,,/srv/bulk/samteway/lab-data/tracking-5ms-full-20260911-resume-v3/captures/dense5ms-5747000000-tx1-20260911T222754.839555Z/run.json,c21794b04cbd7238c15e1980e239878fe3a6b04d2cd29a778d4f79d385520c0b
5747000000.0,TX2,analyzed,95.616,95.0,False,47.9898231760024,96.0,False,,/srv/bulk/samteway/lab-data/tracking-5ms-full-20260911-resume-v3/captures/dense5ms-5747000000-tx2-20260911T222805.358104Z/run.json,8751d06a921748db7e5108a590e28547947d64f6be4653535b67021c29263f73
5748000000.0,TX1,analyzed,47.808,265.75,False,44.23653712737327,265.75,False,,/srv/bulk/samteway/lab-data/tracking-5ms-full-20260911-resume-v3/captures/dense5ms-5748000000-tx1-20260911T222815.954901Z/run.json,1d7d36c5578e500b0a4a421835e06caa4c4c90e6ae481b3269ce4cca2ea9f3cf
5748000000.0,TX2,analyzed,47.808,160.25,True,18.192338489215178,160.5,True,,/srv/bulk/samteway/lab-data/tracking-5ms-full-20260911-resume-v3/captures/dense5ms-5748000000-tx2-20260911T222825.720662Z/run.json,2befcf634481a265509e857ad35b220538937537d789ac0f467b6026197322eb
5749000000.0,TX1,analyzed,47.808,265.75,False,44.38924152144304,265.5,False,,/srv/bulk/samteway/lab-data/tracking-5ms-full-20260911-resume-v3/captures/dense5ms-5749000000-tx1-20260911T222835.518752Z/run.json,88599943fa7ac4cf932ee7c86be6cfb8aa9678c2af0da7e6e2a73e86a7970a36
5749000000.0,TX2,analyzed,382.72,277.25,False,45.275549452091234,277.25,False,,/srv/bulk/samteway/lab-data/tracking-5ms-full-20260911-resume-v3/captures/dense5ms-5749000000-tx2-20260911T222845.475593Z/run.json,b959cb4e960987740b999fd17da381f0d07383725cc039af45a4adb3880068e4
5750000000.0,TX1,analyzed,95.616,89.0,False,57.78882670532763,89.0,False,,/srv/bulk/samteway/lab-data/tracking-5ms-full-20260911-resume-v3/captures/dense5ms-5750000000-tx1-20260911T222855.377401Z/run.json,6a235e7bf88ef1922704027c47b798c3c7eb91f4554406b7c89b6c30b845a27b
5750000000.0,TX2,analyzed,47.808,160.25,True,17.99002600782313,160.5,True,,/srv/bulk/samteway/lab-data/tracking-5ms-full-20260911-resume-v3/captures/dense5ms-5750000000-tx2-20260911T222904.900209Z/run.json,4fb4fb493d82980d8fda5ff7b595567197c930577c913d75bdedde8493269ec0
5751000000.0,TX1,analyzed,47.808,266.0,False,45.392652031418,265.75,False,,/srv/bulk/samteway/lab-data/tracking-5ms-full-20260911-resume-v3/captures/dense5ms-5751000000-tx1-20260911T222914.587497Z/run.json,e96c1581f6406b589a1070153af5875128c5df1bd31ce7a4ef7cb00b78f3526f
5751000000.0,TX2,analyzed,47.808,160.5,True,20.343703631086306,160.75,True,,/srv/bulk/samteway/lab-data/tracking-5ms-full-20260911-resume-v3/captures/dense5ms-5751000000-tx2-20260911T222924.473205Z/run.json,8fa1d8cafef04e33364dd2395103296041d6ed45e1140735b0438b1bf688cfef
5752000000.0,TX1,analyzed,47.84,265.75,False,42.628967373998364,265.75,False,,/srv/bulk/samteway/lab-data/tracking-5ms-full-20260911-resume-v3/captures/dense5ms-5752000000-tx1-20260911T222935.245264Z/run.json,063c2ade9dfaba73f17b3b6eda2a7085ad393bebd5dc33b79448e65890a8dad3
5752000000.0,TX2,analyzed,191.232,285.75,False,46.088218189169446,286.0,False,,/srv/bulk/samteway/lab-data/tracking-5ms-full-20260911-resume-v3/captures/dense5ms-5752000000-tx2-20260911T222945.291313Z/run.json,2ba7f9701638ffd62f633f921586cbfd1dccaea60f42cb630aebf1996915f48d
5753000000.0,TX1,analyzed,95.616,265.25,False,42.56809601662839,265.25,False,,/srv/bulk/samteway/lab-data/tracking-5ms-full-20260911-resume-v3/captures/dense5ms-5753000000-tx1-20260911T222955.111772Z/run.json,4d38c0f9615ae5a090b2f200337f495ab72363ccadf3c33b736f8d878b38cc6d
5753000000.0,TX2,analyzed,95.616,96.75,False,51.7785718896567,97.75,False,,/srv/bulk/samteway/lab-data/tracking-5ms-full-20260911-resume-v3/captures/dense5ms-5753000000-tx2-20260911T223006.012696Z/run.json,b49071d5613e369d16c2030cb1d0a3e43230162375f6b651c910cb0c8c1a6691
5754000000.0,TX1,analyzed,95.616,154.75,False,38.06574523406125,154.75,False,,/srv/bulk/samteway/lab-data/tracking-5ms-full-20260911-resume-v3/captures/dense5ms-5754000000-tx1-20260911T223016.001499Z/run.json,e578776e6ea987fe816001eda2f546407ca6adf5ccaa26a165041a95cbed6a1c
5754000000.0,TX2,analyzed,47.808,160.75,True,21.42937870428234,161.0,True,,/srv/bulk/samteway/lab-data/tracking-5ms-full-20260911-resume-v3/captures/dense5ms-5754000000-tx2-20260911T223026.682503Z/run.json,dbc64ab11106abc00b43376a8d653a66fcb3d6c8e186ddf395d9fef893b56f47
5755000000.0,TX1,analyzed,95.616,329.5,False,45.19970140037393,329.0,False,,/srv/bulk/samteway/lab-data/tracking-5ms-full-20260911-resume-v3/captures/dense5ms-5755000000-tx1-20260911T223036.836946Z/run.json,15c6014c32fac7f213c74c194ea6fb26998d443b377c692f3c2f7277ead39cd5
5755000000.0,TX2,analyzed,47.808,161.0,True,21.948647817938728,161.25,True,,/srv/bulk/samteway/lab-data/tracking-5ms-full-20260911-resume-v3/captures/dense5ms-5755000000-tx2-20260911T223047.199798Z/run.json,80bb053faafe2b799cce54965f7866e0d9a0d48c3120a715a6c4f550e9cdff95
5756000000.0,TX1,analyzed,47.808,155.0,False,44.97837356994299,155.0,False,,/srv/bulk/samteway/lab-data/tracking-5ms-full-20260911-resume-v3/captures/dense5ms-5756000000-tx1-20260911T223057.568521Z/run.json,71a90eb04e0c7acbba7c904dd911555ce48f44ec318a4eec922e5745036f3490
5756000000.0,TX2,analyzed,47.808,161.25,True,23.303310711894934,161.5,True,,/srv/bulk/samteway/lab-data/tracking-5ms-full-20260911-resume-v3/captures/dense5ms-5756000000-tx2-20260911T223107.792922Z/run.json,b26969818b1c8536f59364f866da61f6ed50d1ec811ed0af7e490dddd16f2835
5757000000.0,TX1,analyzed,47.808,265.75,False,49.12551065775598,265.75,False,,/srv/bulk/samteway/lab-data/tracking-5ms-full-20260911-resume-v3/captures/dense5ms-5757000000-tx1-20260911T223118.282241Z/run.json,100d0aa870793a166dc0e9ca8cc88b184fb13955f7056b02d95e8d6c6ea61ef8
5757000000.0,TX2,analyzed,95.616,161.5,True,24.056573794074893,161.75,True,,/srv/bulk/samteway/lab-data/tracking-5ms-full-20260911-resume-v3/captures/dense5ms-5757000000-tx2-20260911T223128.489059Z/run.json,c84a6493c67e05d55f61ae5a6f9e92cfde0d46143b972c2dec4f8ea9b8383af6
5758000000.0,TX1,analyzed,47.808,264.5,False,50.72296209866898,264.5,False,,/srv/bulk/samteway/lab-data/tracking-5ms-full-20260911-resume-v3/captures/dense5ms-5758000000-tx1-20260911T223139.964844Z/run.json,0cdbd46439ad41e25bd8c7a8d33e4efe4feb423c1c4d5e948475c96a311b8a02
5758000000.0,TX2,analyzed,95.616,160.75,True,22.82487155373917,161.0,True,,/srv/bulk/samteway/lab-data/tracking-5ms-full-20260911-resume-v3/captures/dense5ms-5758000000-tx2-20260911T223150.547940Z/run.json,56060c8833eeaf59c194187a98ad0f3c60f787073405fe4f05e02eaf177f73da
5759000000.0,TX1,analyzed,47.808,264.25,False,55.91634207168941,264.5,False,,/srv/bulk/samteway/lab-data/tracking-5ms-full-20260911-resume-v3/captures/dense5ms-5759000000-tx1-20260911T223200.680929Z/run.json,7ba987508840d25e9076ba101d9431edc233cba634de11bb4812c534acda255e
5759000000.0,TX2,analyzed,191.232,96.25,False,49.20776088610883,97.0,False,,/srv/bulk/samteway/lab-data/tracking-5ms-full-20260911-resume-v3/captures/dense5ms-5759000000-tx2-20260911T223212.941431Z/run.json,e29ad1df8c1eb482d9298e3c61125c496fac9e67bbb9d34d42e3612a970bce12
5760000000.0,TX1,analyzed,191.232,155.25,False,62.88984906016426,154.75,False,,/srv/bulk/samteway/lab-data/tracking-5ms-full-20260911-resume-v3/captures/dense5ms-5760000000-tx1-20260911T223223.524415Z/run.json,b4f8ac1868f5fb2ae1d5f20ca5e6a06f282f693a38e4f18e337db16a9fa2ff4a
5760000000.0,TX2,analyzed,191.232,61.25,False,66.89501663926607,62.25,False,,/srv/bulk/samteway/lab-data/tracking-5ms-full-20260911-resume-v3/captures/dense5ms-5760000000-tx2-20260911T223233.658718Z/run.json,c70b508ba50d0c7b8508472559a6159d82bd003442bf4d0c610c02437ac8afd4
5761000000.0,TX1,analyzed,95.616,264.5,False,57.72230457528513,264.5,False,,/srv/bulk/samteway/lab-data/tracking-5ms-full-20260911-resume-v3/captures/dense5ms-5761000000-tx1-20260911T223245.489320Z/run.json,d4a219d3b0aa28e2c1271c329c0e4b9f78dadd53839c3b6c544aa65d6496dd61
5761000000.0,TX2,analyzed,191.232,347.0,False,56.618055294079014,280.25,False,,/srv/bulk/samteway/lab-data/tracking-5ms-full-20260911-resume-v3/captures/dense5ms-5761000000-tx2-20260911T223256.469397Z/run.json,62caec674057fc5579c62e5fbd2a91f2158db4e3fc7e6e051d2940a11da77e29
5762000000.0,TX1,analyzed,47.808,84.25,False,58.47278154862625,84.5,False,,/srv/bulk/samteway/lab-data/tracking-5ms-full-20260911-resume-v3/captures/dense5ms-5762000000-tx1-20260911T223306.828005Z/run.json,4810130183dc2bb63faf00a2712564d4cc808ab33df168b93ef338aae58ee38e
5762000000.0,TX2,analyzed,95.616,161.25,True,29.978455543546822,161.5,True,,/srv/bulk/samteway/lab-data/tracking-5ms-full-20260911-resume-v3/captures/dense5ms-5762000000-tx2-20260911T223319.353379Z/run.json,c6bebb0e27ce7130c7cf2b2999b62b7112bed396e3b475246fd19f4d72011d08
5763000000.0,TX1,analyzed,191.232,264.5,False,58.34168241360266,264.75,False,,/srv/bulk/samteway/lab-data/tracking-5ms-full-20260911-resume-v3/captures/dense5ms-5763000000-tx1-20260911T223341.091234Z/run.json,30014103635ee1cc2b3497e540765b75085a611da77beae73962daee15aa34bb
5763000000.0,TX2,analyzed,95.616,160.25,True,23.848834593195065,160.5,True,,/srv/bulk/samteway/lab-data/tracking-5ms-full-20260911-resume-v3/captures/dense5ms-5763000000-tx2-20260911T223354.111215Z/run.json,421b09bc6fab8acef2d6cf5a5431a97fcc2168dd47a63d61e93d40e3682c6b84
5764000000.0,TX1,analyzed,95.616,264.25,False,59.25102023303466,264.5,False,,/srv/bulk/samteway/lab-data/tracking-5ms-full-20260911-resume-v3/captures/dense5ms-5764000000-tx1-20260911T223405.385453Z/run.json,e9684c882c23988c7cc89c8a53502456106d713618d93a45d30e36b0c4af77ad
5764000000.0,TX2,analyzed,47.808,160.75,True,26.6051167927238,161.0,True,,/srv/bulk/samteway/lab-data/tracking-5ms-full-20260911-resume-v3/captures/dense5ms-5764000000-tx2-20260911T223415.743751Z/run.json,f7a4739c50889a8b6823f1947bae515d4a95685cd9d254903835e809850b9a28
5765000000.0,TX1,analyzed,95.616,264.5,False,59.36043192474754,264.75,False,,/srv/bulk/samteway/lab-data/tracking-5ms-full-20260911-resume-v3/captures/dense5ms-5765000000-tx1-20260911T223426.680274Z/run.json,8a24e1502a19d7ba2951dec4cba613ad9fbf744fe30e0e5b5804c47e2d8adf46
5765000000.0,TX2,analyzed,95.616,160.5,True,26.63110994865672,160.75,True,,/srv/bulk/samteway/lab-data/tracking-5ms-full-20260911-resume-v3/captures/dense5ms-5765000000-tx2-20260911T223437.730237Z/run.json,963aa423dd1cec06fb208595bd4db30a8e14bb50eac36f8124816e5398321e1c
5766000000.0,TX1,analyzed,47.808,264.75,False,59.037935786679114,264.75,False,,/srv/bulk/samteway/lab-data/tracking-5ms-full-20260911-resume-v3/captures/dense5ms-5766000000-tx1-20260911T223449.030743Z/run.json,ba578a67f93e732ef82dcef71cd8328057250bcc514767fcfd0cd8b2d443620b
5766000000.0,TX2,analyzed,191.232,159.0,True,23.89067344975315,159.25,True,,/srv/bulk/samteway/lab-data/tracking-5ms-full-20260911-resume-v3/captures/dense5ms-5766000000-tx2-20260911T223459.507323Z/run.json,2f20bf300bafb9e571e98bcde835e50f66977ef546e482a4f83fee10b5b7339d
5767000000.0,TX1,analyzed,191.232,263.5,False,62.08683348577711,263.75,False,,/srv/bulk/samteway/lab-data/tracking-5ms-full-20260911-resume-v3/captures/dense5ms-5767000000-tx1-20260911T223510.032565Z/run.json,961224e02c6b87bd93c7fabbd65ffe4b076052f164d9e0ad25ab8671dbc9c1a5
5767000000.0,TX2,analyzed,95.616,160.0,True,25.966481678772514,160.25,True,,/srv/bulk/samteway/lab-data/tracking-5ms-full-20260911-resume-v3/captures/dense5ms-5767000000-tx2-20260911T223520.518516Z/run.json,108e69d1c4274e17d88d6399d3e095e381c805e71979571510d44f8cee028551
5768000000.0,TX1,analyzed,47.808,263.75,False,62.84397411274584,264.0,False,,/srv/bulk/samteway/lab-data/tracking-5ms-full-20260911-resume-v3/captures/dense5ms-5768000000-tx1-20260911T223530.342640Z/run.json,0b973e8d138e220ff0e1494b432857c1c282b6dec5a1f434e8645d6d4bb22f5a
5768000000.0,TX2,analyzed,95.616,159.5,True,25.125030973754022,159.5,True,,/srv/bulk/samteway/lab-data/tracking-5ms-full-20260911-resume-v3/captures/dense5ms-5768000000-tx2-20260911T223541.322069Z/run.json,37de0e923d90c1ed71cf3420c3377f4fb1458fc4b4b8ed9709a620a9f06ed744
5769000000.0,TX1,analyzed,47.84,263.25,False,63.304557051301295,263.5,False,,/srv/bulk/samteway/lab-data/tracking-5ms-full-20260911-resume-v3/captures/dense5ms-5769000000-tx1-20260911T223551.934600Z/run.json,7a37661f8747825f85c454878ad0c7cddcb094a93c340af5098467508b761a82
5769000000.0,TX2,analyzed,47.84,160.0,True,27.012709896781846,160.25,True,,/srv/bulk/samteway/lab-data/tracking-5ms-full-20260911-resume-v3/captures/dense5ms-5769000000-tx2-20260911T223601.998883Z/run.json,e9aabdae311de0a73fb536687589b64294ed00813df0da95b4d79190ce033aa0
5770000000.0,TX1,analyzed,95.616,86.25,False,52.77919684305302,86.5,False,,/srv/bulk/samteway/lab-data/tracking-5ms-full-20260911-resume-v3/captures/dense5ms-5770000000-tx1-20260911T223612.977478Z/run.json,463abed457834380c3ff101a1e618bb144470da6d4cb3e5a445f0eea595f990e
5770000000.0,TX2,analyzed,95.616,159.5,True,25.050481625449724,159.75,True,,/srv/bulk/samteway/lab-data/tracking-5ms-full-20260911-resume-v3/captures/dense5ms-5770000000-tx2-20260911T223623.686803Z/run.json,b887dc48245a551cd560c00d798b1049915a239582385374cee0814cdf588321
5771000000.0,TX1,analyzed,95.616,158.0,False,67.4345512412474,157.5,False,,/srv/bulk/samteway/lab-data/tracking-5ms-full-20260911-resume-v3/captures/dense5ms-5771000000-tx1-20260911T223634.798246Z/run.json,6f89fe25272baf2371df78677c095b64ebb26d6e28b1bdbc6f93c2a8d0c3f639
5771000000.0,TX2,analyzed,47.808,159.5,True,27.087835624999823,159.75,True,,/srv/bulk/samteway/lab-data/tracking-5ms-full-20260911-resume-v3/captures/dense5ms-5771000000-tx2-20260911T223645.267325Z/run.json,7f6e6460a11c1b39786211ed29a403056cb107df9d38955b572d279d8d2c3b45
5772000000.0,TX1,analyzed,95.616,263.5,False,62.59180977230011,264.0,False,,/srv/bulk/samteway/lab-data/tracking-5ms-full-20260911-resume-v3/captures/dense5ms-5772000000-tx1-20260911T223655.692988Z/run.json,1a8067d7e0189447dd8ce33784ba0a2eb7d7b2c6030a2c1492f29759c016f190
5772000000.0,TX2,analyzed,47.808,159.0,True,26.142261077674057,159.25,True,,/srv/bulk/samteway/lab-data/tracking-5ms-full-20260911-resume-v3/captures/dense5ms-5772000000-tx2-20260911T223706.500941Z/run.json,bbb9ecf2c442d9cf2d17a01fdfd021faf39da0cf286b5f0c0b989e3ca29c35c7
5773000000.0,TX1,analyzed,95.616,264.0,False,61.37498989487957,264.25,False,,/srv/bulk/samteway/lab-data/tracking-5ms-full-20260911-resume-v3/captures/dense5ms-5773000000-tx1-20260911T223716.589941Z/run.json,4b14fe29e11a070814525ed94074c02f93d180b52a818ca9de5c2b20c6e199aa
5773000000.0,TX2,analyzed,95.616,159.25,True,25.182542473641963,159.5,True,,/srv/bulk/samteway/lab-data/tracking-5ms-full-20260911-resume-v3/captures/dense5ms-5773000000-tx2-20260911T223726.220124Z/run.json,98b7fbda666ee98d8b8dcdd2b05e20b7305bc6dafa2f27ad127428cd58fb6987
5774000000.0,TX1,analyzed,191.232,264.25,False,59.81908890324701,264.5,False,,/srv/bulk/samteway/lab-data/tracking-5ms-full-20260911-resume-v3/captures/dense5ms-5774000000-tx1-20260911T223737.596619Z/run.json,d3845c733d60ea129fd58729d21fe23f2542b300cfa68ae2bf3cb63232fbb54a
5774000000.0,TX2,analyzed,95.616,158.75,True,24.793577922032032,159.0,True,,/srv/bulk/samteway/lab-data/tracking-5ms-full-20260911-resume-v3/captures/dense5ms-5774000000-tx2-20260911T223747.551913Z/run.json,13bdc316af4769f4df57cdb498b5a278e41ee321fbbf7ff439cbac82cc85c6ea
5775000000.0,TX1,analyzed,191.232,265.25,False,58.1341524185161,265.5,False,,/srv/bulk/samteway/lab-data/tracking-5ms-full-20260911-resume-v3/captures/dense5ms-5775000000-tx1-20260911T223804.153348Z/run.json,be8d10e25bd1608996368a9405a159a8e19e282f40551cd66698bed379164ee4
5775000000.0,TX2,analyzed,191.232,78.75,False,33.451071167910335,78.75,False,,/srv/bulk/samteway/lab-data/tracking-5ms-full-20260911-resume-v3/captures/dense5ms-5775000000-tx2-20260911T223814.485470Z/run.json,be057c7eeace13ff2f625913f15c9393203eca81bee697875655483146aa7aa7
5776000000.0,TX1,analyzed,95.616,265.5,False,58.0742289198237,265.5,False,,/srv/bulk/samteway/lab-data/tracking-5ms-full-20260911-resume-v3/captures/dense5ms-5776000000-tx1-20260911T223824.372449Z/run.json,72d4b5b0fea488a6bc22f18d3cc11b1c4c6b6b2c0aac5152f31ba9ffab74467c
5776000000.0,TX2,analyzed,95.616,159.0,True,23.873525139376486,159.25,True,,/srv/bulk/samteway/lab-data/tracking-5ms-full-20260911-resume-v3/captures/dense5ms-5776000000-tx2-20260911T223834.775174Z/run.json,24b338f0b6c1a2f930bf811d6b2e06222828fb4d8a8f0a30ea34444cafba0747
5777000000.0,TX1,analyzed,191.232,265.5,False,59.98928660579599,265.75,False,,/srv/bulk/samteway/lab-data/tracking-5ms-full-20260911-resume-v3/captures/dense5ms-5777000000-tx1-20260911T223845.616623Z/run.json,e1bd9a8e0c212262782f6030565f520879cc0017443318f0c577cd5574d0a50f
5777000000.0,TX2,analyzed,191.232,159.25,True,25.193588511566364,159.5,True,,/srv/bulk/samteway/lab-data/tracking-5ms-full-20260911-resume-v3/captures/dense5ms-5777000000-tx2-20260911T223855.454709Z/run.json,4f03b4ebf8896036bdff229637afe294a9bb6f27aece7a7d630eb0aef6652b37
5778000000.0,TX1,analyzed,95.616,266.25,False,57.66037517765769,266.5,False,,/srv/bulk/samteway/lab-data/tracking-5ms-full-20260911-resume-v3/captures/dense5ms-5778000000-tx1-20260911T223906.040417Z/run.json,c4d794e2e03adfe9b019a0b12b4ab121beb80ae866f9f0147a61354cdd80d24d
5778000000.0,TX2,analyzed,95.616,159.75,True,25.815410561096506,160.0,True,,/srv/bulk/samteway/lab-data/tracking-5ms-full-20260911-resume-v3/captures/dense5ms-5778000000-tx2-20260911T223915.765234Z/run.json,b53d912ef4780cedaeb6717f70b290ab0625f98aadaddb062c8130df58b0bd54
5779000000.0,TX1,analyzed,95.616,266.0,False,57.94283160049168,266.0,False,,/srv/bulk/samteway/lab-data/tracking-5ms-full-20260911-resume-v3/captures/dense5ms-5779000000-tx1-20260911T223925.676321Z/run.json,cac38341a4022bdb02dd2af8b44fdb9d00ccf8e8da7bd1d45fb797a18d4d5865
5779000000.0,TX2,analyzed,191.232,159.25,True,24.566213039966193,159.5,True,,/srv/bulk/samteway/lab-data/tracking-5ms-full-20260911-resume-v3/captures/dense5ms-5779000000-tx2-20260911T223935.799259Z/run.json,f0b0b3aaa3b532f4b87b615366916a3cc2e7274d1fb65637f9bff0e1d09bdaff
5780000000.0,TX1,analyzed,191.232,85.25,False,49.768515963648824,85.75,False,,/srv/bulk/samteway/lab-data/tracking-5ms-full-20260911-resume-v3/captures/dense5ms-5780000000-tx1-20260911T223945.699180Z/run.json,dccf7762934ac7593e680b745039bbe1b0c948cd65e3a6412b836b3a8f1875e6
5780000000.0,TX2,analyzed,95.616,159.75,True,26.20715757796485,160.0,True,,/srv/bulk/samteway/lab-data/tracking-5ms-full-20260911-resume-v3/captures/dense5ms-5780000000-tx2-20260911T223955.742462Z/run.json,6c9a58ba334207d9e55cca56d7abb9d564e5ae8a1894bb1a9ef92bff291ada99
5781000000.0,TX1,analyzed,95.616,85.25,False,53.52536590730636,85.75,False,,/srv/bulk/samteway/lab-data/tracking-5ms-full-20260911-resume-v3/captures/dense5ms-5781000000-tx1-20260911T224012.248686Z/run.json,c9d55efe9f99623b4f7c24a35212e154d510f9c23df5573b895e80f443eda44c
5781000000.0,TX2,analyzed,95.616,95.25,False,49.122181137420526,95.75,False,,/srv/bulk/samteway/lab-data/tracking-5ms-full-20260911-resume-v3/captures/dense5ms-5781000000-tx2-20260911T224022.407551Z/run.json,6c1b43611832adab9329d145cc8fa00637d916df8560368435012b64947f1093
5782000000.0,TX1,analyzed,95.616,267.0,False,57.96764785902735,267.0,False,,/srv/bulk/samteway/lab-data/tracking-5ms-full-20260911-resume-v3/captures/dense5ms-5782000000-tx1-20260911T224032.797787Z/run.json,fa6556e3c4d1a6972869fd447ee897332738f6750673142c1a48547f959484a6
5782000000.0,TX2,analyzed,47.808,159.75,True,25.880344947250464,160.0,True,,/srv/bulk/samteway/lab-data/tracking-5ms-full-20260911-resume-v3/captures/dense5ms-5782000000-tx2-20260911T224043.846801Z/run.json,1ef26ec27b6c8885e9d8b4f5b9dff7815f3a70ac72335cb1787ef76300d8d7fb
5783000000.0,TX1,analyzed,95.616,267.5,False,55.303225771830114,267.5,False,,/srv/bulk/samteway/lab-data/tracking-5ms-full-20260911-resume-v3/captures/dense5ms-5783000000-tx1-20260911T224054.549021Z/run.json,f88341f03d82f388cbfc28f8bffad860c8ab6c52c2ecd7112a2850cadd0a5112
5783000000.0,TX2,analyzed,47.808,160.25,True,25.249186495059167,160.25,True,,/srv/bulk/samteway/lab-data/tracking-5ms-full-20260911-resume-v3/captures/dense5ms-5783000000-tx2-20260911T224105.507664Z/run.json,ff8fe518e1b5dde9f15bd4516f666a77569da3e0ea92721c58a4931f4fb052a0
5784000000.0,TX1,analyzed,95.616,83.0,False,56.348198627542175,330.5,False,,/srv/bulk/samteway/lab-data/tracking-5ms-full-20260911-resume-v3/captures/dense5ms-5784000000-tx1-20260911T224116.176699Z/run.json,a4732d44b68f6f313ef78ea8a0729adb7b46a29f03e2d9257191bffb53de3aa6
5784000000.0,TX2,analyzed,47.808,160.25,True,25.440945016240434,160.5,True,,/srv/bulk/samteway/lab-data/tracking-5ms-full-20260911-resume-v3/captures/dense5ms-5784000000-tx2-20260911T224127.535242Z/run.json,7d9d5c5c489fc7c5dac22d137f6a614e3cf8bc0fedc3337f56cf82b8ccefcdd5
5785000000.0,TX1,analyzed,95.616,25.0,False,59.01968823861714,24.75,False,,/srv/bulk/samteway/lab-data/tracking-5ms-full-20260911-resume-v3/captures/dense5ms-5785000000-tx1-20260911T224139.216863Z/run.json,8ef439d0b2a9e2c8d47705160c66f87fef48dbe87c23daa5e076f08f678cb371
5785000000.0,TX2,analyzed,47.808,160.5,True,26.22181267128072,160.5,True,,/srv/bulk/samteway/lab-data/tracking-5ms-full-20260911-resume-v3/captures/dense5ms-5785000000-tx2-20260911T224149.630068Z/run.json,584ea3d631b571544e3380a0b2a687ccfb162a7a7a1ffc9b70fde32d3636be23
5786000000.0,TX1,analyzed,95.616,266.0,False,55.301514199891166,266.0,False,,/srv/bulk/samteway/lab-data/tracking-5ms-full-20260911-resume-v3/captures/dense5ms-5786000000-tx1-20260911T224200.479423Z/run.json,33ffa111394bc6de44f3b02cb30844d86bc428e8137ea2b9e267367b8123a1c4
5786000000.0,TX2,analyzed,47.808,160.5,True,25.95373913652579,160.75,True,,/srv/bulk/samteway/lab-data/tracking-5ms-full-20260911-resume-v3/captures/dense5ms-5786000000-tx2-20260911T224210.247263Z/run.json,a427377cba513ac6ea122335c9adc1278ddffc4324251dbf59b1dc003c253d0e
5787000000.0,TX1,analyzed,95.616,82.5,False,59.336353602991274,83.25,False,,/srv/bulk/samteway/lab-data/tracking-5ms-full-20260911-resume-v3/captures/dense5ms-5787000000-tx1-20260911T224220.144051Z/run.json,8f9b547a52125f22596320b9c52b6ff2e4034ae9b38e663481fa5a8776a3e023
5787000000.0,TX2,analyzed,47.808,161.25,True,25.93385077707258,161.25,True,,/srv/bulk/samteway/lab-data/tracking-5ms-full-20260911-resume-v3/captures/dense5ms-5787000000-tx2-20260911T224229.895351Z/run.json,81aa2cf036cdb1b68a1abfaa2a017bd69c96363b494c0ae7aa722cd9ab7a288f
5788000000.0,TX1,analyzed,95.616,265.75,False,57.60649047640812,265.75,False,,/srv/bulk/samteway/lab-data/tracking-5ms-full-20260911-resume-v3/captures/dense5ms-5788000000-tx1-20260911T224240.061518Z/run.json,3c365c6f8ef7e2e7ebe8cc9cc71f94919bed585aed8d6e9d2d9fc9fd9da314dc
5788000000.0,TX2,analyzed,47.808,161.0,True,27.537734076516085,161.25,True,,/srv/bulk/samteway/lab-data/tracking-5ms-full-20260911-resume-v3/captures/dense5ms-5788000000-tx2-20260911T224249.881750Z/run.json,a4d2f4b3d2ec5b438affd9a3906fc030859d8d701a1a2ea48f297a9492183238
5789000000.0,TX1,analyzed,95.616,329.75,False,43.22267314088124,329.75,False,,/srv/bulk/samteway/lab-data/tracking-5ms-full-20260911-resume-v3/captures/dense5ms-5789000000-tx1-20260911T224300.185830Z/run.json,d37c022b086056bf176c86d4ec8ad000f3d95b12354df5758c5107d70a76dde8
5789000000.0,TX2,analyzed,47.808,161.25,True,26.595060623578522,161.25,True,,/srv/bulk/samteway/lab-data/tracking-5ms-full-20260911-resume-v3/captures/dense5ms-5789000000-tx2-20260911T224311.737617Z/run.json,929e67b7231c469cab21311028562e9409e940b56a998e076f4c80fa6d4dc43f
5790000000.0,TX1,analyzed,95.616,329.5,False,41.725201209354914,329.25,False,,/srv/bulk/samteway/lab-data/tracking-5ms-full-20260911-resume-v3/captures/dense5ms-5790000000-tx1-20260911T224322.820261Z/run.json,59bfad77d8bf6a90e49794b0ae161c8436dd1039f1401734aea28b285fd894ea
5790000000.0,TX2,analyzed,47.808,161.0,True,26.482368932138854,161.0,True,,/srv/bulk/samteway/lab-data/tracking-5ms-full-20260911-resume-v3/captures/dense5ms-5790000000-tx2-20260911T224333.754840Z/run.json,1ab8e0b6207787d5374936fcc8f0d3915336055750b3d5e24770c1aa6b8cd845
5791000000.0,TX1,analyzed,47.808,264.75,False,56.648076206118745,265.0,False,,/srv/bulk/samteway/lab-data/tracking-5ms-full-20260911-resume-v3/captures/dense5ms-5791000000-tx1-20260911T224346.215360Z/run.json,43e67c791ab57cf3a31967820ffefaa0d80c2075427c103860cad05f68331a11
5791000000.0,TX2,analyzed,47.808,161.0,True,26.266457090451723,161.25,True,,/srv/bulk/samteway/lab-data/tracking-5ms-full-20260911-resume-v3/captures/dense5ms-5791000000-tx2-20260911T224356.284863Z/run.json,b460b240697f7de5d1b12f11239931e26c542c80395c2787e82e6612f53233d1
5792000000.0,TX1,analyzed,95.616,328.5,False,41.29819387019759,328.25,False,,/srv/bulk/samteway/lab-data/tracking-5ms-full-20260911-resume-v3/captures/dense5ms-5792000000-tx1-20260911T224406.173235Z/run.json,9cfaf13c947068f334d021250b1a0a6c50e8c8a1196fd7c834e69f6ead3e4a8b
5792000000.0,TX2,analyzed,47.808,160.75,True,26.55414811678182,160.75,True,,/srv/bulk/samteway/lab-data/tracking-5ms-full-20260911-resume-v3/captures/dense5ms-5792000000-tx2-20260911T224416.903198Z/run.json,f15d99414c061cfcf13b629eb6725fdf198105fce1bd6f149631b7062e78ee23
5793000000.0,TX1,analyzed,95.616,328.0,False,37.88120017089446,328.0,False,,/srv/bulk/samteway/lab-data/tracking-5ms-full-20260911-resume-v3/captures/dense5ms-5793000000-tx1-20260911T224427.462142Z/run.json,6e9b38fc336d505ab912f97424072f48492ed12c9f757eb226779eb425da536a
5793000000.0,TX2,analyzed,47.808,161.0,True,25.73915801357894,161.0,True,,/srv/bulk/samteway/lab-data/tracking-5ms-full-20260911-resume-v3/captures/dense5ms-5793000000-tx2-20260911T224437.896273Z/run.json,82d0a01f09e63c2ba750871534da4f0b37ad1f3380e1e81c303bf9a480d7eca4
5794000000.0,TX1,analyzed,95.616,22.75,False,56.85451539959398,22.75,False,,/srv/bulk/samteway/lab-data/tracking-5ms-full-20260911-resume-v3/captures/dense5ms-5794000000-tx1-20260911T224449.179221Z/run.json,c8311dca12d002eb5b3806715d994dd02d57374121941f4893c93a44f9dc59e1
5794000000.0,TX2,analyzed,47.808,160.75,True,26.68746212877747,160.75,True,,/srv/bulk/samteway/lab-data/tracking-5ms-full-20260911-resume-v3/captures/dense5ms-5794000000-tx2-20260911T224459.411749Z/run.json,2c2ff244775ae0fe6423b37430d0b28a464e48553c5c3cab70f0ae0b30f6f3b4
5795000000.0,TX1,analyzed,47.808,327.25,False,35.93143189762209,327.25,False,,/srv/bulk/samteway/lab-data/tracking-5ms-full-20260911-resume-v3/captures/dense5ms-5795000000-tx1-20260911T224509.375984Z/run.json,f4e710c9ecae616f951a03da4ab7c9fffedddd0fad603f9460aef822c5296ffe
5795000000.0,TX2,analyzed,47.808,160.0,True,25.3367452978573,160.0,True,,/srv/bulk/samteway/lab-data/tracking-5ms-full-20260911-resume-v3/captures/dense5ms-5795000000-tx2-20260911T224519.384660Z/run.json,50ead673d8c5e6d39ea0baca3d728cff163493e8ba67fa5c5185301d02579982
5796000000.0,TX1,analyzed,47.808,326.75,False,39.98804760677105,326.75,False,,/srv/bulk/samteway/lab-data/tracking-5ms-full-20260911-resume-v3/captures/dense5ms-5796000000-tx1-20260911T224529.284744Z/run.json,93274b7216ceb1e7bdefc613a669847be149c6744531c909fbbde420c2a65ab9
5796000000.0,TX2,analyzed,47.808,76.25,False,36.06911537812714,76.5,False,,/srv/bulk/samteway/lab-data/tracking-5ms-full-20260911-resume-v3/captures/dense5ms-5796000000-tx2-20260911T224539.611045Z/run.json,a4b0109982ddb121adb6c096d91020d09198c6b1cc4f2eabab71ce34114de488
5797000000.0,TX1,analyzed,47.808,262.5,False,60.650307074722654,262.75,False,,/srv/bulk/samteway/lab-data/tracking-5ms-full-20260911-resume-v3/captures/dense5ms-5797000000-tx1-20260911T224550.184001Z/run.json,405aa0f844cfddb0eca26c4b1215c45513d43679773bb7302e803e91a2e2cef1
5797000000.0,TX2,analyzed,95.616,75.75,False,38.372345021343314,76.0,True,,/srv/bulk/samteway/lab-data/tracking-5ms-full-20260911-resume-v3/captures/dense5ms-5797000000-tx2-20260911T224600.227558Z/run.json,f099953688c2401c0ba97269399b74e5260cdc900e29cd72448b3d62b9da9b81
5798000000.0,TX1,analyzed,95.616,27.5,False,53.779416042304184,28.5,False,,/srv/bulk/samteway/lab-data/tracking-5ms-full-20260911-resume-v3/captures/dense5ms-5798000000-tx1-20260911T224610.561044Z/run.json,f1570da36b1b632dea985e5e9ee00f84438f02776adfc2898ba57b00c4512217
5798000000.0,TX2,analyzed,47.808,159.5,False,25.305734353704864,159.5,False,,/srv/bulk/samteway/lab-data/tracking-5ms-full-20260911-resume-v3/captures/dense5ms-5798000000-tx2-20260911T224620.631889Z/run.json,e779de7cac20185e8db3a33eccae421cc4b96b58a2a88e5f224ce6d5cc25db3c
5799000000.0,TX1,analyzed,47.808,265.75,False,62.92027521866363,265.75,False,,/srv/bulk/samteway/lab-data/tracking-5ms-full-20260911-resume-v3/captures/dense5ms-5799000000-tx1-20260911T224631.152804Z/run.json,11c52a184d6ec0d28913b256e177814ac38d82cb0c3ffb3354fef021e1665c11
5799000000.0,TX2,analyzed,47.808,159.0,False,24.25517170682472,159.0,False,,/srv/bulk/samteway/lab-data/tracking-5ms-full-20260911-resume-v3/captures/dense5ms-5799000000-tx2-20260911T224641.673372Z/run.json,4ba40c02bededd24fc15dc46e31dcabc051bc5693bc5dc598d1bc48832c382a6
5800000000.0,TX1,analyzed,47.808,261.25,False,59.755777099540445,261.5,False,,/srv/bulk/samteway/lab-data/tracking-5ms-full-20260911-resume-v3/captures/dense5ms-5800000000-tx1-20260911T224652.356445Z/run.json,a47b79dec53f219ce01f14a7435e338ecad39e86f664b106f47869825355799c
5800000000.0,TX2,analyzed,47.808,159.0,False,24.60588260767357,159.0,False,,/srv/bulk/samteway/lab-data/tracking-5ms-full-20260911-resume-v3/captures/dense5ms-5800000000-tx2-20260911T224702.647427Z/run.json,da685b10b4bd2724723bd45408519831fcd0a1843ba15b88bb1e641fc78340e4
5801000000.0,TX1,analyzed,95.616,30.5,False,29.32251541452487,31.0,False,,/srv/bulk/samteway/lab-data/tracking-5ms-full-20260911-resume-v3/captures/dense5ms-5801000000-tx1-20260911T224713.211261Z/run.json,2ce019b90532ed3ca1b0076475ceef628cfa1dd7dc109f8be17d9cf1d7911b1f
5801000000.0,TX2,analyzed,47.808,77.0,False,40.966146881676345,77.25,False,,/srv/bulk/samteway/lab-data/tracking-5ms-full-20260911-resume-v3/captures/dense5ms-5801000000-tx2-20260911T224723.354731Z/run.json,f23af179401b483e17582213c1d5a7c57572809f2656043668264a09724e459c
5802000000.0,TX1,analyzed,47.808,27.25,False,39.49200788585571,28.0,False,,/srv/bulk/samteway/lab-data/tracking-5ms-full-20260911-resume-v3/captures/dense5ms-5802000000-tx1-20260911T224733.379874Z/run.json,9e0a1955ac98a45948357875fbfe7c3769c3fa721faad5276e2c45b7d27d6a28
5802000000.0,TX2,analyzed,47.808,158.25,False,24.075861801159295,158.25,False,,/srv/bulk/samteway/lab-data/tracking-5ms-full-20260911-resume-v3/captures/dense5ms-5802000000-tx2-20260911T224743.936389Z/run.json,bcfd83da392e4b20a4ad72a5258a8394249e8d291ddd5bb580af2a3563a868b5
5803000000.0,TX1,analyzed,47.808,260.5,False,60.68034785692286,260.75,False,,/srv/bulk/samteway/lab-data/tracking-5ms-full-20260911-resume-v3/captures/dense5ms-5803000000-tx1-20260911T224754.024484Z/run.json,ec22419ccd1fb449c9643f6281f418fa053e935f522c20ab64a8ca75d6acc480
5803000000.0,TX2,analyzed,95.616,77.75,False,43.94462163478716,78.0,False,,/srv/bulk/samteway/lab-data/tracking-5ms-full-20260911-resume-v3/captures/dense5ms-5803000000-tx2-20260911T224804.813780Z/run.json,01c9f432532c68c4ca43ed756a7fa2be06497aa48baa228a88e43bd6d15e0486
5804000000.0,TX1,analyzed,47.808,337.75,False,72.17073969301005,336.75,False,,/srv/bulk/samteway/lab-data/tracking-5ms-full-20260911-resume-v3/captures/dense5ms-5804000000-tx1-20260911T224815.473077Z/run.json,98f4c255872afc9223d2fcd7d22b8ad48ef8d75b25f8ae9b3a699ad9faf5361c
5804000000.0,TX2,analyzed,47.808,78.0,False,45.94633358219782,78.25,False,,/srv/bulk/samteway/lab-data/tracking-5ms-full-20260911-resume-v3/captures/dense5ms-5804000000-tx2-20260911T224825.704790Z/run.json,9c0e0e78463ea26ee31c55eba8cf5c3aace488bb6d4c0f80171ae1326af0d40e
5805000000.0,TX1,analyzed,47.808,336.75,False,68.75238360328758,335.75,False,,/srv/bulk/samteway/lab-data/tracking-5ms-full-20260911-resume-v3/captures/dense5ms-5805000000-tx1-20260911T224836.582342Z/run.json,35c3d44826beff167ac410159b84c2e44328a0acdc768ba40bf3241effbb225a
5805000000.0,TX2,analyzed,47.808,158.25,False,24.65381252370649,158.25,False,,/srv/bulk/samteway/lab-data/tracking-5ms-full-20260911-resume-v3/captures/dense5ms-5805000000-tx2-20260911T224847.719563Z/run.json,ecbd555b51ab3db7814444a9fd7a2155abaf1b51772e5ecacfa6f62fc33d4aa3
5806000000.0,TX1,analyzed,95.616,321.5,False,41.97619025369569,321.5,False,,/srv/bulk/samteway/lab-data/tracking-5ms-full-20260911-resume-v3/captures/dense5ms-5806000000-tx1-20260911T224858.659240Z/run.json,3d6731df2fec1236400fcc90d017cbdeed22c342628510b170c2425941c87556
5806000000.0,TX2,analyzed,95.616,325.25,False,74.61645733215397,325.5,False,,/srv/bulk/samteway/lab-data/tracking-5ms-full-20260911-resume-v3/captures/dense5ms-5806000000-tx2-20260911T224909.539848Z/run.json,4c6e7a80a2a163d6699baa4a65c4dd00587a98da42242ea48ac656702d7ec2e1
5807000000.0,TX1,analyzed,95.616,321.5,False,40.579835831082946,321.75,False,,/srv/bulk/samteway/lab-data/tracking-5ms-full-20260911-resume-v3/captures/dense5ms-5807000000-tx1-20260911T224920.407691Z/run.json,ba790eb79e31d53e374fe7233b9ff78f1fb2fbfb9fd513b0d4bad5d7a202f10d
5807000000.0,TX2,analyzed,47.808,78.75,False,45.98019049167267,79.0,False,,/srv/bulk/samteway/lab-data/tracking-5ms-full-20260911-resume-v3/captures/dense5ms-5807000000-tx2-20260911T224931.911408Z/run.json,0e5239a2b0a92f9acd1927c51413b928974586977df869a475690fb3eca6684f
5808000000.0,TX1,analyzed,47.808,321.75,False,48.48413577162003,322.0,False,,/srv/bulk/samteway/lab-data/tracking-5ms-full-20260911-resume-v3/captures/dense5ms-5808000000-tx1-20260911T224943.186068Z/run.json,7d98908325458f77e912b41b6e82da72a50b9a8ab5e48564cdab1ca1ca5654d1
5808000000.0,TX2,analyzed,47.808,157.75,False,25.465212772210744,157.75,False,,/srv/bulk/samteway/lab-data/tracking-5ms-full-20260911-resume-v3/captures/dense5ms-5808000000-tx2-20260911T224953.887886Z/run.json,a18d475aab067c2df63608068a33e1ec91c567f5cabde3cc4ac21386cb844561
5809000000.0,TX1,analyzed,191.232,322.75,False,36.96956196409958,322.75,False,,/srv/bulk/samteway/lab-data/tracking-5ms-full-20260911-resume-v3/captures/dense5ms-5809000000-tx1-20260911T225004.189970Z/run.json,f0ffee22d62c9e12d0f6a2e29c1fafa86af38a114572017a44882852273e493a
5809000000.0,TX2,analyzed,23.904,323.25,False,32.00332855386183,323.25,False,,/srv/bulk/samteway/lab-data/tracking-5ms-full-20260911-resume-v3/captures/dense5ms-5809000000-tx2-20260911T225014.059358Z/run.json,067fb99de79bb97ee9986e53641e014bd43467d94d768346ee49cc070256a5d6
5810000000.0,TX1,analyzed,47.808,337.75,False,67.57951290663988,336.75,False,,/srv/bulk/samteway/lab-data/tracking-5ms-full-20260911-resume-v3/captures/dense5ms-5810000000-tx1-20260911T225023.938051Z/run.json,a9977642aa21f28a0af23a75cd6e2e01d5ee1645b4679e9632df1a0f7f3bee54
5810000000.0,TX2,analyzed,47.808,322.25,False,74.99792733787828,322.5,False,,/srv/bulk/samteway/lab-data/tracking-5ms-full-20260911-resume-v3/captures/dense5ms-5810000000-tx2-20260911T225033.803771Z/run.json,bf69023f3ec3129784c69409532277450eb2281aaa341c81ab483b0c24740503
5811000000.0,TX1,analyzed,47.808,322.25,False,43.0134232568891,322.5,False,,/srv/bulk/samteway/lab-data/tracking-5ms-full-20260911-resume-v3/captures/dense5ms-5811000000-tx1-20260911T225043.784503Z/run.json,ee476891361253ce6fcc3fab56838b5a1652a86508909d3ba97a1578b63c92f8
5811000000.0,TX2,analyzed,23.904,323.75,False,30.465360264559756,323.5,False,,/srv/bulk/samteway/lab-data/tracking-5ms-full-20260911-resume-v3/captures/dense5ms-5811000000-tx2-20260911T225053.574044Z/run.json,f89cf51423fd08fadbe51e6bf7e971dd78ab8fb7af12710086bfa076d545c466
5812000000.0,TX1,analyzed,95.616,322.75,False,42.982843478120934,322.75,False,,/srv/bulk/samteway/lab-data/tracking-5ms-full-20260911-resume-v3/captures/dense5ms-5812000000-tx1-20260911T225103.245692Z/run.json,ce17e3215bef755cae82387471cbc2d8a7e1b9a24e41ddbee4b2e9825fcfa0a5
5812000000.0,TX2,analyzed,23.904,323.75,False,29.828044097280575,323.5,False,,/srv/bulk/samteway/lab-data/tracking-5ms-full-20260911-resume-v3/captures/dense5ms-5812000000-tx2-20260911T225122.766474Z/run.json,45ea8e9bbdf7c8f1fb13ab55c49ec099a36a1e86a45c25ca6df16196d74b5c2d
5813000000.0,TX1,analyzed,95.616,322.75,False,42.17962679474871,323.0,False,,/srv/bulk/samteway/lab-data/tracking-5ms-full-20260911-resume-v3/captures/dense5ms-5813000000-tx1-20260911T225133.711327Z/run.json,22ac9501736fa34fd331fdbae9ac4b184df6c70688d61e96bca19381cb5daa42
5813000000.0,TX2,analyzed,23.904,323.25,False,29.588964531284894,323.25,False,,/srv/bulk/samteway/lab-data/tracking-5ms-full-20260911-resume-v3/captures/dense5ms-5813000000-tx2-20260911T225144.035646Z/run.json,2b7e8f7a9d04e363dc331fb28718c2e0b8d136cc09a176a3b576479d2ae2fdb5
5814000000.0,TX1,analyzed,47.808,341.25,False,74.38041821861754,340.0,False,,/srv/bulk/samteway/lab-data/tracking-5ms-full-20260911-resume-v3/captures/dense5ms-5814000000-tx1-20260911T225153.613313Z/run.json,4cd3f9f92e469a01be813c1f5f0faa6d91c1e3c55a6067e3d37342c2dae2171d
5814000000.0,TX2,analyzed,23.904,323.5,False,28.52254590495339,323.5,False,,/srv/bulk/samteway/lab-data/tracking-5ms-full-20260911-resume-v3/captures/dense5ms-5814000000-tx2-20260911T225203.532888Z/run.json,9049095db2a8f11dbf6fa873b1566dfb2288f77c7db9ffe9e96b746898bd98f6
5815000000.0,TX1,analyzed,95.616,323.25,False,48.273768067554045,323.25,False,,/srv/bulk/samteway/lab-data/tracking-5ms-full-20260911-resume-v3/captures/dense5ms-5815000000-tx1-20260911T225213.951069Z/run.json,677abe1e88559f8fb2d945ba19ea6f1f2f9d103beecb71c0d36d2825893f6177
5815000000.0,TX2,analyzed,23.904,323.25,False,28.48115895575792,323.25,False,,/srv/bulk/samteway/lab-data/tracking-5ms-full-20260911-resume-v3/captures/dense5ms-5815000000-tx2-20260911T225224.133413Z/run.json,4ff3e337cec0ea796e51ad141815c08fd5280e9be22cfa1c04789bd9ff3629db
5816000000.0,TX1,analyzed,95.616,323.25,False,49.568794517394835,323.5,False,,/srv/bulk/samteway/lab-data/tracking-5ms-full-20260911-resume-v3/captures/dense5ms-5816000000-tx1-20260911T225233.944067Z/run.json,a31b5a5a2358daf5eb52aaeb939702bd329e50c5108e3a802f530af15acb21df
5816000000.0,TX2,analyzed,47.808,317.0,False,77.76508270943383,317.5,False,,/srv/bulk/samteway/lab-data/tracking-5ms-full-20260911-resume-v3/captures/dense5ms-5816000000-tx2-20260911T225243.894039Z/run.json,c6fee4fbbceb0fa2e8a78ad2007ecbdc5df020d9570533d75674cd9488abbff2
5817000000.0,TX1,analyzed,95.616,323.5,False,41.55176485460991,323.5,False,,/srv/bulk/samteway/lab-data/tracking-5ms-full-20260911-resume-v3/captures/dense5ms-5817000000-tx1-20260911T225254.656197Z/run.json,37fca032df93402e77bb9f146b14df9bf49e65a5640099d57edad18cd23fd090
5817000000.0,TX2,analyzed,47.808,316.0,False,77.74351801137364,316.25,False,,/srv/bulk/samteway/lab-data/tracking-5ms-full-20260911-resume-v3/captures/dense5ms-5817000000-tx2-20260911T225304.764097Z/run.json,52d65980be4bac2344a7827534f358d932e1964d862442919cad88298ed16f3f
5818000000.0,TX1,analyzed,95.616,346.5,False,62.74125107426883,345.25,False,,/srv/bulk/samteway/lab-data/tracking-5ms-full-20260911-resume-v3/captures/dense5ms-5818000000-tx1-20260911T225315.324446Z/run.json,b314ffec1d23cbdd6aee046540de02c6873d479680b59d4333f12bf5b5159a70
5818000000.0,TX2,analyzed,23.904,322.5,False,27.379220845244742,322.5,False,,/srv/bulk/samteway/lab-data/tracking-5ms-full-20260911-resume-v3/captures/dense5ms-5818000000-tx2-20260911T225325.660731Z/run.json,df9d5aa834cce15ba6cb25413e0ce266472b4354eec8d4c1dee33d8b2d1e1c1b
5819000000.0,TX1,analyzed,95.616,324.75,False,49.70611621316367,325.0,False,,/srv/bulk/samteway/lab-data/tracking-5ms-full-20260911-resume-v3/captures/dense5ms-5819000000-tx1-20260911T225336.120612Z/run.json,2d4015d49d032e3baf9318f70b4ef4322a90778e9c924979a40a48d640ca0681
5819000000.0,TX2,analyzed,23.904,322.25,False,26.988640929002756,322.25,False,,/srv/bulk/samteway/lab-data/tracking-5ms-full-20260911-resume-v3/captures/dense5ms-5819000000-tx2-20260911T225346.508054Z/run.json,387f0f5167a58ae7df3916b01be9df95527c47868f90ea0b6063df4ce659316d
5820000000.0,TX1,analyzed,95.616,324.25,False,43.10688016556546,324.5,False,,/srv/bulk/samteway/lab-data/tracking-5ms-full-20260911-resume-v3/captures/dense5ms-5820000000-tx1-20260911T225356.444079Z/run.json,122055a8bb78429c9cce41fce2bdede5a0d2f6ef721aa4abc8acbdc5ad43c7be
5820000000.0,TX2,analyzed,,315.0,False,67.8305478561028,315.25,False,,/srv/bulk/samteway/lab-data/tracking-5ms-full-20260911-resume-v3/captures/dense5ms-5820000000-tx2-20260911T225406.250222Z/run.json,e1ee998afd0752eca644230069a846c5ee7dc73726d490cca840239c45a095f4
5821000000.0,TX1,analyzed,95.616,324.75,False,42.20111868530856,325.0,False,,/srv/bulk/samteway/lab-data/tracking-5ms-full-20260911-resume-v3/captures/dense5ms-5821000000-tx1-20260911T225416.789247Z/run.json,bd42ccf62206c89564b96488f598a7318b6a53e8952e7fe88656252dc8bdc9d7
5821000000.0,TX2,analyzed,47.808,310.25,False,75.4269684881047,310.5,False,,/srv/bulk/samteway/lab-data/tracking-5ms-full-20260911-resume-v3/captures/dense5ms-5821000000-tx2-20260911T225426.699356Z/run.json,c884a9cee8f0091f6f6e9330606128d1f73def39f708bad8d7a532839203edcd
5822000000.0,TX1,analyzed,191.232,325.5,False,52.992682232441815,325.75,False,,/srv/bulk/samteway/lab-data/tracking-5ms-full-20260911-resume-v3/captures/dense5ms-5822000000-tx1-20260911T225436.959895Z/run.json,57b4d05a572e6f80e3a7481f58bed97277cbf4814ff074754d5680e93115db57
5822000000.0,TX2,analyzed,47.808,308.25,False,69.91656871117563,308.5,False,,/srv/bulk/samteway/lab-data/tracking-5ms-full-20260911-resume-v3/captures/dense5ms-5822000000-tx2-20260911T225447.333972Z/run.json,7b9ec118c40040e3364054df2285022f6bfd061088f254cb82e8da4fc5b6a2ad
5823000000.0,TX1,analyzed,191.232,325.5,False,48.33542546309332,325.5,False,,/srv/bulk/samteway/lab-data/tracking-5ms-full-20260911-resume-v3/captures/dense5ms-5823000000-tx1-20260911T225457.902209Z/run.json,cc7342c87024fa366e5a3c81942ab13c6684935f6b73d6fa90d2e8c03fdee23d
5823000000.0,TX2,analyzed,23.904,322.0,False,27.62814137247313,322.0,False,,/srv/bulk/samteway/lab-data/tracking-5ms-full-20260911-resume-v3/captures/dense5ms-5823000000-tx2-20260911T225512.917344Z/run.json,252fbf771fc741c10dabcf9f2e8e43194b70ab2fb6778fddbeb529ce72f0f711
5824000000.0,TX1,analyzed,95.616,97.25,False,52.05251399805742,97.0,False,,/srv/bulk/samteway/lab-data/tracking-5ms-full-20260911-resume-v3/captures/dense5ms-5824000000-tx1-20260911T225522.896116Z/run.json,d8af83badbb5aae6af4e850a2310b47a7b12975210ab818cc1516938f64966b9
5824000000.0,TX2,analyzed,23.904,322.0,False,28.059352593544777,321.75,False,,/srv/bulk/samteway/lab-data/tracking-5ms-full-20260911-resume-v3/captures/dense5ms-5824000000-tx2-20260911T225532.777648Z/run.json,f93b8e360c4ff92eea8bb4c50db67e673f65ade8506c1fa70fcb54ad347e9746
5825000000.0,TX1,analyzed,47.808,97.0,False,51.46380111069191,96.5,False,,/srv/bulk/samteway/lab-data/tracking-5ms-full-20260911-resume-v3/captures/dense5ms-5825000000-tx1-20260911T225542.901675Z/run.json,e2299e3712e1d84d39fc3c985bced8639d151bbac4079e90489c57f84dfe1af0
5825000000.0,TX2,analyzed,23.904,305.75,False,67.64118535137116,306.0,False,,/srv/bulk/samteway/lab-data/tracking-5ms-full-20260911-resume-v3/captures/dense5ms-5825000000-tx2-20260911T225552.752936Z/run.json,ff3592115152bf50d716b26ea1b2a59d22404e638708cb90377d9ff9047669ac
5826000000.0,TX1,analyzed,191.232,325.75,False,46.938711578929635,325.75,False,,/srv/bulk/samteway/lab-data/tracking-5ms-full-20260911-resume-v3/captures/dense5ms-5826000000-tx1-20260911T225602.818010Z/run.json,7e8d0c453793d84f51b4a8f5c29f6a035f4f831d9269bca9ef09cdaae6fbe00a
5826000000.0,TX2,analyzed,23.904,321.75,True,26.863477971662768,321.5,False,,/srv/bulk/samteway/lab-data/tracking-5ms-full-20260911-resume-v3/captures/dense5ms-5826000000-tx2-20260911T225613.332658Z/run.json,be798712ec2f629142c18bf7f0670614cd2eb0bc2c536ce0844913bd1fbce3c6
5827000000.0,TX1,analyzed,95.616,324.75,False,50.95116937711555,325.0,False,,/srv/bulk/samteway/lab-data/tracking-5ms-full-20260911-resume-v3/captures/dense5ms-5827000000-tx1-20260911T225623.626968Z/run.json,897620f0770d79aeb35f10f25c32dec8c55e82d6b6cc63974a22ce1cac6d71bb
5827000000.0,TX2,analyzed,23.904,303.75,False,61.22149793269257,303.75,False,,/srv/bulk/samteway/lab-data/tracking-5ms-full-20260911-resume-v3/captures/dense5ms-5827000000-tx2-20260911T225634.584877Z/run.json,995365ad65ece962d044e8ccd0a7d2844d8d162832b5282f7d0761f4baa781f5
5828000000.0,TX1,analyzed,47.808,97.0,False,52.21339018682191,96.75,False,,/srv/bulk/samteway/lab-data/tracking-5ms-full-20260911-resume-v3/captures/dense5ms-5828000000-tx1-20260911T225644.934162Z/run.json,1e78b0b1363a73a98403a0f962e1d54194331ceee90cf31359ce951188f2e6f8
5828000000.0,TX2,analyzed,23.904,321.25,True,27.079182584856035,321.25,True,,/srv/bulk/samteway/lab-data/tracking-5ms-full-20260911-resume-v3/captures/dense5ms-5828000000-tx2-20260911T225655.436597Z/run.json,3f25bc1f3cf15d435b49d803390f750ce2ed143cf4e74480ba6e8bfe1671aa25
5829000000.0,TX1,analyzed,95.616,324.75,False,48.8128719822061,325.0,False,,/srv/bulk/samteway/lab-data/tracking-5ms-full-20260911-resume-v3/captures/dense5ms-5829000000-tx1-20260911T225705.802064Z/run.json,7bc103dc90d7469323f2233ef6ec12e2845a329c9a344e94619dd0a3635d0d50
5829000000.0,TX2,analyzed,23.904,321.5,True,27.77107586992415,321.5,False,,/srv/bulk/samteway/lab-data/tracking-5ms-full-20260911-resume-v3/captures/dense5ms-5829000000-tx2-20260911T225716.235073Z/run.json,587a6f24d26094a8f6d2ae6099edc6d81a03c4e3fd501f3baa248f39c7e6d901
5830000000.0,TX1,analyzed,47.808,324.75,False,55.23289471577294,325.0,False,,/srv/bulk/samteway/lab-data/tracking-5ms-full-20260911-resume-v3/captures/dense5ms-5830000000-tx1-20260911T225726.628874Z/run.json,3767f41d350e880ab38e79860befd9e0434688e7a06627a6fb46aa277b90a999
5830000000.0,TX2,analyzed,23.904,298.5,False,55.07045639627707,298.25,False,,/srv/bulk/samteway/lab-data/tracking-5ms-full-20260911-resume-v3/captures/dense5ms-5830000000-tx2-20260911T225737.225920Z/run.json,a8e78429ede88446d983d4c59f389485cc48e4656f6c24fbb2bb861ac2da9fd5
5831000000.0,TX1,analyzed,47.808,323.75,False,47.52676640413202,324.0,False,,/srv/bulk/samteway/lab-data/tracking-5ms-full-20260911-resume-v3/captures/dense5ms-5831000000-tx1-20260911T225747.945414Z/run.json,7bd34c3497f58f59a4d994f2166d8aea43873999b66ecc4bdaab2da227af85a7
5831000000.0,TX2,analyzed,23.904,299.75,False,57.705170910471644,299.5,False,,/srv/bulk/samteway/lab-data/tracking-5ms-full-20260911-resume-v3/captures/dense5ms-5831000000-tx2-20260911T225758.530815Z/run.json,142f035b1ec61cddfc6d7b6fc072838844ed10601936b0846b2fb692721bebaf
5832000000.0,TX1,analyzed,47.808,96.0,False,51.78816801631542,95.75,False,,/srv/bulk/samteway/lab-data/tracking-5ms-full-20260911-resume-v3/captures/dense5ms-5832000000-tx1-20260911T225808.579242Z/run.json,4dbb39b76b65beb980e9c596ca60476df30b6a06757e7aa552a2bcdf342a9c79
5832000000.0,TX2,analyzed,23.904,296.5,False,57.78728863947556,295.75,False,,/srv/bulk/samteway/lab-data/tracking-5ms-full-20260911-resume-v3/captures/dense5ms-5832000000-tx2-20260911T225818.305490Z/run.json,e48b82b10d49cb015ba913dd561b75cd43a8539a46eaac02c6837dfd26bf10eb
5833000000.0,TX1,analyzed,95.616,324.0,False,51.73224701683379,324.5,False,,/srv/bulk/samteway/lab-data/tracking-5ms-full-20260911-resume-v3/captures/dense5ms-5833000000-tx1-20260911T225828.412119Z/run.json,29d5c0163d35ed2391e2716ec00d45b6484f4841ddc1da25b7bd0809587506a0
5833000000.0,TX2,analyzed,23.904,297.0,False,56.276094833475625,296.5,False,,/srv/bulk/samteway/lab-data/tracking-5ms-full-20260911-resume-v3/captures/dense5ms-5833000000-tx2-20260911T225838.174359Z/run.json,5396386e4d3d73872cc3fd2b85bd3f31b53ae98b63a9fffd41ab5c998f6047cd
5834000000.0,TX1,analyzed,47.808,95.75,False,52.141081401533874,95.5,False,,/srv/bulk/samteway/lab-data/tracking-5ms-full-20260911-resume-v3/captures/dense5ms-5834000000-tx1-20260911T225847.927663Z/run.json,e7857af04ee58a1158f0156fbaa9c4b57f1a82dde9dabdd2bdd3c2f366b0b4fe
5834000000.0,TX2,analyzed,23.904,294.5,False,55.099216201721774,294.0,False,,/srv/bulk/samteway/lab-data/tracking-5ms-full-20260911-resume-v3/captures/dense5ms-5834000000-tx2-20260911T225857.906478Z/run.json,4bd73934999138b83ff6306d7fa175f436ea65c32d162a64f543a496b48be1a2
5835000000.0,TX1,analyzed,47.808,323.75,False,50.55233601856195,324.0,False,,/srv/bulk/samteway/lab-data/tracking-5ms-full-20260911-resume-v3/captures/dense5ms-5835000000-tx1-20260911T225908.861789Z/run.json,2c6ed3e448dfd2132464792c89224eaae05bbcf670fe78df8880f61e2144da39
5835000000.0,TX2,analyzed,11.952,321.0,True,28.545700888064772,321.0,False,,/srv/bulk/samteway/lab-data/tracking-5ms-full-20260911-resume-v3/captures/dense5ms-5835000000-tx2-20260911T225918.885816Z/run.json,d01a015f70b6bf3f53266bc136eb9c7e9296f19af443582fadd53012193f04a9
5836000000.0,TX1,analyzed,47.808,95.75,False,51.58479188247632,95.5,False,,/srv/bulk/samteway/lab-data/tracking-5ms-full-20260911-resume-v3/captures/dense5ms-5836000000-tx1-20260911T225928.825645Z/run.json,6992cea72c88418bdd6050717b4f98ef05026b72e1984c7ada29b70caf348bad
5836000000.0,TX2,analyzed,11.952,295.0,False,55.28260081217955,294.25,False,,/srv/bulk/samteway/lab-data/tracking-5ms-full-20260911-resume-v3/captures/dense5ms-5836000000-tx2-20260911T225938.907507Z/run.json,5677ef394c60070cbc2e31474b13bcff2243721a634349214ee7592386e56e34
5837000000.0,TX1,analyzed,23.904,322.5,False,53.667064346333305,322.75,False,,/srv/bulk/samteway/lab-data/tracking-5ms-full-20260911-resume-v3/captures/dense5ms-5837000000-tx1-20260911T225949.157411Z/run.json,cb13506cd1461c8320bf0021ef0025fe812d59737a5af1cf1068e7f8d67776c2
5837000000.0,TX2,analyzed,11.952,321.0,False,28.995789214618863,321.0,False,,/srv/bulk/samteway/lab-data/tracking-5ms-full-20260911-resume-v3/captures/dense5ms-5837000000-tx2-20260911T225958.877561Z/run.json,fe9ae8321a11995ef25c2fd24a873b33ef7af16ad5d8d9756200562bc143c091
5838000000.0,TX1,analyzed,23.904,95.25,False,51.995540673761546,95.0,False,,/srv/bulk/samteway/lab-data/tracking-5ms-full-20260911-resume-v3/captures/dense5ms-5838000000-tx1-20260911T230008.504553Z/run.json,061477661ac5bd528f94f58f534f88e04fe1e3ab85f65c2dd9f1795c32ba0dfd
5838000000.0,TX2,analyzed,23.904,295.0,False,54.64662941577952,294.5,False,,/srv/bulk/samteway/lab-data/tracking-5ms-full-20260911-resume-v3/captures/dense5ms-5838000000-tx2-20260911T230018.315482Z/run.json,d0896d141717ff531ab1bb513c0d6b1fcf76b234212be3c7c9ae5609dd34d2c3
5839000000.0,TX1,analyzed,47.808,264.5,False,58.426567649819475,264.75,False,,/srv/bulk/samteway/lab-data/tracking-5ms-full-20260911-resume-v3/captures/dense5ms-5839000000-tx1-20260911T230028.016037Z/run.json,7219e6269f29ab8e1337cbf226b46b3497764bd9d0e5841999616d9b4204cf42
5839000000.0,TX2,analyzed,11.952,320.75,False,28.827925645303967,320.75,False,,/srv/bulk/samteway/lab-data/tracking-5ms-full-20260911-resume-v3/captures/dense5ms-5839000000-tx2-20260911T230038.414471Z/run.json,ef1906630af75a8468a787b20ebe6a17bebf162baae8e8c6e2e57439e80532ab
5840000000.0,TX1,analyzed,23.904,321.75,False,51.0831752392774,322.25,False,,/srv/bulk/samteway/lab-data/tracking-5ms-full-20260911-resume-v3/captures/dense5ms-5840000000-tx1-20260911T230048.201693Z/run.json,7dbe8806c4d05ed9f555d42a7c4355c572d9c9a4c04e463ade577b42fc2665db
5840000000.0,TX2,analyzed,11.952,321.5,False,29.639000322347858,321.5,False,,/srv/bulk/samteway/lab-data/tracking-5ms-full-20260911-resume-v3/captures/dense5ms-5840000000-tx2-20260911T230058.541451Z/run.json,dee8e6c7312b17f84e6739a583e3eeb185631051cc116dbbe51e76742b67355f
5841000000.0,TX1,analyzed,23.904,264.5,False,57.240330171750195,264.75,False,,/srv/bulk/samteway/lab-data/tracking-5ms-full-20260911-resume-v3/captures/dense5ms-5841000000-tx1-20260911T230109.532690Z/run.json,dab35782d85b36bb7f072bed76c8e0461e0b992ecc2ff2ed42808fcf597e00c7
5841000000.0,TX2,analyzed,11.952,292.75,False,55.49910051160249,292.25,False,,/srv/bulk/samteway/lab-data/tracking-5ms-full-20260911-resume-v3/captures/dense5ms-5841000000-tx2-20260911T230120.853392Z/run.json,bd9b1b0902a065b24f0431788b30d4ad758780cd99abc65c15e665c15e15b78a
5842000000.0,TX1,analyzed,95.616,320.75,False,50.43670832869158,321.0,False,,/srv/bulk/samteway/lab-data/tracking-5ms-full-20260911-resume-v3/captures/dense5ms-5842000000-tx1-20260911T230131.913725Z/run.json,95470009a15aba034cc8e13d022ddc00844e5cb00576ce3fbb66686d8dc7c79f
5842000000.0,TX2,analyzed,11.952,292.5,False,56.60986953468577,291.75,False,,/srv/bulk/samteway/lab-data/tracking-5ms-full-20260911-resume-v3/captures/dense5ms-5842000000-tx2-20260911T230142.728095Z/run.json,4e0706cc8e5e1d7fff98b6ddd286abdab15e8d0850896e7e988580391b12b3c1
5843000000.0,TX1,analyzed,23.904,264.5,False,58.37803352630079,264.75,False,,/srv/bulk/samteway/lab-data/tracking-5ms-full-20260911-resume-v3/captures/dense5ms-5843000000-tx1-20260911T230155.574138Z/run.json,0d0af7d23af0f5034bc1df64e6f2b725617207e6ec8a804808754591402b3823
5843000000.0,TX2,analyzed,11.952,321.25,False,29.79391337818023,321.25,False,,/srv/bulk/samteway/lab-data/tracking-5ms-full-20260911-resume-v3/captures/dense5ms-5843000000-tx2-20260911T230205.739254Z/run.json,83772fd15a810575fb5862bf9f607b116916b5f8c472c283d126219513a98b8f
5844000000.0,TX1,analyzed,23.904,320.5,False,47.90726441257261,320.75,False,,/srv/bulk/samteway/lab-data/tracking-5ms-full-20260911-resume-v3/captures/dense5ms-5844000000-tx1-20260911T230216.177081Z/run.json,0d4f06a20f0327b4a9bfe89c841c42d341eacffde9efb17b38aee8ff12851c83
5844000000.0,TX2,analyzed,11.952,291.5,False,55.6101030872578,291.0,False,,/srv/bulk/samteway/lab-data/tracking-5ms-full-20260911-resume-v3/captures/dense5ms-5844000000-tx2-20260911T230226.975048Z/run.json,194e5648ba056f5a5a16a5b500c7ccbcfe38a77741e0a8d4686656cc00d15f8c
5845000000.0,TX1,analyzed,23.904,265.25,False,57.272293600381104,265.75,False,,/srv/bulk/samteway/lab-data/tracking-5ms-full-20260911-resume-v3/captures/dense5ms-5845000000-tx1-20260911T230237.171210Z/run.json,2a596f957bf88fee7850f5e9b7721c2011cc383a876cf8551e317d035184319c
5845000000.0,TX2,analyzed,11.952,321.75,False,31.204621733028713,321.75,False,,/srv/bulk/samteway/lab-data/tracking-5ms-full-20260911-resume-v3/captures/dense5ms-5845000000-tx2-20260911T230247.558705Z/run.json,9200102399ffae11bc57d5dcd2db92c5a27fae95e76f38b39c9f4a63ba8c1c71
5846000000.0,TX1,analyzed,23.904,265.5,False,56.74052400380587,266.0,False,,/srv/bulk/samteway/lab-data/tracking-5ms-full-20260911-resume-v3/captures/dense5ms-5846000000-tx1-20260911T230258.628980Z/run.json,c9a76360f10b49fa1c9a5a5421812e49c0db220e13ffe014fa20b1a720ff3d90
5846000000.0,TX2,analyzed,11.952,322.0,False,30.642488945521304,322.0,False,,/srv/bulk/samteway/lab-data/tracking-5ms-full-20260911-resume-v3/captures/dense5ms-5846000000-tx2-20260911T230309.153774Z/run.json,ffc519a2e25a33a054991543144b5949c3a7c0ba3cf32f52aabcbfa9cea992a2
5847000000.0,TX1,analyzed,23.904,266.0,False,56.75302250656599,266.5,False,,/srv/bulk/samteway/lab-data/tracking-5ms-full-20260911-resume-v3/captures/dense5ms-5847000000-tx1-20260911T230319.336421Z/run.json,b58267f57bb4f407ab62ff2bfc27ea34be5eba5a6bbd03e3b903492fb00a3c19
5847000000.0,TX2,analyzed,11.952,321.75,False,31.55760002016051,321.75,False,,/srv/bulk/samteway/lab-data/tracking-5ms-full-20260911-resume-v3/captures/dense5ms-5847000000-tx2-20260911T230340.045881Z/run.json,00624efba812b81de1fdd4067591028c1ac8de8f6c4c70a10c0157ff29bb19d3
5848000000.0,TX1,analyzed,23.904,266.75,False,56.35194410540067,267.25,False,,/srv/bulk/samteway/lab-data/tracking-5ms-full-20260911-resume-v3/captures/dense5ms-5848000000-tx1-20260911T230350.894395Z/run.json,9bf5e5fba9585c41821baacc61d03eb5c1a160d7e455b66b93f89551db7ca380
5848000000.0,TX2,analyzed,11.952,322.25,False,32.22468759755111,322.25,False,,/srv/bulk/samteway/lab-data/tracking-5ms-full-20260911-resume-v3/captures/dense5ms-5848000000-tx2-20260911T230400.563477Z/run.json,0add75d8a707d6e344371bff349dc37d2636ba4b096e68b08336432925d2b3d5
5849000000.0,TX1,analyzed,23.904,267.75,False,54.04551825340623,268.25,False,,/srv/bulk/samteway/lab-data/tracking-5ms-full-20260911-resume-v3/captures/dense5ms-5849000000-tx1-20260911T230410.581847Z/run.json,561e3f3b9c1429478118ab032f368423720ca9364d4196d6f23a4aa9db556fee
5849000000.0,TX2,analyzed,5.976,322.5,False,32.41586986183571,322.5,False,,/srv/bulk/samteway/lab-data/tracking-5ms-full-20260911-resume-v3/captures/dense5ms-5849000000-tx2-20260911T230420.490072Z/run.json,b5fca7fdf9b4222f36f870b026f5d54ed1a2c2dff8179312a510fdb3554617b3
5850000000.0,TX1,analyzed,47.808,322.25,False,45.32908020776147,322.5,True,,/srv/bulk/samteway/lab-data/tracking-5ms-full-20260911-resume-v3/captures/dense5ms-5850000000-tx1-20260911T230430.432003Z/run.json,c85e3803df00dd541b37398529f77dbd1dae7323aec9d1fbfd5babefce360dbb
5850000000.0,TX2,analyzed,11.952,322.25,False,32.646215102558024,322.0,False,,/srv/bulk/samteway/lab-data/tracking-5ms-full-20260911-resume-v3/captures/dense5ms-5850000000-tx2-20260911T230441.817932Z/run.json,b28691397821d5975b82e9cda2921966d45f95e436d7d44212f431d009666ad6
5851000000.0,TX1,analyzed,23.904,268.75,False,53.651699922848685,269.25,False,,/srv/bulk/samteway/lab-data/tracking-5ms-full-20260911-resume-v3/captures/dense5ms-5851000000-tx1-20260911T230451.824303Z/run.json,3faef5036c20e8a93d6c8d09604f236e22d9891c6e3ec44aeb79df98d6cfda1f
5851000000.0,TX2,analyzed,5.976,323.0,False,33.946417919856714,322.75,False,,/srv/bulk/samteway/lab-data/tracking-5ms-full-20260911-resume-v3/captures/dense5ms-5851000000-tx2-20260911T230502.577041Z/run.json,c8bd5633aa335952ad689fde32f3fd324100b6a6f06d024a6bd9339a760e0645
5852000000.0,TX1,analyzed,23.904,270.5,False,52.00834679727225,270.75,False,,/srv/bulk/samteway/lab-data/tracking-5ms-full-20260911-resume-v3/captures/dense5ms-5852000000-tx1-20260911T230520.467312Z/run.json,d6f34dd416fa475ddae7acc443fd047526050a2a5c2f96b4b9990eeef45ef80e
5852000000.0,TX2,analyzed,11.952,321.5,False,33.63045995156149,321.25,False,,/srv/bulk/samteway/lab-data/tracking-5ms-full-20260911-resume-v3/captures/dense5ms-5852000000-tx2-20260911T230530.915037Z/run.json,5b266ea5f8b5d09a2241a9695897fbeb4b1f5a759ccc787da5b61f9015a14d98
5853000000.0,TX1,analyzed,23.904,270.5,False,51.80343189647938,270.75,False,,/srv/bulk/samteway/lab-data/tracking-5ms-full-20260911-resume-v3/captures/dense5ms-5853000000-tx1-20260911T230541.470194Z/run.json,fb3fd9dd818a43b64360a77539ffececb45bd563aef339e5803ffe32c055bcaa
5853000000.0,TX2,analyzed,11.952,322.25,False,36.5858541113978,322.0,False,,/srv/bulk/samteway/lab-data/tracking-5ms-full-20260911-resume-v3/captures/dense5ms-5853000000-tx2-20260911T230552.335006Z/run.json,a7870d35897062fb50edc5bb3719a11312cb7ef627f35feef259a5853ceff907
5854000000.0,TX1,analyzed,23.904,271.0,False,52.18483750046677,271.5,False,,/srv/bulk/samteway/lab-data/tracking-5ms-full-20260911-resume-v3/captures/dense5ms-5854000000-tx1-20260911T230603.533954Z/run.json,e31922b32a8a276fc8d0a791ff92f6f8fa02d8ae538e7be09d16eb8c638bb775
5854000000.0,TX2,analyzed,5.976,322.5,False,37.769720919383055,322.25,False,,/srv/bulk/samteway/lab-data/tracking-5ms-full-20260911-resume-v3/captures/dense5ms-5854000000-tx2-20260911T230614.517152Z/run.json,f911bbb8530587c06d66385fb37c0d3c15fdd0dd6122a585acbd698990d93ae7
5855000000.0,TX1,analyzed,23.904,271.5,False,52.456323207111915,271.75,False,,/srv/bulk/samteway/lab-data/tracking-5ms-full-20260911-resume-v3/captures/dense5ms-5855000000-tx1-20260911T230624.765132Z/run.json,cf93a6b197e724f661cad868001ded39b93ca6bd3c32afe09c2fe5e258ebe2f6
5855000000.0,TX2,analyzed,5.976,322.5,False,38.409022245728906,322.5,False,,/srv/bulk/samteway/lab-data/tracking-5ms-full-20260911-resume-v3/captures/dense5ms-5855000000-tx2-20260911T230635.175470Z/run.json,f33de24d4b1285b3f35017f9d6bed82dcb0982cdcb7b3c5ce7c34658f46cc367
5856000000.0,TX1,analyzed,23.904,272.25,False,51.741106659231015,272.5,False,,/srv/bulk/samteway/lab-data/tracking-5ms-full-20260911-resume-v3/captures/dense5ms-5856000000-tx1-20260911T230646.439930Z/run.json,fa000711274b1f562171208eff97d4a0c3fff33cadf01c818f7cea9f54c8c63c
5856000000.0,TX2,analyzed,11.952,321.75,False,38.349792158834866,321.75,False,,/srv/bulk/samteway/lab-data/tracking-5ms-full-20260911-resume-v3/captures/dense5ms-5856000000-tx2-20260911T230657.425891Z/run.json,ba29724e84f012e857b6a88e4e5efc299a446f9cdd848d9a34a7eb349dd998f3
5857000000.0,TX1,analyzed,23.904,273.0,False,51.859776266163564,273.5,False,,/srv/bulk/samteway/lab-data/tracking-5ms-full-20260911-resume-v3/captures/dense5ms-5857000000-tx1-20260911T230707.010760Z/run.json,3188f2c267381edef352a707ca132da9f119be5693defcfaaef05750b1056701
5857000000.0,TX2,analyzed,11.952,322.5,False,38.56528063087664,322.25,False,,/srv/bulk/samteway/lab-data/tracking-5ms-full-20260911-resume-v3/captures/dense5ms-5857000000-tx2-20260911T230716.657172Z/run.json,7e4ed9f7452fbbf8f96f5a5cddcd50712dc044d007a8014e77701509d53f0af9
5858000000.0,TX1,analyzed,23.904,273.5,False,51.03370511779513,274.0,False,,/srv/bulk/samteway/lab-data/tracking-5ms-full-20260911-resume-v3/captures/dense5ms-5858000000-tx1-20260911T230727.216295Z/run.json,a9d3d9a42c44cc59eb40d8aca64ce484e77d2763cca960fc567003ba918bd102
5858000000.0,TX2,analyzed,11.952,322.0,False,39.45518579064836,322.0,False,,/srv/bulk/samteway/lab-data/tracking-5ms-full-20260911-resume-v3/captures/dense5ms-5858000000-tx2-20260911T230737.000740Z/run.json,597d65a9006222171192ea9148fb2217dbfd4648f7f2f858c78bd4fec411f216
5859000000.0,TX1,analyzed,23.904,273.0,False,52.50587026085468,273.5,False,,/srv/bulk/samteway/lab-data/tracking-5ms-full-20260911-resume-v3/captures/dense5ms-5859000000-tx1-20260911T230747.125036Z/run.json,8ebd52948a2cedc9b15a54c8b011ccbb74befe94527e428567ba6945dc6acf61
5859000000.0,TX2,analyzed,,238.5,False,33.737972136672745,319.25,False,,/srv/bulk/samteway/lab-data/tracking-5ms-full-20260911-resume-v3/captures/dense5ms-5859000000-tx2-20260911T230757.518741Z/run.json,afa58485c88dd43e0fccc8917831e0039210b19c71cc596bfc1194801868209b
5860000000.0,TX1,analyzed,382.464,273.75,False,48.97721679103892,274.0,False,,/srv/bulk/samteway/lab-data/tracking-5ms-full-20260911-resume-v3/captures/dense5ms-5860000000-tx1-20260911T230807.388677Z/run.json,31d1127509977afb43023c80daea53307b56d2c4cfeeea0cae8371433cf03eff
5860000000.0,TX2,analyzed,5.976,240.0,False,48.08888582381517,322.5,False,,/srv/bulk/samteway/lab-data/tracking-5ms-full-20260911-resume-v3/captures/dense5ms-5860000000-tx2-20260911T230817.213665Z/run.json,72c591b833a414fa605f20e7e5354f215dfce704dc366e232fa5360b0ee41beb
5861000000.0,TX1,analyzed,47.808,274.0,False,52.133350492739105,274.25,False,,/srv/bulk/samteway/lab-data/tracking-5ms-full-20260911-resume-v3/captures/dense5ms-5861000000-tx1-20260911T230827.854107Z/run.json,0cdaee179aaee6e68b5165ef5a0461cfbecb6daf7485bfc37cfc27b94b198622
5861000000.0,TX2,analyzed,11.952,322.5,False,41.40516268819953,322.5,False,,/srv/bulk/samteway/lab-data/tracking-5ms-full-20260911-resume-v3/captures/dense5ms-5861000000-tx2-20260911T230837.767900Z/run.json,9c62c424cceff8c230257eed0d8b41d1a8329d7e9042a1bfeb1eb9ad6c2bc6fa
5862000000.0,TX1,analyzed,47.808,274.0,False,51.3362471706095,274.25,False,,/srv/bulk/samteway/lab-data/tracking-5ms-full-20260911-resume-v3/captures/dense5ms-5862000000-tx1-20260911T230847.623432Z/run.json,4609d8e3d17c9fb5828b94d2080fece78d7f4c7dee4149e2c5c7c84680bb756a
5862000000.0,TX2,analyzed,11.952,322.75,False,40.99959317161091,322.5,False,,/srv/bulk/samteway/lab-data/tracking-5ms-full-20260911-resume-v3/captures/dense5ms-5862000000-tx2-20260911T230858.155309Z/run.json,6580e75775650b87d458e1a40299f5749fa1daf78008403690a41d72a008ef78
5863000000.0,TX1,analyzed,47.808,273.75,False,52.48116404300418,274.0,False,,/srv/bulk/samteway/lab-data/tracking-5ms-full-20260911-resume-v3/captures/dense5ms-5863000000-tx1-20260911T230908.185443Z/run.json,03dc92b83a8e31d864c864565ae08611d461e701b0fb51b907c5e11fff41a126
5863000000.0,TX2,analyzed,11.952,322.0,False,40.5746046738924,321.75,False,,/srv/bulk/samteway/lab-data/tracking-5ms-full-20260911-resume-v3/captures/dense5ms-5863000000-tx2-20260911T230917.971851Z/run.json,cec1ade70c8afb4942bb724d6242e750599bb45ba1a8a8a8c28fa3a25f7d0054
5864000000.0,TX1,analyzed,47.808,274.0,False,53.093300333910726,274.25,False,,/srv/bulk/samteway/lab-data/tracking-5ms-full-20260911-resume-v3/captures/dense5ms-5864000000-tx1-20260911T230928.371621Z/run.json,557395b004cbf28663ad1649661244131b02a6e1d55033e206dc3c6ad8d39c66
5864000000.0,TX2,analyzed,11.952,322.25,False,40.789935150575026,322.0,False,,/srv/bulk/samteway/lab-data/tracking-5ms-full-20260911-resume-v3/captures/dense5ms-5864000000-tx2-20260911T230938.418356Z/run.json,ffec21ee393b11444a76af4b60146f8630b76617cd3135ddc47c3dc10b70cef4
5865000000.0,TX1,analyzed,47.808,90.5,False,69.60941979081217,90.0,False,,/srv/bulk/samteway/lab-data/tracking-5ms-full-20260911-resume-v3/captures/dense5ms-5865000000-tx1-20260911T230948.450483Z/run.json,a1796e08aaf86be7d760be3da5bf5e8a9650bd3f840c858ac305ae6a6c575c0f
5865000000.0,TX2,analyzed,11.952,322.25,False,40.13628396025676,322.25,False,,/srv/bulk/samteway/lab-data/tracking-5ms-full-20260911-resume-v3/captures/dense5ms-5865000000-tx2-20260911T230959.045924Z/run.json,c03e68f1ef757358b1084cb31078d9e20ed2d1e3a7220938e5b8faa3d0390bc8
5866000000.0,TX1,analyzed,47.808,90.25,False,69.44068633658708,89.5,False,,/srv/bulk/samteway/lab-data/tracking-5ms-full-20260911-resume-v3/captures/dense5ms-5866000000-tx1-20260911T231017.599228Z/run.json,51428a8489def6090f01580b12cfe55ad4f4abc0c4bbc45641be5b3ecfb62cde
5866000000.0,TX2,analyzed,11.952,322.25,False,42.52942885493231,322.25,False,,/srv/bulk/samteway/lab-data/tracking-5ms-full-20260911-resume-v3/captures/dense5ms-5866000000-tx2-20260911T231027.724103Z/run.json,788290088e9aec1d478dc882231fa2ab591c143d4287dbd40d78d6e0df0b009e
5867000000.0,TX1,analyzed,47.808,91.0,False,71.5975776554922,90.25,False,,/srv/bulk/samteway/lab-data/tracking-5ms-full-20260911-resume-v3/captures/dense5ms-5867000000-tx1-20260911T231038.349451Z/run.json,18d2510ed669bf5f0ce9fb18923f985ee25c3681212af615f8c1c333f13f3113
5867000000.0,TX2,analyzed,11.952,321.75,False,43.055889597528335,321.75,False,,/srv/bulk/samteway/lab-data/tracking-5ms-full-20260911-resume-v3/captures/dense5ms-5867000000-tx2-20260911T231048.594925Z/run.json,35bf3c0d936ab295153485aedb51e305ca2ce4582d80a499e1f515bf5acc0524
5868000000.0,TX1,analyzed,47.808,92.0,False,69.82895433745688,91.25,False,,/srv/bulk/samteway/lab-data/tracking-5ms-full-20260911-resume-v3/captures/dense5ms-5868000000-tx1-20260911T231059.727345Z/run.json,e444ade90bd0d622fcd23539803a7ac044fc6e7e8a49aad171903d5bad3a7cd1
5868000000.0,TX2,analyzed,11.952,322.25,False,42.13764309682563,322.25,False,,/srv/bulk/samteway/lab-data/tracking-5ms-full-20260911-resume-v3/captures/dense5ms-5868000000-tx2-20260911T231110.127093Z/run.json,ac81ed834289154cc4c3d37764aa1f240a30676ae6b2277d0dff2256515ce50d
5869000000.0,TX1,analyzed,47.808,92.75,False,72.01165207946161,92.0,False,,/srv/bulk/samteway/lab-data/tracking-5ms-full-20260911-resume-v3/captures/dense5ms-5869000000-tx1-20260911T231120.479036Z/run.json,ef17fec9e2a827240cbc14b0987998a056998daf22907da66e9616667e5954e9
5869000000.0,TX2,analyzed,11.952,322.5,False,43.13963444372487,322.25,False,,/srv/bulk/samteway/lab-data/tracking-5ms-full-20260911-resume-v3/captures/dense5ms-5869000000-tx2-20260911T231132.079289Z/run.json,45a42ea41f42708c362176944446fe3cebf25cd99b31c2d3868fac394d7206a1
5870000000.0,TX1,analyzed,47.808,92.25,False,72.19173148374058,91.5,False,,/srv/bulk/samteway/lab-data/tracking-5ms-full-20260911-resume-v3/captures/dense5ms-5870000000-tx1-20260911T231141.789041Z/run.json,248560c8305492f8c1114f362fbab3ee29ac399061b872c09a43de7a97d29e8b
5870000000.0,TX2,analyzed,11.952,322.5,False,44.479957719935314,322.25,False,,/srv/bulk/samteway/lab-data/tracking-5ms-full-20260911-resume-v3/captures/dense5ms-5870000000-tx2-20260911T231151.523708Z/run.json,b06dcb3f842f9cd32c51b6b380f4e63042f238a1ba52261254ce7eeb875169c6
5871000000.0,TX1,analyzed,47.808,92.75,False,74.43903083492452,92.0,False,,/srv/bulk/samteway/lab-data/tracking-5ms-full-20260911-resume-v3/captures/dense5ms-5871000000-tx1-20260911T231201.215228Z/run.json,ac423cd66cb2eb345cf43d99af12591951f41dc78376771c985291efa98b3514
5871000000.0,TX2,analyzed,11.952,322.25,False,44.71123032342852,322.25,False,,/srv/bulk/samteway/lab-data/tracking-5ms-full-20260911-resume-v3/captures/dense5ms-5871000000-tx2-20260911T231210.981081Z/run.json,0d99473b6133a78d6972007c11bec7b387f544881ceb8c380b198e0691c70e84
5872000000.0,TX1,analyzed,382.464,93.25,False,70.8188997129151,92.75,False,,/srv/bulk/samteway/lab-data/tracking-5ms-full-20260911-resume-v3/captures/dense5ms-5872000000-tx1-20260911T231220.711439Z/run.json,65a23b1722217ec9935629f4266c35aa3cab03b497b50fac21eebf5c8c4330bd
5872000000.0,TX2,analyzed,11.952,322.0,False,44.13838802447636,322.0,False,,/srv/bulk/samteway/lab-data/tracking-5ms-full-20260911-resume-v3/captures/dense5ms-5872000000-tx2-20260911T231230.943605Z/run.json,1e19ca33bf91b717e2d1c451f31b58b0309cd1d79af7c51c6ad63fe0a05c9efd
5873000000.0,TX1,analyzed,47.808,93.75,False,75.78187731481664,93.0,False,,/srv/bulk/samteway/lab-data/tracking-5ms-full-20260911-resume-v3/captures/dense5ms-5873000000-tx1-20260911T231240.602474Z/run.json,79663b37a406be4f816266c10558fe652b01db849b3df742ab26a6bcfa1d9e4c
5873000000.0,TX2,analyzed,11.952,322.0,False,44.1246617409994,321.75,False,,/srv/bulk/samteway/lab-data/tracking-5ms-full-20260911-resume-v3/captures/dense5ms-5873000000-tx2-20260911T231250.966727Z/run.json,fb5898146c83e2980e08a692f742291a47c875df0e6db1f2bed3715fcf05a341
5874000000.0,TX1,analyzed,95.616,93.75,False,73.69815275911772,93.25,False,,/srv/bulk/samteway/lab-data/tracking-5ms-full-20260911-resume-v3/captures/dense5ms-5874000000-tx1-20260911T231300.622050Z/run.json,1339208581e4e9cdbedfa4edd704e91cd0be2443a176a1a8627e0e1411d7f753
5874000000.0,TX2,analyzed,47.808,158.5,False,64.44362550802734,158.75,False,,/srv/bulk/samteway/lab-data/tracking-5ms-full-20260911-resume-v3/captures/dense5ms-5874000000-tx2-20260911T231310.608091Z/run.json,83e7d7ae6bf3a72808c1effaa48fb38e817bb14868fe63331aba012848d35c49
