block,frequency_hz,configuration,dwell_us,round,main_phase_rms_deg,control_phase_rms_deg,phase_rms_difference_deg,pair_phase_gain_bracket_pass,main_run_json,control_run_json
block-20260911T211805001077Z,5800000000,D,1000,1,7.77423960633406,8.232983676123194,-0.45874406978913385,True,/srv/bulk/samteway/lab-data/tracking-5ms-full-20260911-resume-v2/captures/block-20260911T211805001077Z-r1-D-1000us-20260911T212100.691616Z/run.json,/srv/bulk/samteway/lab-data/tracking-5ms-full-20260911-resume-v2/captures/block-20260911T211805001077Z-r1-A-1000us-control-20260911T212014.464734Z/run.json
block-20260911T211805001077Z,5800000000,D,200,1,8.213167372603845,7.874330109841648,0.3388372627621967,True,/srv/bulk/samteway/lab-data/tracking-5ms-full-20260911-resume-v2/captures/block-20260911T211805001077Z-r1-D-200us-20260911T212148.007101Z/run.json,/srv/bulk/samteway/lab-data/tracking-5ms-full-20260911-resume-v2/captures/block-20260911T211805001077Z-r1-A-200us-control-20260911T212046.291502Z/run.json
block-20260911T211805001077Z,5800000000,D,200,2,8.602727416524317,8.263059476252218,0.3396679402720988,True,/srv/bulk/samteway/lab-data/tracking-5ms-full-20260911-resume-v2/captures/block-20260911T211805001077Z-r2-D-200us-20260911T212305.220224Z/run.json,/srv/bulk/samteway/lab-data/tracking-5ms-full-20260911-resume-v2/captures/block-20260911T211805001077Z-r2-A-200us-control-20260911T212336.608102Z/run.json
block-20260911T211805001077Z,5800000000,D,1000,2,7.486413377836109,7.630364136963651,-0.1439507591275424,True,/srv/bulk/samteway/lab-data/tracking-5ms-full-20260911-resume-v2/captures/block-20260911T211805001077Z-r2-D-1000us-20260911T212320.575118Z/run.json,/srv/bulk/samteway/lab-data/tracking-5ms-full-20260911-resume-v2/captures/block-20260911T211805001077Z-r2-A-1000us-control-20260911T212203.743937Z/run.json
block-20260911T211805001077Z,5800000000,D,1000,3,7.721419610063711,7.597709153978537,0.12371045608517406,True,/srv/bulk/samteway/lab-data/tracking-5ms-full-20260911-resume-v2/captures/block-20260911T211805001077Z-r3-D-1000us-20260911T212421.687359Z/run.json,/srv/bulk/samteway/lab-data/tracking-5ms-full-20260911-resume-v2/captures/block-20260911T211805001077Z-r3-A-1000us-control-20260911T212524.478114Z/run.json
block-20260911T211805001077Z,5800000000,D,200,3,7.738927805397797,8.23855631881378,-0.499628513415983,True,/srv/bulk/samteway/lab-data/tracking-5ms-full-20260911-resume-v2/captures/block-20260911T211805001077Z-r3-D-200us-20260911T212452.983414Z/run.json,/srv/bulk/samteway/lab-data/tracking-5ms-full-20260911-resume-v2/captures/block-20260911T211805001077Z-r3-A-200us-control-20260911T212407.255094Z/run.json
block-20260911T212846818552Z,5800000000,B,1000,1,7.585802875851336,7.3392591719793145,0.24654370387202107,True,/srv/bulk/samteway/lab-data/tracking-5ms-full-20260911-resume-v2/captures/block-20260911T212846818552Z-r1-B-1000us-20260911T213138.648792Z/run.json,/srv/bulk/samteway/lab-data/tracking-5ms-full-20260911-resume-v2/captures/block-20260911T212846818552Z-r1-A-1000us-control-20260911T213054.202433Z/run.json
block-20260911T212846818552Z,5800000000,B,200,1,7.800278211033641,8.030763885276151,-0.23048567424251054,True,/srv/bulk/samteway/lab-data/tracking-5ms-full-20260911-resume-v2/captures/block-20260911T212846818552Z-r1-B-200us-20260911T213225.730579Z/run.json,/srv/bulk/samteway/lab-data/tracking-5ms-full-20260911-resume-v2/captures/block-20260911T212846818552Z-r1-A-200us-control-20260911T213124.248039Z/run.json
block-20260911T212846818552Z,5800000000,B,200,2,7.563536745094778,8.269255411433637,-0.7057186663388588,True,/srv/bulk/samteway/lab-data/tracking-5ms-full-20260911-resume-v2/captures/block-20260911T212846818552Z-r2-B-200us-20260911T213344.544165Z/run.json,/srv/bulk/samteway/lab-data/tracking-5ms-full-20260911-resume-v2/captures/block-20260911T212846818552Z-r2-A-200us-control-20260911T213416.150163Z/run.json
block-20260911T212846818552Z,5800000000,B,1000,2,8.465483877591252,7.79362639981673,0.6718574777745223,True,/srv/bulk/samteway/lab-data/tracking-5ms-full-20260911-resume-v2/captures/block-20260911T212846818552Z-r2-B-1000us-20260911T213400.835946Z/run.json,/srv/bulk/samteway/lab-data/tracking-5ms-full-20260911-resume-v2/captures/block-20260911T212846818552Z-r2-A-1000us-control-20260911T213241.760350Z/run.json
block-20260911T212846818552Z,5800000000,B,1000,3,7.656877706379897,9.118192868815417,-1.4613151624355192,True,/srv/bulk/samteway/lab-data/tracking-5ms-full-20260911-resume-v2/captures/block-20260911T212846818552Z-r3-B-1000us-20260911T213500.658196Z/run.json,/srv/bulk/samteway/lab-data/tracking-5ms-full-20260911-resume-v2/captures/block-20260911T212846818552Z-r3-A-1000us-control-20260911T213602.967691Z/run.json
block-20260911T212846818552Z,5800000000,B,200,3,7.683639330733973,8.440688071974497,-0.7570487412405242,True,/srv/bulk/samteway/lab-data/tracking-5ms-full-20260911-resume-v2/captures/block-20260911T212846818552Z-r3-B-200us-20260911T213532.416939Z/run.json,/srv/bulk/samteway/lab-data/tracking-5ms-full-20260911-resume-v2/captures/block-20260911T212846818552Z-r3-A-200us-control-20260911T213446.156121Z/run.json
block-20260911T215918963889Z,5811000000,D,1000,1,8.282473817349297,8.720436514362044,-0.4379626970127468,True,/srv/bulk/samteway/lab-data/tracking-5ms-full-20260911-resume-v3/captures/block-20260911T215918963889Z-r1-D-1000us-20260911T220215.490445Z/run.json,/srv/bulk/samteway/lab-data/tracking-5ms-full-20260911-resume-v3/captures/block-20260911T215918963889Z-r1-A-1000us-control-20260911T220128.591339Z/run.json
block-20260911T215918963889Z,5811000000,D,200,1,8.991693037640786,8.781648277968387,0.21004475967239955,True,/srv/bulk/samteway/lab-data/tracking-5ms-full-20260911-resume-v3/captures/block-20260911T215918963889Z-r1-D-200us-20260911T220240.920508Z/run.json,/srv/bulk/samteway/lab-data/tracking-5ms-full-20260911-resume-v3/captures/block-20260911T215918963889Z-r1-A-200us-control-20260911T220231.591491Z/run.json
block-20260911T215918963889Z,5811000000,D,1000,2,8.170574603824338,9.24484225193881,-1.0742676481144713,False,/srv/bulk/samteway/lab-data/tracking-5ms-full-20260911-resume-v3/captures/block-20260911T215918963889Z-r2-D-1000us-20260911T220331.040277Z/run.json,/srv/bulk/samteway/lab-data/tracking-5ms-full-20260911-resume-v3/captures/block-20260911T215918963889Z-r2-A-1000us-control-20260911T220441.950351Z/run.json
block-20260911T215918963889Z,5811000000,D,200,2,9.425675493549509,9.179293299411926,0.246382194137583,True,/srv/bulk/samteway/lab-data/tracking-5ms-full-20260911-resume-v3/captures/block-20260911T215918963889Z-r2-D-200us-20260911T220417.829038Z/run.json,/srv/bulk/samteway/lab-data/tracking-5ms-full-20260911-resume-v3/captures/block-20260911T215918963889Z-r2-A-200us-control-20260911T220427.572572Z/run.json
block-20260911T215918963889Z,5811000000,D,200,3,9.09013959957438,8.761492902609659,0.3286466969647215,True,/srv/bulk/samteway/lab-data/tracking-5ms-full-20260911-resume-v3/captures/block-20260911T215918963889Z-r3-D-200us-20260911T220505.953093Z/run.json,/srv/bulk/samteway/lab-data/tracking-5ms-full-20260911-resume-v3/captures/block-20260911T215918963889Z-r3-A-200us-control-20260911T220456.627449Z/run.json
block-20260911T215918963889Z,5811000000,D,1000,3,8.081545563565522,8.572377971244473,-0.4908324076789512,True,/srv/bulk/samteway/lab-data/tracking-5ms-full-20260911-resume-v3/captures/block-20260911T215918963889Z-r3-D-1000us-20260911T220521.707630Z/run.json,/srv/bulk/samteway/lab-data/tracking-5ms-full-20260911-resume-v3/captures/block-20260911T215918963889Z-r3-A-1000us-control-20260911T220552.418461Z/run.json
block-20260911T220948222664Z,5811000000,B,1000,1,8.273850496131725,9.449575072674175,-1.17572457654245,False,/srv/bulk/samteway/lab-data/tracking-5ms-full-20260911-resume-v3/captures/block-20260911T220948222664Z-r1-B-1000us-20260911T221242.979927Z/run.json,/srv/bulk/samteway/lab-data/tracking-5ms-full-20260911-resume-v3/captures/block-20260911T220948222664Z-r1-A-1000us-control-20260911T221157.290723Z/run.json
block-20260911T220948222664Z,5811000000,B,200,1,9.899505900648096,9.158870692703779,0.740635207944317,False,/srv/bulk/samteway/lab-data/tracking-5ms-full-20260911-resume-v3/captures/block-20260911T220948222664Z-r1-B-200us-20260911T221307.250752Z/run.json,/srv/bulk/samteway/lab-data/tracking-5ms-full-20260911-resume-v3/captures/block-20260911T220948222664Z-r1-A-200us-control-20260911T221258.267648Z/run.json
block-20260911T220948222664Z,5811000000,B,1000,2,7.7676590137461945,8.371750781174553,-0.6040917674283586,False,/srv/bulk/samteway/lab-data/tracking-5ms-full-20260911-resume-v3/captures/block-20260911T220948222664Z-r2-B-1000us-20260911T221354.880685Z/run.json,/srv/bulk/samteway/lab-data/tracking-5ms-full-20260911-resume-v3/captures/block-20260911T220948222664Z-r2-A-1000us-control-20260911T221505.939329Z/run.json
block-20260911T220948222664Z,5811000000,B,200,2,13.568158854502181,14.497657737227659,-0.9294988827254773,False,/srv/bulk/samteway/lab-data/tracking-5ms-full-20260911-resume-v3/captures/block-20260911T220948222664Z-r2-B-200us-20260911T221441.212724Z/run.json,/srv/bulk/samteway/lab-data/tracking-5ms-full-20260911-resume-v3/captures/block-20260911T220948222664Z-r2-A-200us-control-20260911T221451.171138Z/run.json
block-20260911T220948222664Z,5811000000,B,200,3,14.065141426157354,14.182433662523312,-0.11729223636595876,False,/srv/bulk/samteway/lab-data/tracking-5ms-full-20260911-resume-v3/captures/block-20260911T220948222664Z-r3-B-200us-20260911T221530.562743Z/run.json,/srv/bulk/samteway/lab-data/tracking-5ms-full-20260911-resume-v3/captures/block-20260911T220948222664Z-r3-A-200us-control-20260911T221520.956212Z/run.json
block-20260911T220948222664Z,5811000000,B,1000,3,9.169996493666082,8.026115464922443,1.143881028743639,False,/srv/bulk/samteway/lab-data/tracking-5ms-full-20260911-resume-v3/captures/block-20260911T220948222664Z-r3-B-1000us-20260911T221545.931017Z/run.json,/srv/bulk/samteway/lab-data/tracking-5ms-full-20260911-resume-v3/captures/block-20260911T220948222664Z-r3-A-1000us-control-20260911T221616.225574Z/run.json
block-20260911T182124128635Z,915000000,D,200,1,0.6610546857633017,0.9160066431886179,-0.2549519574253162,True,/srv/bulk/samteway/lab-data/tracking-5ms-full-20260911-v1/captures/block-20260911T182124128635Z-r1-D-200us-20260911T182335.622343Z/run.json,/srv/bulk/samteway/lab-data/tracking-5ms-full-20260911-v1/captures/block-20260911T182124128635Z-r1-A-200us-control-20260911T182415.609517Z/run.json
block-20260911T182124128635Z,915000000,D,1000,1,1.0172501272718728,0.6689262545836699,0.34832387268820286,True,/srv/bulk/samteway/lab-data/tracking-5ms-full-20260911-v1/captures/block-20260911T182124128635Z-r1-D-1000us-20260911T182350.795060Z/run.json,/srv/bulk/samteway/lab-data/tracking-5ms-full-20260911-v1/captures/block-20260911T182124128635Z-r1-A-1000us-control-20260911T182400.877050Z/run.json
block-20260911T182124128635Z,915000000,D,1000,2,1.0868545967747096,1.0937896953664201,-0.006935098591710487,True,/srv/bulk/samteway/lab-data/tracking-5ms-full-20260911-v1/captures/block-20260911T182124128635Z-r2-D-1000us-20260911T182439.660636Z/run.json,/srv/bulk/samteway/lab-data/tracking-5ms-full-20260911-v1/captures/block-20260911T182124128635Z-r2-A-1000us-control-20260911T182511.830097Z/run.json
block-20260911T182124128635Z,915000000,D,200,2,1.2027534328920766,0.8678264292755296,0.33492700361654704,True,/srv/bulk/samteway/lab-data/tracking-5ms-full-20260911-v1/captures/block-20260911T182124128635Z-r2-D-200us-20260911T182456.345297Z/run.json,/srv/bulk/samteway/lab-data/tracking-5ms-full-20260911-v1/captures/block-20260911T182124128635Z-r2-A-200us-control-20260911T182424.821280Z/run.json
block-20260911T182124128635Z,915000000,D,1000,3,1.2526561652649228,1.0663740595273905,0.18628210573753234,True,/srv/bulk/samteway/lab-data/tracking-5ms-full-20260911-v1/captures/block-20260911T182124128635Z-r3-D-1000us-20260911T182522.569112Z/run.json,/srv/bulk/samteway/lab-data/tracking-5ms-full-20260911-v1/captures/block-20260911T182124128635Z-r3-A-1000us-control-20260911T182533.682709Z/run.json
block-20260911T182124128635Z,915000000,D,200,3,1.1606836099038882,1.1714784869089874,-0.01079487700509918,True,/srv/bulk/samteway/lab-data/tracking-5ms-full-20260911-v1/captures/block-20260911T182124128635Z-r3-D-200us-20260911T182557.383425Z/run.json,/srv/bulk/samteway/lab-data/tracking-5ms-full-20260911-v1/captures/block-20260911T182124128635Z-r3-A-200us-control-20260911T182548.325405Z/run.json
block-20260911T182851799643Z,915000000,B,200,1,0.5660072649151412,1.2504966781811124,-0.6844894132659712,False,/srv/bulk/samteway/lab-data/tracking-5ms-full-20260911-v1/captures/block-20260911T182851799643Z-r1-B-200us-20260911T183101.452874Z/run.json,/srv/bulk/samteway/lab-data/tracking-5ms-full-20260911-v1/captures/block-20260911T182851799643Z-r1-A-200us-control-20260911T183143.051260Z/run.json
block-20260911T182851799643Z,915000000,B,1000,1,0.9578641768161605,1.0003995494605817,-0.0425353726444212,True,/srv/bulk/samteway/lab-data/tracking-5ms-full-20260911-v1/captures/block-20260911T182851799643Z-r1-B-1000us-20260911T183117.542728Z/run.json,/srv/bulk/samteway/lab-data/tracking-5ms-full-20260911-v1/captures/block-20260911T182851799643Z-r1-A-1000us-control-20260911T183128.373694Z/run.json
block-20260911T182851799643Z,915000000,B,1000,2,1.2361401935084941,1.4651923926907942,-0.22905219918230002,True,/srv/bulk/samteway/lab-data/tracking-5ms-full-20260911-v1/captures/block-20260911T182851799643Z-r2-B-1000us-20260911T183207.170434Z/run.json,/srv/bulk/samteway/lab-data/tracking-5ms-full-20260911-v1/captures/block-20260911T182851799643Z-r2-A-1000us-control-20260911T183239.972773Z/run.json
block-20260911T182851799643Z,915000000,B,200,2,1.3841493428813267,1.002152307521304,0.38199703536002283,False,/srv/bulk/samteway/lab-data/tracking-5ms-full-20260911-v1/captures/block-20260911T182851799643Z-r2-B-200us-20260911T183223.723595Z/run.json,/srv/bulk/samteway/lab-data/tracking-5ms-full-20260911-v1/captures/block-20260911T182851799643Z-r2-A-200us-control-20260911T183152.295527Z/run.json
block-20260911T182851799643Z,915000000,B,1000,3,1.5854349288720349,1.5069094016366418,0.07852552723539308,True,/srv/bulk/samteway/lab-data/tracking-5ms-full-20260911-v1/captures/block-20260911T182851799643Z-r3-B-1000us-20260911T183249.720906Z/run.json,/srv/bulk/samteway/lab-data/tracking-5ms-full-20260911-v1/captures/block-20260911T182851799643Z-r3-A-1000us-control-20260911T183301.286086Z/run.json
block-20260911T182851799643Z,915000000,B,200,3,1.3481270091612991,1.576566118138705,-0.22843910897740582,True,/srv/bulk/samteway/lab-data/tracking-5ms-full-20260911-v1/captures/block-20260911T182851799643Z-r3-B-200us-20260911T183325.540189Z/run.json,/srv/bulk/samteway/lab-data/tracking-5ms-full-20260911-v1/captures/block-20260911T182851799643Z-r3-A-200us-control-20260911T183315.941722Z/run.json
block-20260911T183613359169Z,2475000000,D,1000,1,19.72763748365729,5.703844858030414,14.023792625626875,False,/srv/bulk/samteway/lab-data/tracking-5ms-full-20260911-v1/captures/block-20260911T183613359169Z-r1-D-1000us-20260911T183819.137500Z/run.json,/srv/bulk/samteway/lab-data/tracking-5ms-full-20260911-v1/captures/block-20260911T183613359169Z-r1-A-1000us-control-20260911T183947.661560Z/run.json
block-20260911T183613359169Z,2475000000,D,200,1,2.490528094920993,1.8846882754612948,0.6058398194596983,False,/srv/bulk/samteway/lab-data/tracking-5ms-full-20260911-v1/captures/block-20260911T183613359169Z-r1-D-200us-20260911T183916.767210Z/run.json,/srv/bulk/samteway/lab-data/tracking-5ms-full-20260911-v1/captures/block-20260911T183613359169Z-r1-A-200us-control-20260911T183907.323058Z/run.json
block-20260911T183613359169Z,2475000000,D,1000,2,6.3332764861351025,,,False,/srv/bulk/samteway/lab-data/tracking-5ms-full-20260911-v1/captures/block-20260911T183613359169Z-r2-D-1000us-20260911T184103.234449Z/run.json,/srv/bulk/samteway/lab-data/tracking-5ms-full-20260911-v1/captures/block-20260911T183613359169Z-r2-A-1000us-control-20260911T184033.242530Z/run.json
block-20260911T183613359169Z,2475000000,D,200,2,,4.153614661307834,,False,/srv/bulk/samteway/lab-data/tracking-5ms-full-20260911-v1/captures/block-20260911T183613359169Z-r2-D-200us-20260911T184128.110804Z/run.json,/srv/bulk/samteway/lab-data/tracking-5ms-full-20260911-v1/captures/block-20260911T183613359169Z-r2-A-200us-control-20260911T184119.184077Z/run.json
block-20260911T183613359169Z,2475000000,D,1000,3,4.0880473857900075,1.2655462273901161,2.8225011583998914,False,/srv/bulk/samteway/lab-data/tracking-5ms-full-20260911-v1/captures/block-20260911T183613359169Z-r3-D-1000us-20260911T184214.160241Z/run.json,/srv/bulk/samteway/lab-data/tracking-5ms-full-20260911-v1/captures/block-20260911T183613359169Z-r3-A-1000us-control-20260911T184247.665824Z/run.json
block-20260911T183613359169Z,2475000000,D,200,3,7.9428702639993904,18.73209350345175,-10.78922323945236,False,/srv/bulk/samteway/lab-data/tracking-5ms-full-20260911-v1/captures/block-20260911T183613359169Z-r3-D-200us-20260911T184318.156551Z/run.json,/srv/bulk/samteway/lab-data/tracking-5ms-full-20260911-v1/captures/block-20260911T183613359169Z-r3-A-200us-control-20260911T184159.627499Z/run.json
block-20260911T184646814791Z,2475000000,B,1000,1,,81.16359227993259,,False,/srv/bulk/samteway/lab-data/tracking-5ms-full-20260911-v1/captures/block-20260911T184646814791Z-r1-B-1000us-20260911T184855.512062Z/run.json,/srv/bulk/samteway/lab-data/tracking-5ms-full-20260911-v1/captures/block-20260911T184646814791Z-r1-A-1000us-control-20260911T185022.991728Z/run.json
block-20260911T184646814791Z,2475000000,B,200,1,2.8125663110752335,49.894793434421125,-47.08222712334589,False,/srv/bulk/samteway/lab-data/tracking-5ms-full-20260911-v1/captures/block-20260911T184646814791Z-r1-B-200us-20260911T184951.717209Z/run.json,/srv/bulk/samteway/lab-data/tracking-5ms-full-20260911-v1/captures/block-20260911T184646814791Z-r1-A-200us-control-20260911T184942.777596Z/run.json
block-20260911T184646814791Z,2475000000,B,1000,2,5.882818070567877,55.89324917420011,-50.01043110363223,False,/srv/bulk/samteway/lab-data/tracking-5ms-full-20260911-v1/captures/block-20260911T184646814791Z-r2-B-1000us-20260911T185139.035326Z/run.json,/srv/bulk/samteway/lab-data/tracking-5ms-full-20260911-v1/captures/block-20260911T184646814791Z-r2-A-1000us-control-20260911T185108.803297Z/run.json
block-20260911T184646814791Z,2475000000,B,200,2,0.7299401080910629,30.59047668761818,-29.860536579527118,False,/srv/bulk/samteway/lab-data/tracking-5ms-full-20260911-v1/captures/block-20260911T184646814791Z-r2-B-200us-20260911T185203.258943Z/run.json,/srv/bulk/samteway/lab-data/tracking-5ms-full-20260911-v1/captures/block-20260911T184646814791Z-r2-A-200us-control-20260911T185154.265227Z/run.json
block-20260911T184646814791Z,2475000000,B,1000,3,1.4730950582889546,74.9271622384326,-73.45406718014365,False,/srv/bulk/samteway/lab-data/tracking-5ms-full-20260911-v1/captures/block-20260911T184646814791Z-r3-B-1000us-20260911T185249.113443Z/run.json,/srv/bulk/samteway/lab-data/tracking-5ms-full-20260911-v1/captures/block-20260911T184646814791Z-r3-A-1000us-control-20260911T185320.375869Z/run.json
block-20260911T184646814791Z,2475000000,B,200,3,3.0894808009650467,80.69382238219288,-77.60434158122783,False,/srv/bulk/samteway/lab-data/tracking-5ms-full-20260911-v1/captures/block-20260911T184646814791Z-r3-B-200us-20260911T185351.034518Z/run.json,/srv/bulk/samteway/lab-data/tracking-5ms-full-20260911-v1/captures/block-20260911T184646814791Z-r3-A-200us-control-20260911T185234.458334Z/run.json
