block,run_json,run_sha256,configuration,sample_rate_hz,frequency_hz,dwell_us,round,control,base_pass,base_rms_deg,max_phase_bias_deg,max_gain_error_db,mean_compute_ms,p95_compute_ms,observable_ports,unobservable_ports,analysis_error,expected_windows,recorded_windows,failed_windows,support_matches,complete,bearing_valid_percent,bearing_rms_deg,bearing_pass
block-20260911T211805001077Z,/srv/bulk/samteway/lab-data/tracking-5ms-full-20260911-resume-v2/captures/block-20260911T211805001077Z-r1-A-1000us-control-20260911T212014.464734Z/run.json,d149f8be0d66353a165258e11517e5fd90e06ffc6c1235dd0da8631fb30d816e,A,2000000,5800000000,1000,1,True,True,8.232983676123194,2.8119991111765406,0.7975854567145123,795.5721008824185,835.5239928816445,ANT1 ANT2 ANT4 ANT8 ANT7 ANT5,,,60,60,0,True,True,0.0,74.03870463617343,False
block-20260911T211805001077Z,/srv/bulk/samteway/lab-data/tracking-5ms-full-20260911-resume-v2/captures/block-20260911T211805001077Z-r1-D-50us-20260911T212029.440828Z/run.json,9389ba0e84e957f468ace9e1733127826e9e7b5edb2f23cc7a912245de533f61,D,5000000,5800000000,50,1,False,False,15.106538711460857,10.733034602046322,2.4795474919602385,520.9331525334468,544.9469805578701,ANT1 ANT2 ANT4 ANT8 ANT7 ANT5,,,60,60,0,True,True,0.0,73.83725576002617,False
block-20260911T211805001077Z,/srv/bulk/samteway/lab-data/tracking-5ms-full-20260911-resume-v2/captures/block-20260911T211805001077Z-r1-A-200us-control-20260911T212046.291502Z/run.json,59c2a2ca3b52af9338ff856b85e0daade34240d276eea1e138f11546ae415c31,A,2000000,5800000000,200,1,True,True,7.874330109841648,3.2862266385776193,0.4811830805976598,449.559639658158,463.8382398756221,ANT1 ANT2 ANT4 ANT8 ANT7 ANT5,,,60,60,0,True,True,0.0,57.503680901587714,False
block-20260911T211805001077Z,/srv/bulk/samteway/lab-data/tracking-5ms-full-20260911-resume-v2/captures/block-20260911T211805001077Z-r1-D-1000us-20260911T212100.691616Z/run.json,bc94de2d108168d70a25d4f1cdd36f63edb37e84698ad93c7cef8a1b65838142,D,5000000,5800000000,1000,1,False,True,7.77423960633406,4.258791380919943,0.6392969634574093,916.8533581735877,953.3493163762614,ANT1 ANT2 ANT4 ANT8 ANT7 ANT5,,,60,60,0,True,True,0.0,78.46747345682228,False
block-20260911T211805001077Z,/srv/bulk/samteway/lab-data/tracking-5ms-full-20260911-resume-v2/captures/block-20260911T211805001077Z-r1-D-25us-20260911T212116.850242Z/run.json,07ef6dc5e2667e4d66269f1fdfea43593a6597d7b0ab78892ba53913b02a4513,D,5000000,5800000000,25,1,False,False,43.83291873276441,37.007052438454345,5.893106114583837,484.8991304441976,528.8222114322707,ANT1 ANT2 ANT4 ANT8 ANT7 ANT5,,,60,60,0,True,True,8.333333333333332,102.37497546888,False
block-20260911T211805001077Z,/srv/bulk/samteway/lab-data/tracking-5ms-full-20260911-resume-v2/captures/block-20260911T211805001077Z-r1-D-100us-20260911T212132.387070Z/run.json,b7b4d52a87b5af2f7362e459be692bfcb66a6b421050ed2c58a89e1ba8a20aad,D,5000000,5800000000,100,1,False,True,9.901173640200055,2.108160057998698,0.9974705997437281,494.889512041118,531.8272180389613,ANT1 ANT2 ANT4 ANT8 ANT7 ANT5,,,60,60,0,True,True,0.0,82.8423319608199,False
block-20260911T211805001077Z,/srv/bulk/samteway/lab-data/tracking-5ms-full-20260911-resume-v2/captures/block-20260911T211805001077Z-r1-D-200us-20260911T212148.007101Z/run.json,bf8a358d096f7aee71975f7bfee922a2d014f020d904a9018d46c8d5e23ed2a7,D,5000000,5800000000,200,1,False,True,8.213167372603845,5.996209220737273,0.5783511853580308,536.1946226020033,563.7589262682013,ANT1 ANT2 ANT4 ANT8 ANT7 ANT5,,,60,60,0,True,True,0.0,75.40613266972645,False
block-20260911T211805001077Z,/srv/bulk/samteway/lab-data/tracking-5ms-full-20260911-resume-v2/captures/block-20260911T211805001077Z-r2-A-1000us-control-20260911T212203.743937Z/run.json,788582a615fcfba2b164b7a10730ccd357ccd5e69df03876149241840ccff36a,A,2000000,5800000000,1000,2,True,True,7.630364136963651,4.463013811009085,0.3747212739469988,799.8900908511132,822.3871929920278,ANT1 ANT2 ANT4 ANT8 ANT7 ANT5,,,60,60,0,True,True,0.0,71.08003724444993,False
block-20260911T211805001077Z,/srv/bulk/samteway/lab-data/tracking-5ms-full-20260911-resume-v2/captures/block-20260911T211805001077Z-r2-D-25us-20260911T212218.176396Z/run.json,643ccc8d2ff62e34380c388756025f42981830215d195bc2e0ada920cd0423d1,D,5000000,5800000000,25,2,False,False,34.7210429245913,7.633465449624742,3.9182255657585814,506.7235136947905,543.1628335849382,ANT1 ANT2 ANT4 ANT8 ANT7 ANT5,,,60,60,0,True,True,5.0,83.86184643889698,False
block-20260911T211805001077Z,/srv/bulk/samteway/lab-data/tracking-5ms-full-20260911-resume-v2/captures/block-20260911T211805001077Z-r2-D-100us-20260911T212234.115154Z/run.json,121718dffd673a0e89af8e0f52ccc0af398b95eec7e004bd5db1b9dc645505d2,D,5000000,5800000000,100,2,False,True,9.71642053278092,3.1070170374528128,0.7091664542555826,528.6065795458853,555.3892802796327,ANT1 ANT2 ANT4 ANT8 ANT7 ANT5,,,60,60,0,True,True,0.0,75.17358561369423,False
block-20260911T211805001077Z,/srv/bulk/samteway/lab-data/tracking-5ms-full-20260911-resume-v2/captures/block-20260911T211805001077Z-r2-D-50us-20260911T212249.760844Z/run.json,8b85fca4b9ec38bb1f01e3d876496029be6399ccb92624f4095f40bb97eb6558,D,5000000,5800000000,50,2,False,False,13.372683029791627,6.0799590884460954,1.2509807294741835,530.1711349592855,549.6930996188894,ANT1 ANT2 ANT4 ANT8 ANT7 ANT5,,,60,60,0,True,True,0.0,88.5435747452986,False
block-20260911T211805001077Z,/srv/bulk/samteway/lab-data/tracking-5ms-full-20260911-resume-v2/captures/block-20260911T211805001077Z-r2-D-200us-20260911T212305.220224Z/run.json,0edb98b58dc15e9be60c8be4eae90318e8af31447c056ea4bf79721af9773229,D,5000000,5800000000,200,2,False,True,8.602727416524317,4.847524976014698,0.8335785983699274,532.1069126250222,577.1373818162829,ANT1 ANT2 ANT4 ANT8 ANT7 ANT5,,,60,60,0,True,True,0.0,53.42906329534043,False
block-20260911T211805001077Z,/srv/bulk/samteway/lab-data/tracking-5ms-full-20260911-resume-v2/captures/block-20260911T211805001077Z-r2-D-1000us-20260911T212320.575118Z/run.json,99587cc998b407f8efac8e75b1658c6c952395797d11a5f17fd7acb496ea8cfb,D,5000000,5800000000,1000,2,False,True,7.486413377836109,5.593967319502847,0.4390349782193015,898.5126264858991,932.7976160100661,ANT1 ANT2 ANT4 ANT8 ANT7 ANT5,,,60,60,0,True,True,0.0,61.360315520796455,False
block-20260911T211805001077Z,/srv/bulk/samteway/lab-data/tracking-5ms-full-20260911-resume-v2/captures/block-20260911T211805001077Z-r2-A-200us-control-20260911T212336.608102Z/run.json,05bb3b329bfc2e45c82760d8ce08eb624c3f0b7aa8877b3aa4b9600ae212a112,A,2000000,5800000000,200,2,True,True,8.263059476252218,6.698764783962183,0.5145007902383087,415.7161823473871,432.9870642279275,ANT1 ANT2 ANT4 ANT8 ANT7 ANT5,,,60,60,0,True,True,0.0,66.9771580577032,False
block-20260911T211805001077Z,/srv/bulk/samteway/lab-data/tracking-5ms-full-20260911-resume-v2/captures/block-20260911T211805001077Z-r3-D-50us-20260911T212351.327506Z/run.json,b732e761b493013dcff1a7dcea9126d72d2a1668231df5cec17dcd4bbaabea89,D,5000000,5800000000,50,3,False,False,14.636486121459038,9.866124929638536,1.2273991166618226,516.4512140443549,563.630718854256,ANT1 ANT2 ANT4 ANT8 ANT7 ANT5,,,60,60,0,True,True,0.0,73.72010107095284,False
block-20260911T211805001077Z,/srv/bulk/samteway/lab-data/tracking-5ms-full-20260911-resume-v2/captures/block-20260911T211805001077Z-r3-A-200us-control-20260911T212407.255094Z/run.json,239a9a9bcac2d75642ce243bb6882138d898e29c793db2a0b84a12285ca311a1,A,2000000,5800000000,200,3,True,True,8.23855631881378,8.350141673806888,0.5883659807071699,477.52057417528704,501.3745436677709,ANT1 ANT2 ANT4 ANT8 ANT7 ANT5,,,60,60,0,True,True,0.0,66.76072316887179,False
block-20260911T211805001077Z,/srv/bulk/samteway/lab-data/tracking-5ms-full-20260911-resume-v2/captures/block-20260911T211805001077Z-r3-D-1000us-20260911T212421.687359Z/run.json,b838fe0d1687fd0cdd2731dddaa757fb8dbc5c0a64518089515db4ba136c32e9,D,5000000,5800000000,1000,3,False,True,7.721419610063711,7.453160347119584,0.38113521071040296,963.7201176218999,993.8433862407692,ANT1 ANT2 ANT4 ANT8 ANT7 ANT5,,,60,60,0,True,True,0.0,66.67299911068429,False
block-20260911T211805001077Z,/srv/bulk/samteway/lab-data/tracking-5ms-full-20260911-resume-v2/captures/block-20260911T211805001077Z-r3-D-25us-20260911T212437.602023Z/run.json,2a6e00346ae61b085975665fabc11fae671b1285183149974305f90fb831d1c1,D,5000000,5800000000,25,3,False,False,40.385134208238036,13.107286284114718,4.4031628898129425,539.5598227662655,556.918099639006,ANT1 ANT2 ANT4 ANT8 ANT7 ANT5,,,60,60,0,True,True,5.0,90.54640870783942,False
block-20260911T211805001077Z,/srv/bulk/samteway/lab-data/tracking-5ms-full-20260911-resume-v2/captures/block-20260911T211805001077Z-r3-D-200us-20260911T212452.983414Z/run.json,8fbbee55d90dc1aa767665c6a070f2742116ab3f481199f6a10efc44af88d65d,D,5000000,5800000000,200,3,False,True,7.738927805397797,6.716428617282458,0.6662965083409599,579.5323976703609,602.017885283567,ANT1 ANT2 ANT4 ANT8 ANT7 ANT5,,,60,60,0,True,True,0.0,57.03469013271356,False
block-20260911T211805001077Z,/srv/bulk/samteway/lab-data/tracking-5ms-full-20260911-resume-v2/captures/block-20260911T211805001077Z-r3-D-100us-20260911T212508.757498Z/run.json,bf87899faf875fe501b1b3722f9127a57fd172977f345aaca5203155df3e492f,D,5000000,5800000000,100,3,False,True,9.963125817297831,7.034289419395909,0.22961151941594662,542.4806715648932,562.9372236551717,ANT1 ANT2 ANT4 ANT8 ANT7 ANT5,,,60,60,0,True,True,0.0,72.937374880431,False
block-20260911T211805001077Z,/srv/bulk/samteway/lab-data/tracking-5ms-full-20260911-resume-v2/captures/block-20260911T211805001077Z-r3-A-1000us-control-20260911T212524.478114Z/run.json,8f39214f5f821304074cdd52a9a7a3e68514fdb796d0fe8ee0d4de4d21098ac8,A,2000000,5800000000,1000,3,True,True,7.597709153978537,9.435129178617759,0.6763229615854621,831.3322696136311,854.396346269641,ANT1 ANT2 ANT4 ANT8 ANT7 ANT5,,,60,60,0,True,True,0.0,52.96730182382389,False
block-20260911T212846818552Z,/srv/bulk/samteway/lab-data/tracking-5ms-full-20260911-resume-v2/captures/block-20260911T212846818552Z-r1-A-1000us-control-20260911T213054.202433Z/run.json,411c36f8f6e982e2f003217d3bc3bc3e0db717681de342769c28667541b627ef,A,2000000,5800000000,1000,1,True,True,7.3392591719793145,3.110960541329325,0.40315234090828517,818.4233216141971,844.460073648952,ANT1 ANT2 ANT4 ANT8 ANT7 ANT5,,,60,60,0,True,True,0.0,61.62040176069699,False
block-20260911T212846818552Z,/srv/bulk/samteway/lab-data/tracking-5ms-full-20260911-resume-v2/captures/block-20260911T212846818552Z-r1-B-50us-20260911T213108.593993Z/run.json,5de271225cb808fa5ffd08c836053b96fbaf922c80abf80196588bbd58cbbd1b,B,5000000,5800000000,50,1,False,False,12.122929907865203,3.48724457037462,1.1450720787222493,502.06321098376065,539.558385766577,ANT1 ANT2 ANT4 ANT8 ANT7 ANT5,,,60,60,0,True,True,0.0,74.05310826517422,False
block-20260911T212846818552Z,/srv/bulk/samteway/lab-data/tracking-5ms-full-20260911-resume-v2/captures/block-20260911T212846818552Z-r1-A-200us-control-20260911T213124.248039Z/run.json,526e0a24f591f6d5590efd461431dfc96d539d95a3b679e3c4f3445bdffeafd8,A,2000000,5800000000,200,1,True,True,8.030763885276151,6.293859524726477,0.37585219613956505,455.22423297322047,473.02744784392416,ANT1 ANT2 ANT4 ANT8 ANT7 ANT5,,,60,60,0,True,True,0.0,64.47616037216682,False
block-20260911T212846818552Z,/srv/bulk/samteway/lab-data/tracking-5ms-full-20260911-resume-v2/captures/block-20260911T212846818552Z-r1-B-1000us-20260911T213138.648792Z/run.json,44eb60eba730dddd8a0268025747224d536045b9cb21dcf26c7eea1548734791,B,5000000,5800000000,1000,1,False,True,7.585802875851336,3.1693291827343293,0.2628109878532516,946.9996528428359,970.8485456183553,ANT1 ANT2 ANT4 ANT8 ANT7 ANT5,,,60,60,0,True,True,0.0,60.05213587543486,False
block-20260911T212846818552Z,/srv/bulk/samteway/lab-data/tracking-5ms-full-20260911-resume-v2/captures/block-20260911T212846818552Z-r1-B-25us-20260911T213154.615644Z/run.json,e20b609a32a24a508cb2dd738ef8f195b4e085f738e29ffc787ef7300c9848bd,B,5000000,5800000000,25,1,False,False,44.43814020651805,35.09878687594281,4.260671974423042,525.4423018079251,544.5267549832352,ANT1 ANT2 ANT4 ANT8 ANT7 ANT5,,,60,60,0,True,True,1.6666666666666667,77.98116463279175,False
block-20260911T212846818552Z,/srv/bulk/samteway/lab-data/tracking-5ms-full-20260911-resume-v2/captures/block-20260911T212846818552Z-r1-B-100us-20260911T213210.195441Z/run.json,3a5873a441ab046073bf4ba0db74d1600d7d57a6d9e31a6afdcb188434f5473a,B,5000000,5800000000,100,1,False,False,,,,,,ANT1 ANT2 ANT4 ANT8 ANT7 ANT5,,autonomous C6 harmonic frequency estimates are inconsistent,60,0,0,False,False,,,
block-20260911T212846818552Z,/srv/bulk/samteway/lab-data/tracking-5ms-full-20260911-resume-v2/captures/block-20260911T212846818552Z-r1-B-200us-20260911T213225.730579Z/run.json,2547e9a86d1da54f2746682249627c51b972a0253e951afdcecd18cc203320d6,B,5000000,5800000000,200,1,False,True,7.800278211033641,2.4150747151852805,0.49479441070778496,558.8702429629242,576.8161071348004,ANT1 ANT2 ANT4 ANT8 ANT7 ANT5,,,60,60,0,True,True,0.0,63.697579034763756,False
block-20260911T212846818552Z,/srv/bulk/samteway/lab-data/tracking-5ms-full-20260911-resume-v2/captures/block-20260911T212846818552Z-r2-A-1000us-control-20260911T213241.760350Z/run.json,efddb288089dc834cb2d606fd05259516b26af0e39dc3dbb7218f7ed0f4886d0,A,2000000,5800000000,1000,2,True,True,7.79362639981673,1.930324419016518,0.4627156897574502,820.6877443318566,840.0924575747922,ANT1 ANT2 ANT4 ANT8 ANT7 ANT5,,,60,60,0,True,True,0.0,62.37762174274518,False
block-20260911T212846818552Z,/srv/bulk/samteway/lab-data/tracking-5ms-full-20260911-resume-v2/captures/block-20260911T212846818552Z-r2-B-25us-20260911T213256.383796Z/run.json,4b61f2069ddfbc2087e368904ee2d140aaa95a78f0561a9ff6a4829ffcb6782f,B,5000000,5800000000,25,2,False,False,57.90121469660903,31.64506260513229,6.566559654291266,520.1608230670294,541.8447908712551,ANT1 ANT2 ANT4 ANT8 ANT7 ANT5,,,60,60,0,True,True,1.6666666666666667,87.23765911142337,False
block-20260911T212846818552Z,/srv/bulk/samteway/lab-data/tracking-5ms-full-20260911-resume-v2/captures/block-20260911T212846818552Z-r2-B-100us-20260911T213312.506498Z/run.json,f0efa4739692ee55bfd56f929a1e345a55bac20f543c08b8a0cfda459b4c1447,B,5000000,5800000000,100,2,False,False,,,,465.7752029869395,554.6971666975878,ANT1 ANT2 ANT4 ANT8 ANT7 ANT5,,,60,60,29,True,False,,,
block-20260911T212846818552Z,/srv/bulk/samteway/lab-data/tracking-5ms-full-20260911-resume-v2/captures/block-20260911T212846818552Z-r2-B-50us-20260911T213328.653115Z/run.json,b5187e6b10d187dc330c9458db29a274fb8905103b86454acbac11a282b5a209,B,5000000,5800000000,50,2,False,False,14.057015514566682,8.388914145742136,1.999436615993127,530.7465670203479,552.9455046751535,ANT1 ANT2 ANT4 ANT8 ANT7 ANT5,,,60,60,0,True,True,0.0,78.29094426896123,False
block-20260911T212846818552Z,/srv/bulk/samteway/lab-data/tracking-5ms-full-20260911-resume-v2/captures/block-20260911T212846818552Z-r2-B-200us-20260911T213344.544165Z/run.json,d1b5abdb8d7b30803fe5d2e78aff42d092247bb3307377dde94db696a7a22b54,B,5000000,5800000000,200,2,False,True,7.563536745094778,4.160144534919824,0.5259265567953271,584.485861499949,609.8686810000798,ANT1 ANT2 ANT4 ANT8 ANT7 ANT5,,,60,60,0,True,True,0.0,53.976304981093804,False
block-20260911T212846818552Z,/srv/bulk/samteway/lab-data/tracking-5ms-full-20260911-resume-v2/captures/block-20260911T212846818552Z-r2-B-1000us-20260911T213400.835946Z/run.json,df810e02a2ef10fffa80bf31992b0977f69b3b48e58d811dd64f15e5dc63c801,B,5000000,5800000000,1000,2,False,True,8.465483877591252,4.774083331229911,0.9389351233246745,948.8315774632307,976.6166917746887,ANT1 ANT2 ANT4 ANT8 ANT7 ANT5,,,60,60,0,True,True,0.0,67.40519329621378,False
block-20260911T212846818552Z,/srv/bulk/samteway/lab-data/tracking-5ms-full-20260911-resume-v2/captures/block-20260911T212846818552Z-r2-A-200us-control-20260911T213416.150163Z/run.json,01aaefb2a1361beafe3382618268d0435c9f00f943c27e0f0a218cd5faf75863,A,2000000,5800000000,200,2,True,True,8.269255411433637,5.985992655257109,0.7095799454661343,453.0979544778044,482.661614601966,ANT1 ANT2 ANT4 ANT8 ANT7 ANT5,,,60,60,0,True,True,0.0,69.21065850197847,False
block-20260911T212846818552Z,/srv/bulk/samteway/lab-data/tracking-5ms-full-20260911-resume-v2/captures/block-20260911T212846818552Z-r3-B-50us-20260911T213430.675955Z/run.json,bcad1bb6d277f4b064d8b76363678129d4bc914b66ed127bcdd7d36310a47c1f,B,5000000,5800000000,50,3,False,False,13.2903861929219,6.573827445481396,1.4884559084904043,526.7696340878805,555.2369846147485,ANT1 ANT2 ANT4 ANT8 ANT7 ANT5,,,60,60,0,True,True,0.0,61.36825986535695,False
block-20260911T212846818552Z,/srv/bulk/samteway/lab-data/tracking-5ms-full-20260911-resume-v2/captures/block-20260911T212846818552Z-r3-A-200us-control-20260911T213446.156121Z/run.json,509c2585f695ff2321dcfd28e3dc173e1ea2678523063e01265c55889ecbf528,A,2000000,5800000000,200,3,True,True,8.440688071974497,5.430959321241266,0.5269278307078924,448.2042635829809,473.762114753481,ANT1 ANT2 ANT4 ANT8 ANT7 ANT5,,,60,60,0,True,True,0.0,39.95008463304541,False
block-20260911T212846818552Z,/srv/bulk/samteway/lab-data/tracking-5ms-full-20260911-resume-v2/captures/block-20260911T212846818552Z-r3-B-1000us-20260911T213500.658196Z/run.json,c3301b495f78259065a4c014cbc5c6cd873fc8eb56373b28edffbfb547c8f499,B,5000000,5800000000,1000,3,False,True,7.656877706379897,1.480484358254088,0.38979791725231666,943.0324479937553,970.0586485792883,ANT1 ANT2 ANT4 ANT8 ANT7 ANT5,,,60,60,0,True,True,0.0,70.57646447777711,False
block-20260911T212846818552Z,/srv/bulk/samteway/lab-data/tracking-5ms-full-20260911-resume-v2/captures/block-20260911T212846818552Z-r3-B-25us-20260911T213516.386269Z/run.json,cced2f827ad36b2d2147081c6711e664348099e0f51b568f300aa0957ce46352,B,5000000,5800000000,25,3,False,False,53.81879407482816,4.918851425123718,4.35007811063312,527.2822402378855,552.8366261278279,ANT1 ANT2 ANT4 ANT8 ANT7 ANT5,,,60,60,0,True,True,1.6666666666666667,85.32834120376464,False
block-20260911T212846818552Z,/srv/bulk/samteway/lab-data/tracking-5ms-full-20260911-resume-v2/captures/block-20260911T212846818552Z-r3-B-200us-20260911T213532.416939Z/run.json,b4154c3cab2fdb66dfc0795110a2057153600eb409bf8823987dde56938e5d93,B,5000000,5800000000,200,3,False,True,7.683639330733973,4.520494322648621,0.5741225441082449,577.1661551436409,593.8423674553633,ANT1 ANT2 ANT4 ANT8 ANT7 ANT5,,,60,60,0,True,True,0.0,54.07944836495202,False
block-20260911T212846818552Z,/srv/bulk/samteway/lab-data/tracking-5ms-full-20260911-resume-v2/captures/block-20260911T212846818552Z-r3-B-100us-20260911T213547.551035Z/run.json,0d99fe04c8ad31f449345c710ed0e276224113c88d08edaee9022c4ec8c93961,B,5000000,5800000000,100,3,False,False,,,,,,ANT1 ANT2 ANT4 ANT8 ANT7 ANT5,,autonomous C6 harmonic frequency estimates are inconsistent,60,0,0,False,False,,,
block-20260911T212846818552Z,/srv/bulk/samteway/lab-data/tracking-5ms-full-20260911-resume-v2/captures/block-20260911T212846818552Z-r3-A-1000us-control-20260911T213602.967691Z/run.json,ad5ff235b8b965f3a3a990d3779f6151992b3fd9459efb0a5228adfbc10a6da0,A,2000000,5800000000,1000,3,True,True,9.118192868815417,7.815117006073696,0.7491735414761054,829.1580379668934,855.1048455061391,ANT1 ANT2 ANT4 ANT8 ANT7 ANT5,,,60,60,0,True,True,0.0,69.37809914146712,False
block-20260911T215918963889Z,/srv/bulk/samteway/lab-data/tracking-5ms-full-20260911-resume-v3/captures/block-20260911T215918963889Z-r1-A-1000us-control-20260911T220128.591339Z/run.json,bde975b0b0d52ff9a77327d5dd9b1203ce816f974b5d1592cce19966edac6400,A,2000000,5811000000,1000,1,True,True,8.720436514362044,2.6496743293465945,0.5938304325488755,826.6166027092064,848.4219164471142,ANT1 ANT2 ANT4 ANT8 ANT7 ANT5,,,60,60,0,True,True,0.0,25.404373408712843,False
block-20260911T215918963889Z,/srv/bulk/samteway/lab-data/tracking-5ms-full-20260911-resume-v3/captures/block-20260911T215918963889Z-r1-D-100us-20260911T220143.250294Z/run.json,80585e991f72a70c3e435d04087d7e66a55628fb5bfab314b41c67337e026e63,D,5000000,5811000000,100,1,False,False,10.712490543653457,2.866296732376886,0.8488456263884491,532.2694060741924,553.6217392771505,ANT1 ANT2 ANT4 ANT8 ANT7 ANT5,,,60,60,0,True,True,0.0,25.973692319695473,False
block-20260911T215918963889Z,/srv/bulk/samteway/lab-data/tracking-5ms-full-20260911-resume-v3/captures/block-20260911T215918963889Z-r1-D-50us-20260911T220159.419942Z/run.json,256458806dad35318c58c83af51b04da57a44278f47c9e40d9801bb7ff836563,D,5000000,5811000000,50,1,False,False,14.346554852638322,3.6493878923725136,1.8209974688214623,507.837782400505,532.3162955231965,ANT1 ANT2 ANT4 ANT8 ANT7 ANT5,,,60,60,0,True,True,0.0,31.433465958790176,False
block-20260911T215918963889Z,/srv/bulk/samteway/lab-data/tracking-5ms-full-20260911-resume-v3/captures/block-20260911T215918963889Z-r1-D-1000us-20260911T220215.490445Z/run.json,efd1f2eeeebd47006d558ebc217cc61b75f9c9030a53184130fc2adb2f2bd59f,D,5000000,5811000000,1000,1,False,True,8.282473817349297,2.2788610463176915,0.3468492608544807,894.5849414022329,951.8660414847545,ANT1 ANT2 ANT4 ANT8 ANT7 ANT5,,,60,60,0,True,True,0.0,10.274841027933796,False
block-20260911T215918963889Z,/srv/bulk/samteway/lab-data/tracking-5ms-full-20260911-resume-v3/captures/block-20260911T215918963889Z-r1-A-200us-control-20260911T220231.591491Z/run.json,2925e231e0e8743d78d7a52af307c32d3716179f767dccdacb8a03f614e55e05,A,2000000,5811000000,200,1,True,True,8.781648277968387,5.635118843698443,0.7790331693385653,414.0604453510605,444.65762660838664,ANT1 ANT2 ANT4 ANT8 ANT7 ANT5,,,60,60,0,True,True,0.0,26.28691417792633,False
block-20260911T215918963889Z,/srv/bulk/samteway/lab-data/tracking-5ms-full-20260911-resume-v3/captures/block-20260911T215918963889Z-r1-D-200us-20260911T220240.920508Z/run.json,2c17715ef101b31fdce7a1b96ed0f419a091325cca4fe765d76e72b5ad08d285,D,5000000,5811000000,200,1,False,True,8.991693037640786,7.3824368691401085,0.5613337117147,541.9019133783877,577.3034534184262,ANT1 ANT2 ANT4 ANT8 ANT7 ANT5,,,60,60,0,True,True,0.0,13.502529164082327,False
block-20260911T215918963889Z,/srv/bulk/samteway/lab-data/tracking-5ms-full-20260911-resume-v3/captures/block-20260911T215918963889Z-r1-D-25us-20260911T220257.019461Z/run.json,02dc57c258750a5f0a362172298d1d29d360f73ccedc9304260f35ecdcfb30e8,D,5000000,5811000000,25,1,False,False,29.49818758013986,10.39824533134112,1.9434069312911717,524.9112770194188,543.9284676569514,ANT1 ANT2 ANT4 ANT8 ANT7 ANT5,,,60,60,0,True,True,0.0,53.312458961986614,False
block-20260911T215918963889Z,/srv/bulk/samteway/lab-data/tracking-5ms-full-20260911-resume-v3/captures/block-20260911T215918963889Z-r2-D-50us-20260911T220313.548140Z/run.json,12fa8a6a2ed2c14c2bbdc7ac4c8b92b7c5d62433c44a719c9066fcaf0facb019,D,5000000,5811000000,50,2,False,False,13.402160354076361,6.653213334585137,1.189319690425656,520.0729919481091,545.370727556292,ANT1 ANT2 ANT4 ANT8 ANT7 ANT5,,,60,60,0,True,True,0.0,46.11993356571219,False
block-20260911T215918963889Z,/srv/bulk/samteway/lab-data/tracking-5ms-full-20260911-resume-v3/captures/block-20260911T215918963889Z-r2-D-1000us-20260911T220331.040277Z/run.json,dfc8a17597226e5e535ca16aa827e0e4dbed93865392fe65c62cb1ea729cb6d0,D,5000000,5811000000,1000,2,False,True,8.170574603824338,2.1135287329038963,0.7207314821564171,949.8558945216549,980.6314237997867,ANT1 ANT2 ANT4 ANT8 ANT7 ANT5,,,60,60,0,True,True,0.0,16.0159768045203,False
block-20260911T215918963889Z,/srv/bulk/samteway/lab-data/tracking-5ms-full-20260911-resume-v3/captures/block-20260911T215918963889Z-r2-D-25us-20260911T220346.526038Z/run.json,231b141c9c956175e7233d874f94d32c4f73a3b0b18f89c4b71dff638706588e,D,5000000,5811000000,25,2,False,False,48.331147948426036,9.409732053046053,4.298666065692834,535.405152318223,558.3861066843383,ANT1 ANT2 ANT4 ANT8 ANT7 ANT5,,,60,60,0,True,True,3.3333333333333335,80.01111897376666,False
block-20260911T215918963889Z,/srv/bulk/samteway/lab-data/tracking-5ms-full-20260911-resume-v3/captures/block-20260911T215918963889Z-r2-D-100us-20260911T220402.137286Z/run.json,173a64a6781acf3a5aef1e569dd343a5b9bc97313bbf031315b19554b026a2cb,D,5000000,5811000000,100,2,False,False,10.56031389352369,4.483458910803631,1.0063685071330957,551.7658706676835,571.2665316415951,ANT1 ANT2 ANT4 ANT8 ANT7 ANT5,,,60,60,0,True,True,0.0,18.59427026244031,False
block-20260911T215918963889Z,/srv/bulk/samteway/lab-data/tracking-5ms-full-20260911-resume-v3/captures/block-20260911T215918963889Z-r2-D-200us-20260911T220417.829038Z/run.json,268ccdb5858261aac0c2ee07083b19eaf008f3ee5c164582834df9ebc0caf9ea,D,5000000,5811000000,200,2,False,True,9.425675493549509,6.7050841272430235,0.41714414671139616,578.6274614549862,602.414647990372,ANT1 ANT2 ANT4 ANT8 ANT7 ANT5,,,60,60,0,True,True,0.0,33.62764212643375,False
block-20260911T215918963889Z,/srv/bulk/samteway/lab-data/tracking-5ms-full-20260911-resume-v3/captures/block-20260911T215918963889Z-r2-A-200us-control-20260911T220427.572572Z/run.json,cdf98bbf023fd3f7c66d2be1b029ef144c41395b13e0d1b4d42f3a3d91eb79f4,A,2000000,5811000000,200,2,True,True,9.179293299411926,6.252368902876766,0.5167734434338095,460.91952783754095,484.20487546827644,ANT1 ANT2 ANT4 ANT8 ANT7 ANT5,,,60,60,0,True,True,0.0,25.522898224448976,False
block-20260911T215918963889Z,/srv/bulk/samteway/lab-data/tracking-5ms-full-20260911-resume-v3/captures/block-20260911T215918963889Z-r2-A-1000us-control-20260911T220441.950351Z/run.json,90a58d6144556e8606322a7c0b577b2f3b6313d5c9927f209c43a69f5de5ae6e,A,2000000,5811000000,1000,2,True,False,9.24484225193881,4.223307556121079,1.2568228501052305,836.4720447454602,859.8620323464274,ANT1 ANT2 ANT4 ANT8 ANT7 ANT5,,,60,60,0,True,True,0.0,21.213863432478853,False
block-20260911T215918963889Z,/srv/bulk/samteway/lab-data/tracking-5ms-full-20260911-resume-v3/captures/block-20260911T215918963889Z-r3-A-200us-control-20260911T220456.627449Z/run.json,eb173db1372b006b8736589b9151af742670634ed874059b26fbb29c1171cc74,A,2000000,5811000000,200,3,True,True,8.761492902609659,3.7408367380114105,0.6894447285279904,465.5813161865808,487.5717957969755,ANT1 ANT2 ANT4 ANT8 ANT7 ANT5,,,60,60,0,True,True,0.0,18.89547213102552,False
block-20260911T215918963889Z,/srv/bulk/samteway/lab-data/tracking-5ms-full-20260911-resume-v3/captures/block-20260911T215918963889Z-r3-D-200us-20260911T220505.953093Z/run.json,79ab40f84fdf5078bceafaa553025508d1e088340f857ff4f196d03335a8b7e9,D,5000000,5811000000,200,3,False,True,9.09013959957438,2.1813410947089125,0.6545872249189161,587.8986762914186,612.0207757805474,ANT1 ANT2 ANT4 ANT8 ANT7 ANT5,,,60,60,0,True,True,0.0,22.294967720653634,False
block-20260911T215918963889Z,/srv/bulk/samteway/lab-data/tracking-5ms-full-20260911-resume-v3/captures/block-20260911T215918963889Z-r3-D-1000us-20260911T220521.707630Z/run.json,fc47323db65d24cd4abd1af12df9a2b6603b1bcef5f0e0925e8a90475e48b78f,D,5000000,5811000000,1000,3,False,True,8.081545563565522,3.916317626588183,0.5808569785125641,971.6416505475839,1003.5355436149985,ANT1 ANT2 ANT4 ANT8 ANT7 ANT5,,,60,60,0,True,True,0.0,13.289638348441553,False
block-20260911T215918963889Z,/srv/bulk/samteway/lab-data/tracking-5ms-full-20260911-resume-v3/captures/block-20260911T215918963889Z-r3-D-50us-20260911T220536.943567Z/run.json,3d4890b257ce58506d11f345ae34f9dfbff70d5a2d6456c6260b9379955b2637,D,5000000,5811000000,50,3,False,False,16.344412673415572,4.88212081391668,2.046838643654527,501.80868150976795,539.2388502368703,ANT1 ANT2 ANT4 ANT8 ANT7 ANT5,,,60,60,0,True,True,0.0,37.77180948281011,False
block-20260911T215918963889Z,/srv/bulk/samteway/lab-data/tracking-5ms-full-20260911-resume-v3/captures/block-20260911T215918963889Z-r3-A-1000us-control-20260911T220552.418461Z/run.json,8ded22b0c10738358166c848687f7a72e55d026a3f9535113c37a1e4f3aa8cd9,A,2000000,5811000000,1000,3,True,True,8.572377971244473,4.389187847606339,0.6001200370820046,805.7211769628339,843.2601802283898,ANT1 ANT2 ANT4 ANT8 ANT7 ANT5,,,60,60,0,True,True,0.0,16.43587706932393,False
block-20260911T215918963889Z,/srv/bulk/samteway/lab-data/tracking-5ms-full-20260911-resume-v3/captures/block-20260911T215918963889Z-r3-D-25us-20260911T220606.931710Z/run.json,7d0c9da434e05aac57b96fcbca4af0ca17f7f7e970e554a71cf4ad1d163e8604,D,5000000,5811000000,25,3,False,False,51.095547539419385,13.589355435584798,4.252785179967732,493.85129928123206,529.5593173475936,ANT1 ANT2 ANT4 ANT8 ANT7 ANT5,,,60,60,0,True,True,5.0,79.13801888853726,False
block-20260911T215918963889Z,/srv/bulk/samteway/lab-data/tracking-5ms-full-20260911-resume-v3/captures/block-20260911T215918963889Z-r3-D-100us-20260911T220622.839266Z/run.json,bbfba52f432ddaceea05447bfad9827c8813c0df8995fee561e1132e1c6c114a,D,5000000,5811000000,100,3,False,False,11.974168244519587,3.2908339655295746,1.1931385571886597,518.4976955099652,537.3148707090877,ANT1 ANT2 ANT4 ANT8 ANT7 ANT5,,,60,60,0,True,True,0.0,25.287594111064397,False
block-20260911T220948222664Z,/srv/bulk/samteway/lab-data/tracking-5ms-full-20260911-resume-v3/captures/block-20260911T220948222664Z-r1-A-1000us-control-20260911T221157.290723Z/run.json,0f40d2665a351673b1c3f2a2c67b9d95969949e7666d7778ba7bdd4e73cb31f3,A,2000000,5811000000,1000,1,True,False,9.449575072674175,1.4057145109725395,1.409208477504556,810.1149420797204,836.5418840199709,ANT1 ANT2 ANT4 ANT8 ANT7 ANT5,,,60,60,0,True,True,0.0,9.685444690445456,False
block-20260911T220948222664Z,/srv/bulk/samteway/lab-data/tracking-5ms-full-20260911-resume-v3/captures/block-20260911T220948222664Z-r1-B-100us-20260911T221211.870350Z/run.json,845b4aefb3e0cd327b04ba5cc6710a2dd85e9db862985f4a8a356507b4105cea,B,5000000,5811000000,100,1,False,False,11.383078530694924,5.644288066629103,1.0593278813544722,543.9900810442244,569.2196386400609,ANT1 ANT2 ANT4 ANT8 ANT7 ANT5,,,60,60,0,True,True,0.0,22.561582455406626,False
block-20260911T220948222664Z,/srv/bulk/samteway/lab-data/tracking-5ms-full-20260911-resume-v3/captures/block-20260911T220948222664Z-r1-B-50us-20260911T221227.499273Z/run.json,10c8ea7d2ed9d16bc92368052e3beb4fb4cda0ba641390b55ce0478cbb379303,B,5000000,5811000000,50,1,False,False,12.97295382287365,5.81411872069262,1.0743615893561291,514.3066587625071,537.721829302609,ANT1 ANT2 ANT4 ANT8 ANT7 ANT5,,,60,60,0,True,True,0.0,32.501038428167796,False
block-20260911T220948222664Z,/srv/bulk/samteway/lab-data/tracking-5ms-full-20260911-resume-v3/captures/block-20260911T220948222664Z-r1-B-1000us-20260911T221242.979927Z/run.json,00dff69c4bdf4570f4dfb2ce07e192e5a821d3403c55981a6484a72edf35da97,B,5000000,5811000000,1000,1,False,True,8.273850496131725,3.0809733710173934,0.5604559471984418,956.6747553413734,983.2500528427772,ANT1 ANT2 ANT4 ANT8 ANT7 ANT5,,,60,60,0,True,True,0.0,9.646884635994205,False
block-20260911T220948222664Z,/srv/bulk/samteway/lab-data/tracking-5ms-full-20260911-resume-v3/captures/block-20260911T220948222664Z-r1-A-200us-control-20260911T221258.267648Z/run.json,028a18cce970e3f7a91c0016d0eaeee15deff2fe1619feb99a058c2e40d20abc,A,2000000,5811000000,200,1,True,True,9.158870692703779,3.1569035150398013,0.6907867973531692,453.75474493872997,473.51566874422133,ANT1 ANT2 ANT4 ANT8 ANT7 ANT5,,,60,60,0,True,True,0.0,21.862256397319506,False
block-20260911T220948222664Z,/srv/bulk/samteway/lab-data/tracking-5ms-full-20260911-resume-v3/captures/block-20260911T220948222664Z-r1-B-200us-20260911T221307.250752Z/run.json,32f30f45fbf98ba162d63a495fe726c3f33cd928c448190bc16b9e4cfc05a0f4,B,5000000,5811000000,200,1,False,True,9.899505900648096,2.389800539851958,0.4598307031136307,557.3345769274359,583.1513569690287,ANT1 ANT2 ANT4 ANT8 ANT7 ANT5,,,60,60,0,True,True,0.0,12.615499297925309,False
block-20260911T220948222664Z,/srv/bulk/samteway/lab-data/tracking-5ms-full-20260911-resume-v3/captures/block-20260911T220948222664Z-r1-B-25us-20260911T221323.247587Z/run.json,ea4feecf2d6e7d9fd4c674f1f7f32481966b7ff7d206f7adf460447fe5f51935,B,5000000,5811000000,25,1,False,False,38.94253042669393,12.94014003925791,3.3951933057781893,524.8213210065538,553.6745617515408,ANT1 ANT2 ANT4 ANT8 ANT7 ANT5,,,60,60,0,True,True,3.3333333333333335,60.36502753820607,False
block-20260911T220948222664Z,/srv/bulk/samteway/lab-data/tracking-5ms-full-20260911-resume-v3/captures/block-20260911T220948222664Z-r2-B-50us-20260911T221339.266341Z/run.json,555e114939abf7c41f15ef185016992cd8de9de584266823233e782458072df6,B,5000000,5811000000,50,2,False,False,18.332880867353857,8.191217473402814,2.8051951171803613,547.3556241757857,568.9470218727365,ANT1 ANT2 ANT4 ANT8 ANT7 ANT5,,,60,60,0,True,True,3.3333333333333335,34.33339373823404,False
block-20260911T220948222664Z,/srv/bulk/samteway/lab-data/tracking-5ms-full-20260911-resume-v3/captures/block-20260911T220948222664Z-r2-B-1000us-20260911T221354.880685Z/run.json,7648d7af015f474107305fdf518d97b0ccf809e069ded00fd291a83fe2f55228,B,5000000,5811000000,1000,2,False,True,7.7676590137461945,3.2491680101196945,0.5998482179421326,956.9976110671026,986.5370493964292,ANT1 ANT2 ANT4 ANT8 ANT7 ANT5,,,60,60,0,True,True,0.0,13.376000276277535,False
block-20260911T220948222664Z,/srv/bulk/samteway/lab-data/tracking-5ms-full-20260911-resume-v3/captures/block-20260911T220948222664Z-r2-B-25us-20260911T221410.562600Z/run.json,fe9e66cfaab23922fa12bef3cf285bdfc9a8470ac1c533c51f829cc86dc75c9f,B,5000000,5811000000,25,2,False,False,50.171945392598296,25.063701083917334,5.610270653471179,546.7037295651002,576.5950682573019,ANT1 ANT2 ANT4 ANT8 ANT7 ANT5,,,60,60,0,True,True,5.0,76.6687127029226,False
block-20260911T220948222664Z,/srv/bulk/samteway/lab-data/tracking-5ms-full-20260911-resume-v3/captures/block-20260911T220948222664Z-r2-B-100us-20260911T221425.893555Z/run.json,d1a091bacf693a2e6802635363fa177f97a213d04ee3ddb9c384f7055630e85e,B,5000000,5811000000,100,2,False,True,9.849901062609069,3.9646205775455567,0.8551056980016635,561.2247128000794,575.8619893691503,ANT1 ANT2 ANT4 ANT8 ANT7 ANT5,,,60,60,0,True,True,0.0,28.771784387088815,False
block-20260911T220948222664Z,/srv/bulk/samteway/lab-data/tracking-5ms-full-20260911-resume-v3/captures/block-20260911T220948222664Z-r2-B-200us-20260911T221441.212724Z/run.json,ffbba520c4dffdc6697bca9c6f94df50a2b6935e4057a42889a9b03877df6209,B,5000000,5811000000,200,2,False,False,13.568158854502181,8.447417733710521,0.41655866883066966,594.1375174171602,727.9019225621595,ANT1 ANT2 ANT4 ANT8 ANT7 ANT5,,,60,60,0,True,True,0.0,29.912745837801562,False
block-20260911T220948222664Z,/srv/bulk/samteway/lab-data/tracking-5ms-full-20260911-resume-v3/captures/block-20260911T220948222664Z-r2-A-200us-control-20260911T221451.171138Z/run.json,47ba5d5d995c6cd516130796b9c578a21c3e3880c3fb8b3ab770a0df1f9d708b,A,2000000,5811000000,200,2,True,False,14.497657737227659,5.049734568410721,0.860533021181984,466.5540106361732,489.30015824735165,ANT1 ANT2 ANT4 ANT8 ANT7 ANT5,,,60,60,0,True,True,0.0,40.178078547046,False
block-20260911T220948222664Z,/srv/bulk/samteway/lab-data/tracking-5ms-full-20260911-resume-v3/captures/block-20260911T220948222664Z-r2-A-1000us-control-20260911T221505.939329Z/run.json,b3896c284a57085f32efc784f02b15d4e2b635ec0b17e8caf551f46090fe87a6,A,2000000,5811000000,1000,2,True,True,8.371750781174553,2.7010222978949625,0.3202520383704805,828.4039750229567,860.0232848781161,ANT1 ANT2 ANT4 ANT8 ANT7 ANT5,,,60,60,0,True,True,0.0,2.9797931364934938,False
block-20260911T220948222664Z,/srv/bulk/samteway/lab-data/tracking-5ms-full-20260911-resume-v3/captures/block-20260911T220948222664Z-r3-A-200us-control-20260911T221520.956212Z/run.json,cf61a91090aafcac731604ad7d4748817ce74c61f3db0208e12509be4ca5890a,A,2000000,5811000000,200,3,True,False,14.182433662523312,1.45573763281898,1.553422977612994,453.16395084761706,470.53460095776245,ANT1 ANT2 ANT4 ANT8 ANT7 ANT5,,,60,60,0,True,True,0.0,36.41250053966711,False
block-20260911T220948222664Z,/srv/bulk/samteway/lab-data/tracking-5ms-full-20260911-resume-v3/captures/block-20260911T220948222664Z-r3-B-200us-20260911T221530.562743Z/run.json,7b1d1c85acf63025885c1cde49a47a39becdb73e77ed303d8238a32d64692e71,B,5000000,5811000000,200,3,False,False,14.065141426157354,6.6321981211765575,1.0077570599596628,544.6608808202049,578.3605704433285,ANT1 ANT2 ANT4 ANT8 ANT7 ANT5,,,60,60,0,True,True,0.0,39.61423842169132,False
block-20260911T220948222664Z,/srv/bulk/samteway/lab-data/tracking-5ms-full-20260911-resume-v3/captures/block-20260911T220948222664Z-r3-B-1000us-20260911T221545.931017Z/run.json,c6d679dcfdd3d5fb4ad5f0baac88d40846d037613ce133286fe08b19f41b037e,B,5000000,5811000000,1000,3,False,False,9.169996493666082,4.757726758821256,1.0824366851603267,911.2007420432443,964.2280140193179,ANT1 ANT2 ANT4 ANT8 ANT7 ANT5,,,60,60,0,True,True,0.0,13.41026501467334,False
block-20260911T220948222664Z,/srv/bulk/samteway/lab-data/tracking-5ms-full-20260911-resume-v3/captures/block-20260911T220948222664Z-r3-B-50us-20260911T221601.101876Z/run.json,90de2eee04495b2c8db7ef610ec04481185adc75a07bac9c7be26c34743db612,B,5000000,5811000000,50,3,False,False,14.292501161193536,5.817711577990312,1.564639046034955,524.3593509037358,557.513735583052,ANT1 ANT2 ANT4 ANT8 ANT7 ANT5,,,60,60,0,True,True,0.0,34.591926449314705,False
block-20260911T220948222664Z,/srv/bulk/samteway/lab-data/tracking-5ms-full-20260911-resume-v3/captures/block-20260911T220948222664Z-r3-A-1000us-control-20260911T221616.225574Z/run.json,37e108dd1e7819132f00ae9ec49f4e3b720052fb4db51069621810e065c914b6,A,2000000,5811000000,1000,3,True,False,8.026115464922443,5.018946197485728,1.005803848332104,836.0311129906526,852.2800020524301,ANT1 ANT2 ANT4 ANT8 ANT7 ANT5,,,60,60,0,True,True,0.0,2.5713262634275624,False
block-20260911T220948222664Z,/srv/bulk/samteway/lab-data/tracking-5ms-full-20260911-resume-v3/captures/block-20260911T220948222664Z-r3-B-25us-20260911T221631.750269Z/run.json,bed4579e364c8a741b2f70b52a0b4c1198a48a37fb00f6be693c15713ac1273e,B,5000000,5811000000,25,3,False,False,47.85566790322653,11.224259769183323,5.455721478275336,498.8098554041547,529.0694324299693,ANT1 ANT2 ANT4 ANT8 ANT7 ANT5,,,60,60,0,True,True,5.0,71.10502460010653,False
block-20260911T220948222664Z,/srv/bulk/samteway/lab-data/tracking-5ms-full-20260911-resume-v3/captures/block-20260911T220948222664Z-r3-B-100us-20260911T221647.300528Z/run.json,789653401fddeb8228aeb21b178bb992b102247204322aa91e96aeb88f39e460,B,5000000,5811000000,100,3,False,False,11.175304510886127,5.3163419454354,3.269525722767721,523.7796075370474,553.0228293384425,ANT1 ANT2 ANT4 ANT8 ANT7 ANT5,,,60,60,0,True,True,0.0,23.610133450264577,False
block-20260911T182124128635Z,/srv/bulk/samteway/lab-data/tracking-5ms-full-20260911-v1/captures/block-20260911T182124128635Z-r1-D-200us-20260911T182335.622343Z/run.json,c74d28cf24a4e1b66bbcaae727bb7d3b0784a8e260c205b3be67c06e528a759f,D,5000000,915000000,200,1,False,True,0.6610546857633017,1.3952250247150542,0.3166596248448103,293.3893862452048,311.15549930837005,ANT1 ANT2 ANT4 ANT8 ANT7 ANT5,,,60,60,0,True,True,0.0,0.3836954811086403,False
block-20260911T182124128635Z,/srv/bulk/samteway/lab-data/tracking-5ms-full-20260911-v1/captures/block-20260911T182124128635Z-r1-D-1000us-20260911T182350.795060Z/run.json,113bc9c7a5129f04d8f184f76270279b66fefecb38877117004ab7f4a0d059b4,D,5000000,915000000,1000,1,False,True,1.0172501272718728,0.989964319338569,0.5069771386477463,247.65152543550357,254.0837436215952,ANT1 ANT2 ANT4 ANT8 ANT7 ANT5,,,60,60,0,True,True,0.0,0.5020098493994637,False
block-20260911T182124128635Z,/srv/bulk/samteway/lab-data/tracking-5ms-full-20260911-v1/captures/block-20260911T182124128635Z-r1-A-1000us-control-20260911T182400.877050Z/run.json,81c9cb882d8720a612845667244103e70d620d26675a22e6191890638e703e33,A,2000000,915000000,1000,1,True,True,0.6689262545836699,2.147240447048844,0.2192648683335473,135.5981187429279,137.78430892853066,ANT1 ANT2 ANT4 ANT8 ANT7 ANT5,,,60,60,0,True,True,0.0,0.16132050568838285,False
block-20260911T182124128635Z,/srv/bulk/samteway/lab-data/tracking-5ms-full-20260911-v1/captures/block-20260911T182124128635Z-r1-A-200us-control-20260911T182415.609517Z/run.json,bf2d1db8b15787b1772c1cb91bc0b076b3af7673ea55ea359cec4bdb5fe62e58,A,2000000,915000000,200,1,True,True,0.9160066431886179,2.042089292258303,0.6676134547908575,168.15497565548867,178.09361595427617,ANT1 ANT2 ANT4 ANT8 ANT7 ANT5,,,60,60,0,True,True,0.0,0.4575561592780835,False
block-20260911T182124128635Z,/srv/bulk/samteway/lab-data/tracking-5ms-full-20260911-v1/captures/block-20260911T182124128635Z-r2-A-200us-control-20260911T182424.821280Z/run.json,8e134b7ebc5fffa66cbae72aa18cca31c50ac9f8847bafa9425e6e9b9eaa6816,A,2000000,915000000,200,2,True,True,0.8678264292755296,0.9727168234626054,0.45645486149204445,189.32949675945565,200.6407610140741,ANT1 ANT2 ANT4 ANT8 ANT7 ANT5,,,60,60,0,True,True,0.0,0.4629314804160101,False
block-20260911T182124128635Z,/srv/bulk/samteway/lab-data/tracking-5ms-full-20260911-v1/captures/block-20260911T182124128635Z-r2-D-1000us-20260911T182439.660636Z/run.json,9359b0d740ed82e565233008b6f5f594b6608cf17e62627680f8daea71e1cce6,D,5000000,915000000,1000,2,False,True,1.0868545967747096,1.4638492944287327,0.19371562296147177,241.09627484188726,247.8614789317362,ANT1 ANT2 ANT4 ANT8 ANT7 ANT5,,,60,60,0,True,True,0.0,0.33029868637692505,False
block-20260911T182124128635Z,/srv/bulk/samteway/lab-data/tracking-5ms-full-20260911-v1/captures/block-20260911T182124128635Z-r2-D-200us-20260911T182456.345297Z/run.json,0c8d3b97f1a8d2498b3176294c429e6a676cae899df8de66f2357378b530cc0f,D,5000000,915000000,200,2,False,True,1.2027534328920766,0.942327641258051,0.410680983931076,287.5530033838004,296.84619937324896,ANT1 ANT2 ANT4 ANT8 ANT7 ANT5,,,60,60,0,True,True,0.0,0.3754626775356833,False
block-20260911T182124128635Z,/srv/bulk/samteway/lab-data/tracking-5ms-full-20260911-v1/captures/block-20260911T182124128635Z-r2-A-1000us-control-20260911T182511.830097Z/run.json,10788031970ed4a76377a96263c758e4df25c9fb4cfb476da19ac536f745bbeb,A,2000000,915000000,1000,2,True,True,1.0937896953664201,0.5412000140392402,0.13511667690073506,128.3043652695293,134.47950755944476,ANT1 ANT2 ANT4 ANT8 ANT7 ANT5,,,60,60,0,True,True,0.0,0.2593729082916249,False
block-20260911T182124128635Z,/srv/bulk/samteway/lab-data/tracking-5ms-full-20260911-v1/captures/block-20260911T182124128635Z-r3-D-1000us-20260911T182522.569112Z/run.json,583aec392e8d1efba75d52ae004320db82b0e6fcf5ff2c5a7643d9ffe8812804,D,5000000,915000000,1000,3,False,True,1.2526561652649228,1.371914647102399,0.21463785817507533,232.07313765306026,240.3810372343287,ANT1 ANT2 ANT4 ANT8 ANT7 ANT5,,,60,60,0,True,True,0.0,0.3424787098021664,False
block-20260911T182124128635Z,/srv/bulk/samteway/lab-data/tracking-5ms-full-20260911-v1/captures/block-20260911T182124128635Z-r3-A-1000us-control-20260911T182533.682709Z/run.json,dd3cafae19e703efc0fda41d99be91d90865792655e11cea262edcee81f3a12e,A,2000000,915000000,1000,3,True,True,1.0663740595273905,2.2245722262120515,0.4167941522186725,126.34516302108143,131.48533072089776,ANT1 ANT2 ANT4 ANT8 ANT7 ANT5,,,60,60,0,True,True,0.0,0.3084459253887724,False
block-20260911T182124128635Z,/srv/bulk/samteway/lab-data/tracking-5ms-full-20260911-v1/captures/block-20260911T182124128635Z-r3-A-200us-control-20260911T182548.325405Z/run.json,cca8e2e561194d9194624bd8bfb2369da42e53edf30a8b37e781f6cbd5b718ff,A,2000000,915000000,200,3,True,True,1.1714784869089874,3.9498537052912415,0.22263406395597513,184.83438261707002,190.3536571539007,ANT1 ANT2 ANT4 ANT8 ANT7 ANT5,,,60,60,0,True,True,0.0,0.2673169155391151,False
block-20260911T182124128635Z,/srv/bulk/samteway/lab-data/tracking-5ms-full-20260911-v1/captures/block-20260911T182124128635Z-r3-D-200us-20260911T182557.383425Z/run.json,a005c38ce8ef1a990c6db8047544c3edf1140805e383f8aa059c53b2077c27f2,D,5000000,915000000,200,3,False,True,1.1606836099038882,5.618998973928064,0.3211227123837568,287.33989261866856,297.14067698223516,ANT1 ANT2 ANT4 ANT8 ANT7 ANT5,,,60,60,0,True,True,0.0,0.479782213362731,False
block-20260911T182851799643Z,/srv/bulk/samteway/lab-data/tracking-5ms-full-20260911-v1/captures/block-20260911T182851799643Z-r1-B-200us-20260911T183101.452874Z/run.json,644e56f812a4be5d4108618c8f56bdba08a4ac1a01a38bce5503a4d604219c64,B,5000000,915000000,200,1,False,False,0.5660072649151412,5.770125217358713,1.049966494835791,233.338075883997,241.41432573087513,ANT1 ANT2 ANT4 ANT8 ANT7 ANT5,,,60,60,0,True,True,0.0,0.2865927714836276,False
block-20260911T182851799643Z,/srv/bulk/samteway/lab-data/tracking-5ms-full-20260911-v1/captures/block-20260911T182851799643Z-r1-B-1000us-20260911T183117.542728Z/run.json,f260252c67a0c084ad0f3f0a4cbde907df3730e32f1b86f62a738869b7847657,B,5000000,915000000,1000,1,False,True,0.9578641768161605,1.5947925967877856,0.14159758510022474,206.23444059553245,211.76296566845846,ANT1 ANT2 ANT4 ANT8 ANT7 ANT5,,,60,60,0,True,True,0.0,0.3429852604542835,False
block-20260911T182851799643Z,/srv/bulk/samteway/lab-data/tracking-5ms-full-20260911-v1/captures/block-20260911T182851799643Z-r1-A-1000us-control-20260911T183128.373694Z/run.json,12dbbc60fece50ba3bc9148a9dcac1d1b99b6cb0159857e947ce2c1d8478f53f,A,2000000,915000000,1000,1,True,True,1.0003995494605817,7.622813770989985,0.18294083635125258,114.22828741682072,117.52155583817512,ANT1 ANT2 ANT4 ANT8 ANT7 ANT5,,,60,60,0,True,True,0.0,0.3374742788570368,False
block-20260911T182851799643Z,/srv/bulk/samteway/lab-data/tracking-5ms-full-20260911-v1/captures/block-20260911T182851799643Z-r1-A-200us-control-20260911T183143.051260Z/run.json,8d8275faea8a8eef0f8d6b47505179b839c3dd3835464efe586c3ca490b3db21,A,2000000,915000000,200,1,True,True,1.2504966781811124,6.612317346818215,0.5409503508770274,153.20433233088502,164.82456215890124,ANT1 ANT2 ANT4 ANT8 ANT7 ANT5,,,60,60,0,True,True,0.0,0.5406239966745027,False
block-20260911T182851799643Z,/srv/bulk/samteway/lab-data/tracking-5ms-full-20260911-v1/captures/block-20260911T182851799643Z-r2-A-200us-control-20260911T183152.295527Z/run.json,47da946aa729b9a8af571e263865d7db0a00b57192b9e21877270765310c4f04,A,2000000,915000000,200,2,True,False,1.002152307521304,10.692402329155989,0.32398005013934245,166.2012687845466,169.31098967324942,ANT1 ANT2 ANT4 ANT8 ANT7 ANT5,,,60,60,0,True,True,0.0,0.2679655865136202,False
block-20260911T182851799643Z,/srv/bulk/samteway/lab-data/tracking-5ms-full-20260911-v1/captures/block-20260911T182851799643Z-r2-B-1000us-20260911T183207.170434Z/run.json,bc75c3beeb968713f0c9cb58ac2fbf90214b00231eed3caf8dc24a36d1ca09a2,B,5000000,915000000,1000,2,False,True,1.2361401935084941,5.9332816982321,0.3712335420208489,226.0845567138555,244.7417363524437,ANT1 ANT2 ANT4 ANT8 ANT7 ANT5,,,60,60,0,True,True,0.0,0.38843972076343275,False
block-20260911T182851799643Z,/srv/bulk/samteway/lab-data/tracking-5ms-full-20260911-v1/captures/block-20260911T182851799643Z-r2-B-200us-20260911T183223.723595Z/run.json,52bb78811b1dd0c91397966bc5f66090c9a74fa1e12d73f7d1bee7791cae6278,B,5000000,915000000,200,2,False,True,1.3841493428813267,6.597390857816085,0.6393493817799569,277.4174290825613,289.1935972846113,ANT1 ANT2 ANT4 ANT8 ANT7 ANT5,,,60,60,0,True,True,0.0,0.5569011482223313,False
block-20260911T182851799643Z,/srv/bulk/samteway/lab-data/tracking-5ms-full-20260911-v1/captures/block-20260911T182851799643Z-r2-A-1000us-control-20260911T183239.972773Z/run.json,66e7506c189cb1ca71c6ee3b33399b224f31ce4d3eecebf3aeecb33697bccce1,A,2000000,915000000,1000,2,True,True,1.4651923926907942,1.7681959054408336,0.1991992929098405,125.16305778020372,127.79143088264391,ANT1 ANT2 ANT4 ANT8 ANT7 ANT5,,,60,60,0,True,True,0.0,0.274209723062917,False
block-20260911T182851799643Z,/srv/bulk/samteway/lab-data/tracking-5ms-full-20260911-v1/captures/block-20260911T182851799643Z-r3-B-1000us-20260911T183249.720906Z/run.json,04c591e5d61bfbbf5ab3ae07e63608ba5f60da8ac668e8f5fd87552e21f97e52,B,5000000,915000000,1000,3,False,True,1.5854349288720349,5.120973641058761,0.8567642281441358,230.13463931468627,234.9219637340866,ANT1 ANT2 ANT4 ANT8 ANT7 ANT5,,,60,60,0,True,True,0.0,0.4118682030300255,False
block-20260911T182851799643Z,/srv/bulk/samteway/lab-data/tracking-5ms-full-20260911-v1/captures/block-20260911T182851799643Z-r3-A-1000us-control-20260911T183301.286086Z/run.json,5507ac8e7d4f38ef0ed5e29a93d64d7f02c191784efd1edecb9985eebcac2e4e,A,2000000,915000000,1000,3,True,True,1.5069094016366418,2.7486361726774877,0.23743315021814,125.0372476526536,127.45266121346503,ANT1 ANT2 ANT4 ANT8 ANT7 ANT5,,,60,60,0,True,True,0.0,0.40643692280888444,False
block-20260911T182851799643Z,/srv/bulk/samteway/lab-data/tracking-5ms-full-20260911-v1/captures/block-20260911T182851799643Z-r3-A-200us-control-20260911T183315.941722Z/run.json,3f86be3069fc8890aea5c46482b58ae463192e091b4b3af8be97ce96d0c9cfbb,A,2000000,915000000,200,3,True,True,1.576566118138705,1.7999570086598755,0.17991359164387075,158.43364475682998,168.9108139486052,ANT1 ANT2 ANT4 ANT8 ANT7 ANT5,,,60,60,0,True,True,0.0,0.4341338759222156,False
block-20260911T182851799643Z,/srv/bulk/samteway/lab-data/tracking-5ms-full-20260911-v1/captures/block-20260911T182851799643Z-r3-B-200us-20260911T183325.540189Z/run.json,aa4f01c608ffc04ae4c4ba212b853142b903b4d2f838c4ca68765e18118b8591,B,5000000,915000000,200,3,False,True,1.3481270091612991,1.0787625222613733,0.374980256019793,285.5794265555839,298.3997686300427,ANT1 ANT2 ANT4 ANT8 ANT7 ANT5,,,60,60,0,True,True,0.0,0.5505521218960061,False
block-20260911T183613359169Z,/srv/bulk/samteway/lab-data/tracking-5ms-full-20260911-v1/captures/block-20260911T183613359169Z-r1-D-1000us-20260911T183819.137500Z/run.json,2b0f9028116f91f626de042d8b47ef0d8c632a64a84dfcfb0f41ec23620fca17,D,5000000,2475000000,1000,1,False,False,19.72763748365729,62.64780023317136,9.712803598891746,853.0820552414904,868.30915492028,ANT1 ANT2 ANT4 ANT8 ANT7 ANT5,,,60,60,0,True,True,0.0,14.509795121184396,False
block-20260911T183613359169Z,/srv/bulk/samteway/lab-data/tracking-5ms-full-20260911-v1/captures/block-20260911T183613359169Z-r1-D-50us-20260911T183835.215771Z/run.json,79682341f12d5399148b103cf2d30ab52c7e64f4fa3d63e0e117ae74424d0ec7,D,5000000,2475000000,50,1,False,False,3.203832519003373,64.91056965071884,11.101820113879711,488.5745314725985,504.64317384175956,ANT1 ANT2 ANT4 ANT8 ANT7 ANT5,,,60,60,0,True,True,0.0,3.7584604234985894,False
block-20260911T183613359169Z,/srv/bulk/samteway/lab-data/tracking-5ms-full-20260911-v1/captures/block-20260911T183613359169Z-r1-D-25us-20260911T183850.809086Z/run.json,365a941f84cb01d76c0e122234904a4c8080b8a3c89e3ebc8a289242b5acf44d,D,5000000,2475000000,25,1,False,False,90.39043465052836,146.08760758764802,11.905795331844198,504.7957560008702,521.6194764594547,ANT1 ANT2 ANT4 ANT8 ANT7 ANT5,,,60,60,0,True,True,0.0,89.06752214234278,False
block-20260911T183613359169Z,/srv/bulk/samteway/lab-data/tracking-5ms-full-20260911-v1/captures/block-20260911T183613359169Z-r1-A-200us-control-20260911T183907.323058Z/run.json,025ded04f98b0ba61c03c98c02b0ee3fed3df7e085deaa51349a3b57d0161a93,A,2000000,2475000000,200,1,True,False,1.8846882754612948,11.529514697551846,5.73684933772649,376.1519667808898,389.60129666374996,ANT1 ANT2 ANT4 ANT8 ANT7 ANT5,,,60,60,0,True,True,0.0,1.5081031150648998,False
block-20260911T183613359169Z,/srv/bulk/samteway/lab-data/tracking-5ms-full-20260911-v1/captures/block-20260911T183613359169Z-r1-D-200us-20260911T183916.767210Z/run.json,c049754b953eb188181e1d22fe16892ae2fcaf3b29275084ad7c25b263f0250c,D,5000000,2475000000,200,1,False,False,2.490528094920993,64.3044721178065,8.61772386020606,482.8431556855018,498.4700912842527,ANT1 ANT2 ANT4 ANT8 ANT7 ANT5,,,60,60,0,True,True,0.0,2.1837309137455,False
block-20260911T183613359169Z,/srv/bulk/samteway/lab-data/tracking-5ms-full-20260911-v1/captures/block-20260911T183613359169Z-r1-D-100us-20260911T183932.298625Z/run.json,8df9dfd10994677e4e5f57b3b403dfa57082e78b544d6182c2096f274a1ea3f1,D,5000000,2475000000,100,1,False,False,4.0498306113617115,64.12014977667181,8.55814992326292,471.91346040926874,491.31360130850226,ANT1 ANT2 ANT4 ANT8 ANT7 ANT5,,,60,60,0,True,True,0.0,3.5861063624911194,False
block-20260911T183613359169Z,/srv/bulk/samteway/lab-data/tracking-5ms-full-20260911-v1/captures/block-20260911T183613359169Z-r1-A-1000us-control-20260911T183947.661560Z/run.json,c1ecc16461e609b97e8ed4091240d5646f64234fa1c42ca3bc1feb3d3a97f2ed,A,2000000,2475000000,1000,1,True,False,5.703844858030414,9.70190454808854,6.052512498938861,752.8103422334729,776.8657990032807,ANT1 ANT2 ANT4 ANT8 ANT7 ANT5,,,60,60,0,True,True,0.0,10.805937566659704,False
block-20260911T183613359169Z,/srv/bulk/samteway/lab-data/tracking-5ms-full-20260911-v1/captures/block-20260911T183613359169Z-r2-D-25us-20260911T184002.122695Z/run.json,5d38857052c968b0896ad85ae486f7185d921c57775109f032d55eff31634b58,D,5000000,2475000000,25,2,False,False,102.13818877719685,168.65011383350517,19.224691205498456,444.6500132791698,470.20838741445914,ANT1 ANT2 ANT4 ANT8 ANT7 ANT5,,,60,60,0,True,True,0.0,89.91177318158218,False
block-20260911T183613359169Z,/srv/bulk/samteway/lab-data/tracking-5ms-full-20260911-v1/captures/block-20260911T183613359169Z-r2-D-50us-20260911T184017.938224Z/run.json,8b8e5311c2a8fe0041fde5086bcd75a7548256492d716765fc5a1780f836452e,D,5000000,2475000000,50,2,False,False,35.21030360394416,70.34840495869942,11.81093034717252,436.2448850025733,455.19616063684225,ANT1 ANT2 ANT4 ANT8 ANT7 ANT5,,,60,60,0,True,True,0.0,14.486548509808536,False
block-20260911T183613359169Z,/srv/bulk/samteway/lab-data/tracking-5ms-full-20260911-v1/captures/block-20260911T183613359169Z-r2-A-1000us-control-20260911T184033.242530Z/run.json,7b95237233626264be4911a8ef1723f5ef05a74bcaf9c24080466cb12d9d12df,A,2000000,2475000000,1000,2,True,False,,,,,,ANT1 ANT2 ANT4 ANT8 ANT7 ANT5,,autonomous C6 harmonic frequency estimates are inconsistent,60,0,0,False,False,,,
block-20260911T183613359169Z,/srv/bulk/samteway/lab-data/tracking-5ms-full-20260911-v1/captures/block-20260911T183613359169Z-r2-D-100us-20260911T184047.618420Z/run.json,5bbe08477a626caaf2b718b7ffd89549c5fce7d276e182abdaefd913777a7704,D,5000000,2475000000,100,2,False,False,52.32525695460511,76.81480196084509,9.279861752166626,457.14986114762723,483.2394167780876,ANT1 ANT2 ANT4 ANT8 ANT7 ANT5,,,60,60,0,True,True,0.0,48.60153877023752,False
block-20260911T183613359169Z,/srv/bulk/samteway/lab-data/tracking-5ms-full-20260911-v1/captures/block-20260911T183613359169Z-r2-D-1000us-20260911T184103.234449Z/run.json,a3a9ca0a2a0af2f57111be31976105692162d8dc2921e91bd681148a0b54fb9f,D,5000000,2475000000,1000,2,False,False,6.3332764861351025,66.07567772380149,8.275337151116823,890.7273657581148,909.9567016703077,ANT1 ANT2 ANT4 ANT8 ANT7 ANT5,,,60,60,0,True,True,0.0,9.6228147206219,False
block-20260911T183613359169Z,/srv/bulk/samteway/lab-data/tracking-5ms-full-20260911-v1/captures/block-20260911T183613359169Z-r2-A-200us-control-20260911T184119.184077Z/run.json,f339d1094aaf60d3cbd8a4d44ed295a6ab1d43a640ec393bf5825bc2ea889802,A,2000000,2475000000,200,2,True,False,4.153614661307834,14.88701496194667,5.5641499561837815,408.71670669487986,421.2613524054177,ANT1 ANT2 ANT4 ANT8 ANT7 ANT5,,,60,60,0,True,True,0.0,5.349118606867999,False
block-20260911T183613359169Z,/srv/bulk/samteway/lab-data/tracking-5ms-full-20260911-v1/captures/block-20260911T183613359169Z-r2-D-200us-20260911T184128.110804Z/run.json,bebbbb951b6734f86d7f6f511d0cbf2f49ddb15632eb45c11927675a07e4bfe2,D,5000000,2475000000,200,2,False,False,,,,479.42003323696554,536.7255747900344,ANT1 ANT2 ANT4 ANT8 ANT7 ANT5,,,60,60,11,True,False,,,
block-20260911T183613359169Z,/srv/bulk/samteway/lab-data/tracking-5ms-full-20260911-v1/captures/block-20260911T183613359169Z-r3-D-100us-20260911T184143.943430Z/run.json,d19dff67e93e640af8263f460ca46e2727bd89240d8513dddc3bc8265a6778f4,D,5000000,2475000000,100,3,False,False,51.11947930610453,66.61183167077193,8.110949073114586,493.61793952605996,512.4351287027821,ANT1 ANT2 ANT4 ANT8 ANT7 ANT5,,,60,60,0,True,True,0.0,72.40071049962611,False
block-20260911T183613359169Z,/srv/bulk/samteway/lab-data/tracking-5ms-full-20260911-v1/captures/block-20260911T183613359169Z-r3-A-200us-control-20260911T184159.627499Z/run.json,9dffbeff7cc5593acc23381658fa5932d64eafaa5ce83404c0460b1c5f5b7dbe,A,2000000,2475000000,200,3,True,False,18.73209350345175,15.867116520194932,2.827717852440297,414.472650604633,428.17612478975207,ANT1 ANT2 ANT4 ANT8 ANT7 ANT5,,,60,60,0,True,True,0.0,26.961033973663262,False
block-20260911T183613359169Z,/srv/bulk/samteway/lab-data/tracking-5ms-full-20260911-v1/captures/block-20260911T183613359169Z-r3-D-1000us-20260911T184214.160241Z/run.json,468278c55d2ddb4f95ae0d5081b4859e850ee7baddf8c9bf31d6f65ac0f7eae9,D,5000000,2475000000,1000,3,False,False,4.0880473857900075,63.496040744638115,8.388425955932577,929.4644544910019,952.6056724367662,ANT1 ANT2 ANT4 ANT8 ANT7 ANT5,,,60,60,0,True,True,0.0,3.7185902080620954,False
block-20260911T183613359169Z,/srv/bulk/samteway/lab-data/tracking-5ms-full-20260911-v1/captures/block-20260911T183613359169Z-r3-D-25us-20260911T184230.874129Z/run.json,5957239ec7a604c37d6eddedab829d1bd792fd9fa33b9035e72242406adcf696,D,5000000,2475000000,25,3,False,False,54.12637400657389,67.12488891082492,17.33144174172225,493.87854616312933,555.4745788918808,ANT1 ANT2 ANT4 ANT8 ANT7 ANT5,,,60,60,0,True,True,0.0,50.96075053827279,False
block-20260911T183613359169Z,/srv/bulk/samteway/lab-data/tracking-5ms-full-20260911-v1/captures/block-20260911T183613359169Z-r3-A-1000us-control-20260911T184247.665824Z/run.json,fc2291d959091e2cdf08220ce4df31207a9536c6d7c284c24570da9694b0c209,A,2000000,2475000000,1000,3,True,False,1.2655462273901161,14.640986033539345,6.058693617010381,733.896838237221,759.666620742064,ANT1 ANT2 ANT4 ANT8 ANT7 ANT5,,,60,60,0,True,True,0.0,1.3632770471610498,False
block-20260911T183613359169Z,/srv/bulk/samteway/lab-data/tracking-5ms-full-20260911-v1/captures/block-20260911T183613359169Z-r3-D-50us-20260911T184302.101757Z/run.json,c60017dd9fa3a11cb218081522f815f9c866708d9ee9fd1b571861c6d4e463e7,D,5000000,2475000000,50,3,False,False,81.86209595628033,154.98052993669958,24.94750867568652,478.88694625968736,503.2109934021719,ANT1 ANT2 ANT4 ANT8 ANT7 ANT5,,,60,60,0,True,True,0.0,60.0596459176665,False
block-20260911T183613359169Z,/srv/bulk/samteway/lab-data/tracking-5ms-full-20260911-v1/captures/block-20260911T183613359169Z-r3-D-200us-20260911T184318.156551Z/run.json,c7a3e4af5e91352425f9420084ede577732faee38c5d6c4d74bf1a4cef492143,D,5000000,2475000000,200,3,False,False,7.9428702639993904,65.95781117190914,8.458733320560679,499.24216168001294,509.7101239138283,ANT1 ANT2 ANT4 ANT8 ANT7 ANT5,,,60,60,0,True,True,0.0,12.30190872762218,False
block-20260911T184646814791Z,/srv/bulk/samteway/lab-data/tracking-5ms-full-20260911-v1/captures/block-20260911T184646814791Z-r1-B-1000us-20260911T184855.512062Z/run.json,39833a2bd8c022c2c45fa5b08d4a4261370e9fb33de22e2472feea4add907224,B,5000000,2475000000,1000,1,False,False,,,,572.0319891891753,949.1314388462342,ANT1 ANT2 ANT4 ANT8 ANT5,ANT7,,60,60,30,True,False,,,
block-20260911T184646814791Z,/srv/bulk/samteway/lab-data/tracking-5ms-full-20260911-v1/captures/block-20260911T184646814791Z-r1-B-50us-20260911T184911.894966Z/run.json,c14f46ce2d9f189aa8c94e323abb4f2f9373770e71a2e46e9f2e5c4bec45e9e6,B,5000000,2475000000,50,1,False,False,15.141943888249351,22.635925176636608,2.7531383878996865,529.5333921870528,615.7653757603839,ANT1 ANT2 ANT4 ANT8 ANT5,ANT7,,60,60,0,True,True,0.0,14.577035797323953,False
block-20260911T184646814791Z,/srv/bulk/samteway/lab-data/tracking-5ms-full-20260911-v1/captures/block-20260911T184646814791Z-r1-B-25us-20260911T184927.432366Z/run.json,b37d6a03ab33a33ee34a2fbc89cbee0ac3e4d37e51e05bdda887e407da1e12f9,B,5000000,2475000000,25,1,False,False,96.99827250060096,166.171751185724,27.583488317440047,467.5312781124376,527.4435243452899,ANT1 ANT2 ANT4 ANT8 ANT5,ANT7,,60,60,0,True,True,0.0,84.74859130571024,False
block-20260911T184646814791Z,/srv/bulk/samteway/lab-data/tracking-5ms-full-20260911-v1/captures/block-20260911T184646814791Z-r1-A-200us-control-20260911T184942.777596Z/run.json,760ba2aaf764306774f99d14949c75e0bf0e2db6696063ea579db5b215be4218,A,2000000,2475000000,200,1,True,False,49.894793434421125,128.38706013979552,17.85908981012663,471.07803527032956,1025.933015544433,ANT1 ANT2 ANT4 ANT8 ANT5,ANT7,,60,60,0,True,True,0.0,50.40499724966232,False
block-20260911T184646814791Z,/srv/bulk/samteway/lab-data/tracking-5ms-full-20260911-v1/captures/block-20260911T184646814791Z-r1-B-200us-20260911T184951.717209Z/run.json,40bfb2a53006470f70d74d4037b4e7306d2ee6cd4a10f7fd2c1c924c78f6f3d6,B,5000000,2475000000,200,1,False,False,2.8125663110752335,26.195280542754418,1.4737370673031664,572.842838060266,979.998161096591,ANT1 ANT2 ANT4 ANT8 ANT5,ANT7,,60,60,0,True,True,0.0,1.639910237495087,False
block-20260911T184646814791Z,/srv/bulk/samteway/lab-data/tracking-5ms-full-20260911-v1/captures/block-20260911T184646814791Z-r1-B-100us-20260911T185007.536715Z/run.json,7a24afdaf61e6c5667e6a497f7a3356a2c59db2f20a3a53fbbc4057bd66372e1,B,5000000,2475000000,100,1,False,False,66.68358279762025,23.275127656270918,6.405780632898623,550.7138690251546,899.4267424801361,ANT1 ANT2 ANT4 ANT8 ANT5,ANT7,,60,60,0,True,True,0.0,60.683644034165454,False
block-20260911T184646814791Z,/srv/bulk/samteway/lab-data/tracking-5ms-full-20260911-v1/captures/block-20260911T184646814791Z-r1-A-1000us-control-20260911T185022.991728Z/run.json,aef432c410f114b0e5703f47c4fff1976b2765c0dd7561509bce49beb345f896,A,2000000,2475000000,1000,1,True,False,81.16359227993259,124.02844951271729,19.083265783691928,777.6337893524518,829.7285643406212,ANT1 ANT2 ANT4 ANT8 ANT5,ANT7,,60,60,0,True,True,0.0,89.72614509800316,False
block-20260911T184646814791Z,/srv/bulk/samteway/lab-data/tracking-5ms-full-20260911-v1/captures/block-20260911T184646814791Z-r2-B-25us-20260911T185037.676230Z/run.json,29c910411237a26bd22fe7e6d2ee34bba523548347aa0901e2dbc6542d438026,B,5000000,2475000000,25,2,False,False,25.044475662196344,28.490301901396744,5.032036257720157,524.974062119145,572.49080108013,ANT1 ANT2 ANT4 ANT8 ANT5,ANT7,,60,60,0,True,True,0.0,37.27652934811941,False
block-20260911T184646814791Z,/srv/bulk/samteway/lab-data/tracking-5ms-full-20260911-v1/captures/block-20260911T184646814791Z-r2-B-50us-20260911T185053.203358Z/run.json,901d74c01c8e6f5ff7465697c951a9d1a1271c707764eca5672b3017095342fe,B,5000000,2475000000,50,2,False,False,85.85925933890185,47.98686389603126,15.66339529604593,454.8051764334862,483.6432166979648,ANT1 ANT2 ANT4 ANT8 ANT5,ANT7,,60,60,0,True,True,0.0,82.87424386913699,False
block-20260911T184646814791Z,/srv/bulk/samteway/lab-data/tracking-5ms-full-20260911-v1/captures/block-20260911T184646814791Z-r2-A-1000us-control-20260911T185108.803297Z/run.json,3dd298828a8a2ddffe898157ad4de6d0d1d523eae81d63ebdcef27e0dedab957,A,2000000,2475000000,1000,2,True,False,55.89324917420011,130.32104129025683,11.414455299146091,727.6591449704332,782.1873833425343,ANT1 ANT2 ANT4 ANT8 ANT5,ANT7,,60,60,0,True,True,0.0,76.29552490981905,False
block-20260911T184646814791Z,/srv/bulk/samteway/lab-data/tracking-5ms-full-20260911-v1/captures/block-20260911T184646814791Z-r2-B-100us-20260911T185123.064422Z/run.json,dc65ce8c9f345eb09170e163b551f809c403b89dcde902deec3fe3ee3e777b01,B,5000000,2475000000,100,2,False,False,2.5266545110285694,27.039022339531524,1.6390616508473932,465.9497194069748,487.4869804712944,ANT1 ANT2 ANT4 ANT8 ANT5,ANT7,,60,60,0,True,True,0.0,2.163619654275117,False
block-20260911T184646814791Z,/srv/bulk/samteway/lab-data/tracking-5ms-full-20260911-v1/captures/block-20260911T184646814791Z-r2-B-1000us-20260911T185139.035326Z/run.json,557c5cd1a618c1354757b5ffd7e7f5bb231454bf413defedd7e640aee51c79a6,B,5000000,2475000000,1000,2,False,False,5.882818070567877,26.25097353692392,1.68736635311387,838.0401343960935,872.5773399579339,ANT1 ANT2 ANT4 ANT8 ANT5,ANT7,,60,60,0,True,True,0.0,21.910039211630174,False
block-20260911T184646814791Z,/srv/bulk/samteway/lab-data/tracking-5ms-full-20260911-v1/captures/block-20260911T184646814791Z-r2-A-200us-control-20260911T185154.265227Z/run.json,454f5d227a6b49d0e308f324e401f94680ff852caeda28c5d30cffb7659cd591,A,2000000,2475000000,200,2,True,False,30.59047668761818,109.1347465451966,4.287097684214976,380.8558494163056,401.0343706700951,ANT1 ANT2 ANT4 ANT8 ANT5,ANT7,,60,60,0,True,True,0.0,28.98837583229031,False
block-20260911T184646814791Z,/srv/bulk/samteway/lab-data/tracking-5ms-full-20260911-v1/captures/block-20260911T184646814791Z-r2-B-200us-20260911T185203.258943Z/run.json,87b4789fe399437c3f8108eab421e4f484b81056326bb890a339ae6f52eb8de5,B,5000000,2475000000,200,2,False,False,0.7299401080910629,25.538078228771997,1.2685799225329988,534.7327502832437,546.5623084106483,ANT1 ANT2 ANT4 ANT8 ANT5,ANT7,,60,60,0,True,True,0.0,0.7070576748503644,False
block-20260911T184646814791Z,/srv/bulk/samteway/lab-data/tracking-5ms-full-20260911-v1/captures/block-20260911T184646814791Z-r3-B-100us-20260911T185218.994264Z/run.json,7df625107d4323e5ce759bce5d2d56468d577297681dc019f6d8fe5464ce35e4,B,5000000,2475000000,100,3,False,False,2.560100469030383,25.085937996594367,2.067113438291011,512.2342665679753,538.1877378327772,ANT1 ANT2 ANT4 ANT8 ANT5,ANT7,,60,60,0,True,True,0.0,3.2127437379646193,False
block-20260911T184646814791Z,/srv/bulk/samteway/lab-data/tracking-5ms-full-20260911-v1/captures/block-20260911T184646814791Z-r3-A-200us-control-20260911T185234.458334Z/run.json,7bbd8feb360b8f7f239ce3a897713a6753b251e0e73bfe76231485a68b08580c,A,2000000,2475000000,200,3,True,False,80.69382238219288,115.78061651310051,18.397246576464173,410.9371292443636,423.5388932283968,ANT1 ANT2 ANT4 ANT8 ANT5,ANT7,,60,60,0,True,True,0.0,72.75493433441667,False
block-20260911T184646814791Z,/srv/bulk/samteway/lab-data/tracking-5ms-full-20260911-v1/captures/block-20260911T184646814791Z-r3-B-1000us-20260911T185249.113443Z/run.json,6acccb73c762cb435c69e0f9a0218c8431d360721287d809a7cfa234af9f2210,B,5000000,2475000000,1000,3,False,False,1.4730950582889546,25.77619476326442,1.2598912526385495,906.3631299960738,919.5945401326753,ANT1 ANT2 ANT4 ANT8 ANT5,ANT7,,60,60,0,True,True,0.0,1.5968720185500807,False
block-20260911T184646814791Z,/srv/bulk/samteway/lab-data/tracking-5ms-full-20260911-v1/captures/block-20260911T184646814791Z-r3-B-25us-20260911T185304.914064Z/run.json,59d08015c6d16814153ea32fe3902c14300c8e1df8a79546f5321a3aa73c7fb2,B,5000000,2475000000,25,3,False,False,15.623850351410463,26.808404280403444,4.193403005477197,512.0936684232826,538.7688992894255,ANT1 ANT2 ANT4 ANT8 ANT5,ANT7,,60,60,0,True,True,0.0,18.264317862495304,False
block-20260911T184646814791Z,/srv/bulk/samteway/lab-data/tracking-5ms-full-20260911-v1/captures/block-20260911T184646814791Z-r3-A-1000us-control-20260911T185320.375869Z/run.json,cab433abe3975dedb0e1d332d849aa9e83c52462ffeed9ed2aa8468ecf075b1d,A,2000000,2475000000,1000,3,True,False,74.9271622384326,171.4782015458532,22.100535576015762,755.0913630208621,788.7175807729363,ANT1 ANT2 ANT4 ANT8 ANT5,ANT7,,60,60,0,True,True,0.0,77.67085615991117,False
block-20260911T184646814791Z,/srv/bulk/samteway/lab-data/tracking-5ms-full-20260911-v1/captures/block-20260911T184646814791Z-r3-B-50us-20260911T185335.074649Z/run.json,6eb8454b059957b5a6a25bf93ec8e1e47407b8ee1f413ee3509db672c3a51f15,B,5000000,2475000000,50,3,False,False,21.361617602616132,29.699327635191135,3.8682849506080625,444.4918228158106,478.9108658093028,ANT1 ANT2 ANT4 ANT8 ANT5,ANT7,,60,60,0,True,True,0.0,19.86378699505982,False
block-20260911T184646814791Z,/srv/bulk/samteway/lab-data/tracking-5ms-full-20260911-v1/captures/block-20260911T184646814791Z-r3-B-200us-20260911T185351.034518Z/run.json,72fd3bf19c638b953e997c31fb801d737c19f67da84c2c8f0ca360d7e5b21682,B,5000000,2475000000,200,3,False,False,3.0894808009650467,24.92576978574268,1.502452270343174,446.0830096077795,457.19829673180357,ANT1 ANT2 ANT4 ANT8 ANT5,ANT7,,60,60,0,True,True,0.0,1.7653886975316222,False
