frequency_hz,allocation_hz,status,completed_calibration,fresh_diagnostic_capture_count
2400000000,"[2400000000, 2500000000]",excluded_occupied_signal_margin,False,0
2401000000,"[2400000000, 2500000000]",pending_measurement,False,0
2402000000,"[2400000000, 2500000000]",pending_measurement,False,0
2403000000,"[2400000000, 2500000000]",pending_measurement,False,0
2404000000,"[2400000000, 2500000000]",pending_measurement,False,0
2405000000,"[2400000000, 2500000000]",pending_measurement,False,0
2406000000,"[2400000000, 2500000000]",pending_measurement,False,0
2407000000,"[2400000000, 2500000000]",pending_measurement,False,0
2408000000,"[2400000000, 2500000000]",pending_measurement,False,0
2409000000,"[2400000000, 2500000000]",pending_measurement,False,0
2410000000,"[2400000000, 2500000000]",pending_measurement,False,0
2411000000,"[2400000000, 2500000000]",pending_measurement,False,0
2412000000,"[2400000000, 2500000000]",pending_measurement,False,0
2413000000,"[2400000000, 2500000000]",pending_measurement,False,0
2414000000,"[2400000000, 2500000000]",pending_measurement,False,0
2415000000,"[2400000000, 2500000000]",pending_measurement,False,0
2416000000,"[2400000000, 2500000000]",pending_measurement,False,0
2417000000,"[2400000000, 2500000000]",pending_measurement,False,0
2418000000,"[2400000000, 2500000000]",pending_measurement,False,0
2419000000,"[2400000000, 2500000000]",pending_measurement,False,0
2420000000,"[2400000000, 2500000000]",pending_measurement,False,0
2421000000,"[2400000000, 2500000000]",pending_measurement,False,0
2422000000,"[2400000000, 2500000000]",pending_measurement,False,0
2423000000,"[2400000000, 2500000000]",pending_measurement,False,0
2424000000,"[2400000000, 2500000000]",pending_measurement,False,0
2425000000,"[2400000000, 2500000000]",pending_measurement,False,0
2426000000,"[2400000000, 2500000000]",pending_measurement,False,0
2427000000,"[2400000000, 2500000000]",pending_measurement,False,0
2428000000,"[2400000000, 2500000000]",pending_measurement,False,0
2429000000,"[2400000000, 2500000000]",pending_measurement,False,0
2430000000,"[2400000000, 2500000000]",pending_measurement,False,0
2431000000,"[2400000000, 2500000000]",pending_measurement,False,0
2432000000,"[2400000000, 2500000000]",pending_measurement,False,0
2433000000,"[2400000000, 2500000000]",pending_measurement,False,0
2434000000,"[2400000000, 2500000000]",pending_measurement,False,0
2435000000,"[2400000000, 2500000000]",pending_measurement,False,0
2436000000,"[2400000000, 2500000000]",pending_measurement,False,0
2437000000,"[2400000000, 2500000000]",pending_measurement,False,0
2438000000,"[2400000000, 2500000000]",pending_measurement,False,0
2439000000,"[2400000000, 2500000000]",pending_measurement,False,0
2440000000,"[2400000000, 2500000000]",pending_measurement,False,0
2441000000,"[2400000000, 2500000000]",pending_measurement,False,0
2442000000,"[2400000000, 2500000000]",pending_measurement,False,0
2443000000,"[2400000000, 2500000000]",pending_measurement,False,0
2444000000,"[2400000000, 2500000000]",pending_measurement,False,0
2445000000,"[2400000000, 2500000000]",pending_measurement,False,0
2446000000,"[2400000000, 2500000000]",pending_measurement,False,0
2447000000,"[2400000000, 2500000000]",pending_measurement,False,0
2448000000,"[2400000000, 2500000000]",pending_measurement,False,0
2449000000,"[2400000000, 2500000000]",pending_measurement,False,0
2450000000,"[2400000000, 2500000000]",pending_measurement,False,37
2451000000,"[2400000000, 2500000000]",pending_measurement,False,0
2452000000,"[2400000000, 2500000000]",pending_measurement,False,0
2453000000,"[2400000000, 2500000000]",pending_measurement,False,0
2454000000,"[2400000000, 2500000000]",pending_measurement,False,0
2455000000,"[2400000000, 2500000000]",pending_measurement,False,0
2456000000,"[2400000000, 2500000000]",pending_measurement,False,0
2457000000,"[2400000000, 2500000000]",pending_measurement,False,0
2458000000,"[2400000000, 2500000000]",pending_measurement,False,0
2459000000,"[2400000000, 2500000000]",pending_measurement,False,0
2460000000,"[2400000000, 2500000000]",pending_measurement,False,0
2461000000,"[2400000000, 2500000000]",pending_measurement,False,0
2462000000,"[2400000000, 2500000000]",pending_measurement,False,0
2463000000,"[2400000000, 2500000000]",pending_measurement,False,0
2464000000,"[2400000000, 2500000000]",pending_measurement,False,0
2465000000,"[2400000000, 2500000000]",pending_measurement,False,0
2466000000,"[2400000000, 2500000000]",pending_measurement,False,0
2467000000,"[2400000000, 2500000000]",pending_measurement,False,0
2468000000,"[2400000000, 2500000000]",pending_measurement,False,0
2469000000,"[2400000000, 2500000000]",pending_measurement,False,0
2470000000,"[2400000000, 2500000000]",pending_measurement,False,0
2471000000,"[2400000000, 2500000000]",pending_measurement,False,0
2472000000,"[2400000000, 2500000000]",pending_measurement,False,0
2473000000,"[2400000000, 2500000000]",pending_measurement,False,0
2474000000,"[2400000000, 2500000000]",pending_measurement,False,0
2475000000,"[2400000000, 2500000000]",pending_measurement,False,4
2476000000,"[2400000000, 2500000000]",pending_measurement,False,0
2477000000,"[2400000000, 2500000000]",pending_measurement,False,0
2478000000,"[2400000000, 2500000000]",pending_measurement,False,0
2479000000,"[2400000000, 2500000000]",pending_measurement,False,0
2480000000,"[2400000000, 2500000000]",pending_measurement,False,0
2481000000,"[2400000000, 2500000000]",pending_measurement,False,0
2482000000,"[2400000000, 2500000000]",pending_measurement,False,0
2483000000,"[2400000000, 2500000000]",excluded_authorization,False,0
2484000000,"[2400000000, 2500000000]",excluded_authorization,False,0
2485000000,"[2400000000, 2500000000]",excluded_authorization,False,0
2486000000,"[2400000000, 2500000000]",excluded_authorization,False,0
2487000000,"[2400000000, 2500000000]",excluded_authorization,False,0
2488000000,"[2400000000, 2500000000]",excluded_authorization,False,0
2489000000,"[2400000000, 2500000000]",excluded_authorization,False,0
2490000000,"[2400000000, 2500000000]",excluded_authorization,False,0
2491000000,"[2400000000, 2500000000]",excluded_authorization,False,0
2492000000,"[2400000000, 2500000000]",excluded_authorization,False,0
2493000000,"[2400000000, 2500000000]",excluded_authorization,False,0
2494000000,"[2400000000, 2500000000]",excluded_authorization,False,0
2495000000,"[2400000000, 2500000000]",excluded_authorization,False,0
2496000000,"[2400000000, 2500000000]",excluded_authorization,False,0
2497000000,"[2400000000, 2500000000]",excluded_authorization,False,0
2498000000,"[2400000000, 2500000000]",excluded_authorization,False,0
2499000000,"[2400000000, 2500000000]",excluded_authorization,False,0
2500000000,"[2400000000, 2500000000]",excluded_occupied_signal_margin,False,0
5725000000,"[5725000000, 5875000000]",excluded_occupied_signal_margin,False,0
5726000000,"[5725000000, 5875000000]",pending_measurement,False,0
5727000000,"[5725000000, 5875000000]",pending_measurement,False,0
5728000000,"[5725000000, 5875000000]",pending_measurement,False,0
5729000000,"[5725000000, 5875000000]",pending_measurement,False,0
5730000000,"[5725000000, 5875000000]",pending_measurement,False,0
5731000000,"[5725000000, 5875000000]",pending_measurement,False,0
5732000000,"[5725000000, 5875000000]",pending_measurement,False,0
5733000000,"[5725000000, 5875000000]",pending_measurement,False,0
5734000000,"[5725000000, 5875000000]",pending_measurement,False,0
5735000000,"[5725000000, 5875000000]",pending_measurement,False,0
5736000000,"[5725000000, 5875000000]",pending_measurement,False,0
5737000000,"[5725000000, 5875000000]",pending_measurement,False,0
5738000000,"[5725000000, 5875000000]",pending_measurement,False,0
5739000000,"[5725000000, 5875000000]",pending_measurement,False,0
5740000000,"[5725000000, 5875000000]",pending_measurement,False,0
5741000000,"[5725000000, 5875000000]",pending_measurement,False,0
5742000000,"[5725000000, 5875000000]",pending_measurement,False,0
5743000000,"[5725000000, 5875000000]",pending_measurement,False,0
5744000000,"[5725000000, 5875000000]",pending_measurement,False,0
5745000000,"[5725000000, 5875000000]",pending_measurement,False,0
5746000000,"[5725000000, 5875000000]",pending_measurement,False,0
5747000000,"[5725000000, 5875000000]",pending_measurement,False,0
5748000000,"[5725000000, 5875000000]",pending_measurement,False,0
5749000000,"[5725000000, 5875000000]",pending_measurement,False,0
5750000000,"[5725000000, 5875000000]",pending_measurement,False,0
5751000000,"[5725000000, 5875000000]",pending_measurement,False,0
5752000000,"[5725000000, 5875000000]",pending_measurement,False,0
5753000000,"[5725000000, 5875000000]",pending_measurement,False,0
5754000000,"[5725000000, 5875000000]",pending_measurement,False,0
5755000000,"[5725000000, 5875000000]",pending_measurement,False,0
5756000000,"[5725000000, 5875000000]",pending_measurement,False,0
5757000000,"[5725000000, 5875000000]",pending_measurement,False,0
5758000000,"[5725000000, 5875000000]",pending_measurement,False,0
5759000000,"[5725000000, 5875000000]",pending_measurement,False,0
5760000000,"[5725000000, 5875000000]",pending_measurement,False,0
5761000000,"[5725000000, 5875000000]",pending_measurement,False,0
5762000000,"[5725000000, 5875000000]",pending_measurement,False,0
5763000000,"[5725000000, 5875000000]",pending_measurement,False,0
5764000000,"[5725000000, 5875000000]",pending_measurement,False,0
5765000000,"[5725000000, 5875000000]",pending_measurement,False,0
5766000000,"[5725000000, 5875000000]",pending_measurement,False,0
5767000000,"[5725000000, 5875000000]",pending_measurement,False,0
5768000000,"[5725000000, 5875000000]",pending_measurement,False,0
5769000000,"[5725000000, 5875000000]",pending_measurement,False,0
5770000000,"[5725000000, 5875000000]",pending_measurement,False,0
5771000000,"[5725000000, 5875000000]",pending_measurement,False,0
5772000000,"[5725000000, 5875000000]",pending_measurement,False,0
5773000000,"[5725000000, 5875000000]",pending_measurement,False,0
5774000000,"[5725000000, 5875000000]",pending_measurement,False,0
5775000000,"[5725000000, 5875000000]",pending_measurement,False,0
5776000000,"[5725000000, 5875000000]",pending_measurement,False,0
5777000000,"[5725000000, 5875000000]",pending_measurement,False,0
5778000000,"[5725000000, 5875000000]",pending_measurement,False,0
5779000000,"[5725000000, 5875000000]",pending_measurement,False,0
5780000000,"[5725000000, 5875000000]",pending_measurement,False,0
5781000000,"[5725000000, 5875000000]",pending_measurement,False,0
5782000000,"[5725000000, 5875000000]",pending_measurement,False,0
5783000000,"[5725000000, 5875000000]",pending_measurement,False,0
5784000000,"[5725000000, 5875000000]",pending_measurement,False,0
5785000000,"[5725000000, 5875000000]",pending_measurement,False,0
5786000000,"[5725000000, 5875000000]",pending_measurement,False,0
5787000000,"[5725000000, 5875000000]",pending_measurement,False,0
5788000000,"[5725000000, 5875000000]",pending_measurement,False,0
5789000000,"[5725000000, 5875000000]",pending_measurement,False,0
5790000000,"[5725000000, 5875000000]",pending_measurement,False,0
5791000000,"[5725000000, 5875000000]",pending_measurement,False,0
5792000000,"[5725000000, 5875000000]",pending_measurement,False,0
5793000000,"[5725000000, 5875000000]",pending_measurement,False,0
5794000000,"[5725000000, 5875000000]",pending_measurement,False,0
5795000000,"[5725000000, 5875000000]",pending_measurement,False,0
5796000000,"[5725000000, 5875000000]",pending_measurement,False,0
5797000000,"[5725000000, 5875000000]",pending_measurement,False,0
5798000000,"[5725000000, 5875000000]",pending_measurement,False,0
5799000000,"[5725000000, 5875000000]",pending_measurement,False,0
5800000000,"[5725000000, 5875000000]",pending_measurement,False,39
5801000000,"[5725000000, 5875000000]",pending_measurement,False,0
5802000000,"[5725000000, 5875000000]",pending_measurement,False,0
5803000000,"[5725000000, 5875000000]",pending_measurement,False,0
5804000000,"[5725000000, 5875000000]",pending_measurement,False,0
5805000000,"[5725000000, 5875000000]",pending_measurement,False,0
5806000000,"[5725000000, 5875000000]",pending_measurement,False,0
5807000000,"[5725000000, 5875000000]",pending_measurement,False,0
5808000000,"[5725000000, 5875000000]",pending_measurement,False,0
5809000000,"[5725000000, 5875000000]",pending_measurement,False,0
5810000000,"[5725000000, 5875000000]",pending_measurement,False,0
5811000000,"[5725000000, 5875000000]",pending_measurement,False,0
5812000000,"[5725000000, 5875000000]",pending_measurement,False,0
5813000000,"[5725000000, 5875000000]",pending_measurement,False,0
5814000000,"[5725000000, 5875000000]",pending_measurement,False,0
5815000000,"[5725000000, 5875000000]",pending_measurement,False,0
5816000000,"[5725000000, 5875000000]",pending_measurement,False,0
5817000000,"[5725000000, 5875000000]",pending_measurement,False,0
5818000000,"[5725000000, 5875000000]",pending_measurement,False,0
5819000000,"[5725000000, 5875000000]",pending_measurement,False,0
5820000000,"[5725000000, 5875000000]",pending_measurement,False,0
5821000000,"[5725000000, 5875000000]",pending_measurement,False,0
5822000000,"[5725000000, 5875000000]",pending_measurement,False,0
5823000000,"[5725000000, 5875000000]",pending_measurement,False,0
5824000000,"[5725000000, 5875000000]",pending_measurement,False,0
5825000000,"[5725000000, 5875000000]",pending_measurement,False,0
5826000000,"[5725000000, 5875000000]",pending_measurement,False,0
5827000000,"[5725000000, 5875000000]",pending_measurement,False,0
5828000000,"[5725000000, 5875000000]",pending_measurement,False,0
5829000000,"[5725000000, 5875000000]",pending_measurement,False,0
5830000000,"[5725000000, 5875000000]",pending_measurement,False,0
5831000000,"[5725000000, 5875000000]",pending_measurement,False,0
5832000000,"[5725000000, 5875000000]",pending_measurement,False,0
5833000000,"[5725000000, 5875000000]",pending_measurement,False,0
5834000000,"[5725000000, 5875000000]",pending_measurement,False,0
5835000000,"[5725000000, 5875000000]",pending_measurement,False,0
5836000000,"[5725000000, 5875000000]",pending_measurement,False,0
5837000000,"[5725000000, 5875000000]",pending_measurement,False,0
5838000000,"[5725000000, 5875000000]",pending_measurement,False,0
5839000000,"[5725000000, 5875000000]",pending_measurement,False,0
5840000000,"[5725000000, 5875000000]",pending_measurement,False,0
5841000000,"[5725000000, 5875000000]",pending_measurement,False,0
5842000000,"[5725000000, 5875000000]",pending_measurement,False,0
5843000000,"[5725000000, 5875000000]",pending_measurement,False,0
5844000000,"[5725000000, 5875000000]",pending_measurement,False,0
5845000000,"[5725000000, 5875000000]",pending_measurement,False,0
5846000000,"[5725000000, 5875000000]",pending_measurement,False,0
5847000000,"[5725000000, 5875000000]",pending_measurement,False,0
5848000000,"[5725000000, 5875000000]",pending_measurement,False,0
5849000000,"[5725000000, 5875000000]",pending_measurement,False,0
5850000000,"[5725000000, 5875000000]",pending_measurement,False,0
5851000000,"[5725000000, 5875000000]",pending_measurement,False,0
5852000000,"[5725000000, 5875000000]",pending_measurement,False,0
5853000000,"[5725000000, 5875000000]",pending_measurement,False,0
5854000000,"[5725000000, 5875000000]",pending_measurement,False,0
5855000000,"[5725000000, 5875000000]",pending_measurement,False,0
5856000000,"[5725000000, 5875000000]",pending_measurement,False,0
5857000000,"[5725000000, 5875000000]",pending_measurement,False,0
5858000000,"[5725000000, 5875000000]",pending_measurement,False,0
5859000000,"[5725000000, 5875000000]",pending_measurement,False,0
5860000000,"[5725000000, 5875000000]",pending_measurement,False,0
5861000000,"[5725000000, 5875000000]",pending_measurement,False,0
5862000000,"[5725000000, 5875000000]",pending_measurement,False,0
5863000000,"[5725000000, 5875000000]",pending_measurement,False,0
5864000000,"[5725000000, 5875000000]",pending_measurement,False,0
5865000000,"[5725000000, 5875000000]",pending_measurement,False,0
5866000000,"[5725000000, 5875000000]",pending_measurement,False,0
5867000000,"[5725000000, 5875000000]",pending_measurement,False,0
5868000000,"[5725000000, 5875000000]",pending_measurement,False,0
5869000000,"[5725000000, 5875000000]",pending_measurement,False,0
5870000000,"[5725000000, 5875000000]",pending_measurement,False,0
5871000000,"[5725000000, 5875000000]",pending_measurement,False,0
5872000000,"[5725000000, 5875000000]",pending_measurement,False,0
5873000000,"[5725000000, 5875000000]",pending_measurement,False,0
5874000000,"[5725000000, 5875000000]",pending_measurement,False,0
5875000000,"[5725000000, 5875000000]",excluded_occupied_signal_margin,False,0
