frequency_mhz,configuration,dwell_us,round,control,port,observable,frozen_weight,relative_phase_bias_deg,gain_error_db,error
5800.0,A,200,1,False,ANT1,False,0.00264710404586846,-7.278144087067563,1.384101266728977,
5800.0,A,200,1,False,ANT2,True,0.3999336163696669,-0.5774062765570472,-0.36318261322791445,
5800.0,A,200,1,False,ANT4,True,0.2093481496253402,2.321997514590292,-0.6409983903750694,
5800.0,A,200,1,False,ANT8,True,0.1111756473548976,-3.26371212191503,-0.5398015597124474,
5800.0,A,200,1,False,ANT7,True,0.2039874042741851,0.35710324361913703,-0.32693309161333484,
5800.0,A,200,1,False,ANT5,True,0.0729080783300419,0.7402225125538973,-0.5399464605782076,
5800.0,A,200,1,True,ANT1,,,,,autonomous C6 harmonic frequency estimates are inconsistent
5800.0,A,200,1,True,ANT2,,,,,autonomous C6 harmonic frequency estimates are inconsistent
5800.0,A,200,1,True,ANT4,,,,,autonomous C6 harmonic frequency estimates are inconsistent
5800.0,A,200,1,True,ANT8,,,,,autonomous C6 harmonic frequency estimates are inconsistent
5800.0,A,200,1,True,ANT7,,,,,autonomous C6 harmonic frequency estimates are inconsistent
5800.0,A,200,1,True,ANT5,,,,,autonomous C6 harmonic frequency estimates are inconsistent
5800.0,A,1000,1,False,ANT1,False,0.00264710404586846,-0.11304368496804641,2.7714800645857975,
5800.0,A,1000,1,False,ANT2,True,0.3999336163696669,-0.8536820563805716,0.3039780310060798,
5800.0,A,1000,1,False,ANT4,True,0.2093481496253402,1.6358673691220633,0.2825776060262227,
5800.0,A,1000,1,False,ANT8,True,0.1111756473548976,-2.100591212846378,0.22163002781485946,
5800.0,A,1000,1,False,ANT7,True,0.2039874042741851,0.8988031018198774,0.31008104783089396,
5800.0,A,1000,1,False,ANT5,True,0.0729080783300419,0.6779758204694855,0.32423361378343113,
5800.0,A,1000,2,False,ANT1,False,0.00264710404586846,14.828671340922272,-0.965394464238676,
5800.0,A,1000,2,False,ANT2,True,0.3999336163696669,-1.5895396358295892,-0.10987268171440864,
5800.0,A,1000,2,False,ANT4,True,0.2093481496253402,2.6144991856683144,-0.21237841789868378,
5800.0,A,1000,2,False,ANT8,True,0.1111756473548976,-1.7885533811208698,-0.20022591885047972,
5800.0,A,1000,2,False,ANT7,True,0.2039874042741851,0.6553616352286272,0.08868173723842065,
5800.0,A,1000,2,False,ANT5,True,0.0729080783300419,1.5746540106609417,-0.010731111377806237,
5800.0,A,200,2,True,ANT1,False,0.00264710404586846,-4.662821284010823,-1.0452389415773031,
5800.0,A,200,2,True,ANT2,True,0.3999336163696669,-1.0375204866993883,0.01823172517160612,
5800.0,A,200,2,True,ANT4,True,0.2093481496253402,2.042286281510337,-0.04756654691948115,
5800.0,A,200,2,True,ANT8,True,0.1111756473548976,-1.0253476210948858,-0.2757026715711775,
5800.0,A,200,2,True,ANT7,True,0.2039874042741851,0.5116528065172695,0.14739944771922658,
5800.0,A,200,2,True,ANT5,True,0.0729080783300419,0.12901096827362343,0.20562488543660146,
5800.0,A,200,2,False,ANT1,False,0.00264710404586846,-5.381898198103214,0.9958036649774477,
5800.0,A,200,2,False,ANT2,True,0.3999336163696669,-0.7819565870152826,-0.12021271781704783,
5800.0,A,200,2,False,ANT4,True,0.2093481496253402,0.35226960778958494,-0.22009245801759586,
5800.0,A,200,2,False,ANT8,True,0.1111756473548976,-0.9297689517399407,-0.3140702360882788,
5800.0,A,200,2,False,ANT7,True,0.2039874042741851,2.2731725518379915,-0.15305640546261917,
5800.0,A,200,2,False,ANT5,True,0.0729080783300419,-1.4679513858625628,0.28093082844443384,
5800.0,A,200,3,False,ANT1,False,0.00264710404586846,3.443861309209253,0.8592674606463292,
5800.0,A,200,3,False,ANT2,True,0.3999336163696669,-1.522370715696749,0.02804860640551764,
5800.0,A,200,3,False,ANT4,True,0.2093481496253402,0.7562232774953279,-0.4147230767909385,
5800.0,A,200,3,False,ANT8,True,0.1111756473548976,1.5394508210015596,-0.2843981924482958,
5800.0,A,200,3,False,ANT7,True,0.2039874042741851,1.9316496480153318,-0.07056971768477002,
5800.0,A,200,3,False,ANT5,True,0.0729080783300419,-1.6973295661830887,-0.4182193361405596,
5800.0,A,1000,3,False,ANT1,False,0.00264710404586846,5.114554508899969,2.3138941497907584,
5800.0,A,1000,3,False,ANT2,True,0.3999336163696669,-0.9296993261729152,0.23841097865504646,
5800.0,A,1000,3,False,ANT4,True,0.2093481496253402,0.9780467405118047,-0.09866557315488922,
5800.0,A,1000,3,False,ANT8,True,0.1111756473548976,-1.3537946625347939,0.13894753939405266,
5800.0,A,1000,3,False,ANT7,True,0.2039874042741851,1.7042150428339995,0.3927989981949891,
5800.0,A,1000,3,False,ANT5,True,0.0729080783300419,-0.5973872882145419,0.3641002556805757,
5800.0,A,200,3,True,ANT1,False,0.00264710404586846,83.27256379435192,12.90992207354078,
5800.0,A,200,3,True,ANT2,True,0.3999336163696669,-10.737180922382477,-12.583383315988858,
5800.0,A,200,3,True,ANT4,True,0.2093481496253402,75.98178598550847,-4.757830637965125,
5800.0,A,200,3,True,ANT8,True,0.1111756473548976,-7.44973887985028,0.7313801578549138,
5800.0,A,200,3,True,ANT7,True,0.2039874042741851,-51.413364086634274,-3.0768950526691135,
5800.0,A,200,3,True,ANT5,True,0.0729080783300419,35.783964088252986,0.9604777620488015,
2475.0,A,200,1,False,ANT1,True,0.5342557653825096,-2.6165175728892582,-45.52067307179154,
2475.0,A,200,1,False,ANT2,True,0.10435333217554352,97.8275977756738,6.651126493009296,
2475.0,A,200,1,False,ANT4,True,0.06425514042250825,-4.8789921241192005,1.4087727047965037,
2475.0,A,200,1,False,ANT8,True,0.24886994875673943,-17.335238128846616,-5.991112079652733,
2475.0,A,200,1,False,ANT7,True,0.04155328262613942,169.89798212506497,7.758689540191223,
2475.0,A,200,1,False,ANT5,True,0.006712530636559679,-97.07515392550857,7.3153786921540895,
2475.0,A,200,1,True,ANT1,True,0.5342557653825096,-6.5530104717690785,-27.662262491252264,
2475.0,A,200,1,True,ANT2,True,0.10435333217554352,105.80827149811911,5.89377274329392,
2475.0,A,200,1,True,ANT4,True,0.06425514042250825,4.500659986158689,0.9429511985852485,
2475.0,A,200,1,True,ANT8,True,0.24886994875673943,-8.913105910041207,-5.901821685616213,
2475.0,A,200,1,True,ANT7,True,0.04155328262613942,178.91096244605254,7.001208170190502,
2475.0,A,200,1,True,ANT5,True,0.006712530636559679,-88.11207217986814,6.521627792265665,
2475.0,A,1000,1,False,ANT1,True,0.5342557653825096,0.008450063378095646,-0.028308567305999732,
2475.0,A,1000,1,False,ANT2,True,0.10435333217554352,0.0970049382307509,-0.21729367398784197,
2475.0,A,1000,1,False,ANT4,True,0.06425514042250825,0.7756686979482713,0.2664677344443455,
2475.0,A,1000,1,False,ANT8,True,0.24886994875673943,-0.28931552760196777,0.38280007997683047,
2475.0,A,1000,1,False,ANT7,True,0.04155328262613942,0.2665378397845198,0.009571055377343223,
2475.0,A,1000,1,False,ANT5,True,0.006712530636559679,-0.5289146159154208,0.20652382523531462,
2475.0,A,200,2,True,ANT1,True,0.5342557653825096,-6.566120474539472,-27.200474816937195,
2475.0,A,200,2,True,ANT2,True,0.10435333217554352,105.15992175891772,5.408827828317192,
2475.0,A,200,2,True,ANT4,True,0.06425514042250825,4.8117641172032934,0.3818912811118999,
2475.0,A,200,2,True,ANT8,True,0.24886994875673943,-9.127508194721743,-6.188836207384092,
2475.0,A,200,2,True,ANT7,True,0.04155328262613942,178.38585281888493,6.564590584990019,
2475.0,A,200,2,True,ANT5,True,0.006712530636559679,-88.94678118596114,5.859591871835427,
2475.0,A,200,2,False,ANT1,True,0.5342557653825096,-3.7144679714394297,-44.10471581849501,
2475.0,A,200,2,False,ANT2,True,0.10435333217554352,101.06370044345991,6.834506629395111,
2475.0,A,200,2,False,ANT4,True,0.06425514042250825,-2.861565421106926,1.6225571146074949,
2475.0,A,200,2,False,ANT8,True,0.24886994875673943,-14.730312863464945,-5.840167139325189,
2475.0,A,200,2,False,ANT7,True,0.04155328262613942,172.5599518781959,7.921757772104778,
2475.0,A,200,2,False,ANT5,True,0.006712530636559679,-94.1082350170152,7.69498643201735,
2475.0,A,1000,2,False,ANT1,True,0.5342557653825096,0.0487011053220098,-0.12954780527138204,
2475.0,A,1000,2,False,ANT2,True,0.10435333217554352,0.16334801201527932,-0.31378648638222684,
2475.0,A,1000,2,False,ANT4,True,0.06425514042250825,0.8235880552826866,0.24061753010451883,
2475.0,A,1000,2,False,ANT8,True,0.24886994875673943,-0.37871030711421455,0.31328067507842805,
2475.0,A,1000,2,False,ANT7,True,0.04155328262613942,0.08887784518689629,-0.0589312550381165,
2475.0,A,1000,2,False,ANT5,True,0.006712530636559679,-0.808501277488967,0.10359010447337738,
2475.0,A,200,3,False,ANT1,True,0.5342557653825096,-7.693044624570185,-36.92289532025522,
2475.0,A,200,3,False,ANT2,True,0.10435333217554352,109.59143852773374,6.631555270107228,
2475.0,A,200,3,False,ANT4,True,0.06425514042250825,6.027185938771879,1.5384542326018877,
2475.0,A,200,3,False,ANT8,True,0.24886994875673943,-5.913795370690229,-5.890019977741506,
2475.0,A,200,3,False,ANT7,True,0.04155328262613942,-178.33126408981568,7.7500562214701,
2475.0,A,200,3,False,ANT5,True,0.006712530636559679,-85.16172704013805,7.537923466148115,
2475.0,A,200,3,True,ANT1,True,0.5342557653825096,-5.612754608589491,-42.67697484391764,
2475.0,A,200,3,True,ANT2,True,0.10435333217554352,104.83442590811947,6.823739618714639,
2475.0,A,200,3,True,ANT4,True,0.06425514042250825,1.1575562345244383,1.6292159766666094,
2475.0,A,200,3,True,ANT8,True,0.24886994875673943,-10.551518487624271,-5.859340849547147,
2475.0,A,200,3,True,ANT7,True,0.04155328262613942,176.737572878038,7.937592364827602,
2475.0,A,200,3,True,ANT5,True,0.006712530636559679,-90.16883320817284,7.660427688557041,
2475.0,A,1000,3,False,ANT1,True,0.5342557653825096,-0.019199075205822803,0.07251880120995928,
2475.0,A,1000,3,False,ANT2,True,0.10435333217554352,0.05040081451111375,-0.12634483403550034,
2475.0,A,1000,3,False,ANT4,True,0.06425514042250825,0.696124468378828,0.36240801469255846,
2475.0,A,1000,3,False,ANT8,True,0.24886994875673943,-0.1867515268854828,0.5012539632915515,
2475.0,A,1000,3,False,ANT7,True,0.04155328262613942,0.1491314494914007,0.11434678987322205,
2475.0,A,1000,3,False,ANT5,True,0.006712530636559679,0.08180457147694509,0.31633908125223714,
5811.0,A,200,1,True,ANT1,True,0.019177376256275518,-3.998361247111612,-0.6843864594106143,
5811.0,A,200,1,True,ANT2,True,0.47237391287656827,0.03970735839683393,0.09822045198652013,
5811.0,A,200,1,True,ANT4,True,0.10866870279523624,1.788316587612653,0.24108212251907318,
5811.0,A,200,1,True,ANT8,True,0.13456628935153755,0.7106301473355325,-0.11233846091933182,
5811.0,A,200,1,True,ANT7,True,0.19779823301868002,-1.0019391930658588,0.005641174670640517,
5811.0,A,200,1,True,ANT5,True,0.06741548570170247,-0.5027998681100496,0.2970544504465391,
5811.0,A,100,1,False,ANT1,True,0.019177376256275518,-46.22870107473894,0.5903227490024902,
5811.0,A,100,1,False,ANT2,True,0.47237391287656827,-2.2860663490606092,-2.077547084667968,
5811.0,A,100,1,False,ANT4,True,0.10866870279523624,12.610263766793425,-1.286080292192727,
5811.0,A,100,1,False,ANT8,True,0.13456628935153755,6.956432108873922,-1.0474882515742947,
5811.0,A,100,1,False,ANT7,True,0.19779823301868002,-4.358561451866423,-1.4812372050870901,
5811.0,A,100,1,False,ANT5,True,0.06741548570170247,6.558909542151646,-0.8863899417321636,
5811.0,A,50,1,False,ANT1,True,0.019177376256275518,-57.71678539618023,-0.4222296851143936,
5811.0,A,50,1,False,ANT2,True,0.47237391287656827,1.6737777472285698,-5.2286094277052655,
5811.0,A,50,1,False,ANT4,True,0.10866870279523624,34.16579161431298,0.2703493847347696,
5811.0,A,50,1,False,ANT8,True,0.13456628935153755,-10.338022582078331,-2.0247724467676123,
5811.0,A,50,1,False,ANT7,True,0.19779823301868002,-15.61525567335677,-2.4176514237450126,
5811.0,A,50,1,False,ANT5,True,0.06741548570170247,16.174439557941696,0.2602336375381089,
5811.0,A,1000,1,False,ANT1,True,0.019177376256275518,-2.086679775906985,-0.47031208771731225,
5811.0,A,1000,1,False,ANT2,True,0.47237391287656827,0.08188892472167104,0.04236661881906225,
5811.0,A,1000,1,False,ANT4,True,0.10866870279523624,0.48229264588547544,0.06341951679992149,
5811.0,A,1000,1,False,ANT8,True,0.13456628935153755,1.2765188859145224,-0.08785992546052698,
5811.0,A,1000,1,False,ANT7,True,0.19779823301868002,-1.3365210929217208,0.17771245380639988,
5811.0,A,1000,1,False,ANT5,True,0.06741548570170247,0.6154766440343421,0.14063011911437873,
5811.0,A,200,1,False,ANT1,True,0.019177376256275518,-81.99787525102232,6.352943317055177,
5811.0,A,200,1,False,ANT2,True,0.47237391287656827,7.521367662440156,-11.78100587042227,
5811.0,A,200,1,False,ANT4,True,0.10866870279523624,96.27792288126997,-7.165317451131992,
5811.0,A,200,1,False,ANT8,True,0.13456628935153755,6.646941977676592,2.87177687684744,
5811.0,A,200,1,False,ANT7,True,0.19779823301868002,-59.74782803284019,-2.436845010385368,
5811.0,A,200,1,False,ANT5,True,0.06741548570170247,3.765147145849822,2.1731971295203016,
5811.0,A,25,1,False,ANT1,,,,,autonomous C6 harmonic frequency estimates are inconsistent
5811.0,A,25,1,False,ANT2,,,,,autonomous C6 harmonic frequency estimates are inconsistent
5811.0,A,25,1,False,ANT4,,,,,autonomous C6 harmonic frequency estimates are inconsistent
5811.0,A,25,1,False,ANT8,,,,,autonomous C6 harmonic frequency estimates are inconsistent
5811.0,A,25,1,False,ANT7,,,,,autonomous C6 harmonic frequency estimates are inconsistent
5811.0,A,25,1,False,ANT5,,,,,autonomous C6 harmonic frequency estimates are inconsistent
5811.0,A,50,2,False,ANT1,True,0.019177376256275518,-10.222186481154035,-1.638116558381514,
5811.0,A,50,2,False,ANT2,True,0.47237391287656827,-0.3464332770233675,-1.3847295047542996,
5811.0,A,50,2,False,ANT4,True,0.10866870279523624,4.931334709195173,-1.2347975970251204,
5811.0,A,50,2,False,ANT8,True,0.13456628935153755,1.6984507869373382,-1.0468789123599065,
5811.0,A,50,2,False,ANT7,True,0.19779823301868002,-2.6306376744221995,-1.1936457244756227,
5811.0,A,50,2,False,ANT5,True,0.06741548570170247,1.706878107412295,-0.464828248593826,
5811.0,A,1000,2,False,ANT1,True,0.019177376256275518,-5.091055763296132,-0.7732625880917612,
5811.0,A,1000,2,False,ANT2,True,0.47237391287656827,0.14763542068508503,-0.11902214353583433,
5811.0,A,1000,2,False,ANT4,True,0.10866870279523624,1.069138682665395,0.012287437599985825,
5811.0,A,1000,2,False,ANT8,True,0.13456628935153755,0.8430031875931656,0.047264466553193205,
5811.0,A,1000,2,False,ANT7,True,0.19779823301868002,-1.2037373473716286,-0.02625779271920896,
5811.0,A,1000,2,False,ANT5,True,0.06741548570170247,0.5374858745722241,0.05939315586838575,
5811.0,A,25,2,False,ANT1,,,,,autonomous C6 harmonic frequency estimates are inconsistent
5811.0,A,25,2,False,ANT2,,,,,autonomous C6 harmonic frequency estimates are inconsistent
5811.0,A,25,2,False,ANT4,,,,,autonomous C6 harmonic frequency estimates are inconsistent
5811.0,A,25,2,False,ANT8,,,,,autonomous C6 harmonic frequency estimates are inconsistent
5811.0,A,25,2,False,ANT7,,,,,autonomous C6 harmonic frequency estimates are inconsistent
5811.0,A,25,2,False,ANT5,,,,,autonomous C6 harmonic frequency estimates are inconsistent
5811.0,A,200,2,True,ANT1,True,0.019177376256275518,-7.234115358076957,-0.6764103056860338,
5811.0,A,200,2,True,ANT2,True,0.47237391287656827,-0.6858335749001204,-0.3326360691090986,
5811.0,A,200,2,True,ANT4,True,0.10866870279523624,2.3069149946485363,-0.19404615914215917,
5811.0,A,200,2,True,ANT8,True,0.13456628935153755,2.3136495083008723,-0.289011521858817,
5811.0,A,200,2,True,ANT7,True,0.19779823301868002,-1.08634205982541,-0.29284892847889943,
5811.0,A,200,2,True,ANT5,True,0.06741548570170247,1.7107293339862075,0.20478280704189028,
5811.0,A,200,2,False,ANT1,True,0.019177376256275518,-32.80151317219442,-0.17626187011607597,
5811.0,A,200,2,False,ANT2,True,0.47237391287656827,-1.02738683041093,-1.4171483687340645,
5811.0,A,200,2,False,ANT4,True,0.10866870279523624,11.143107088039578,-0.49213246986599657,
5811.0,A,200,2,False,ANT8,True,0.13456628935153755,3.7156857843266233,-0.4546839388419461,
5811.0,A,200,2,False,ANT7,True,0.19779823301868002,-5.191211786895926,-1.0347997131325641,
5811.0,A,200,2,False,ANT5,True,0.06741548570170247,5.988656423010635,-0.7984533561093701,
5811.0,A,100,2,False,ANT1,True,0.019177376256275518,-36.31828667455114,-0.5164253681864237,
5811.0,A,100,2,False,ANT2,True,0.47237391287656827,-0.3474068488699597,-2.4624310621293533,
5811.0,A,100,2,False,ANT4,True,0.10866870279523624,20.089418930503726,-0.15311118520479972,
5811.0,A,100,2,False,ANT8,True,0.13456628935153755,-2.9303895706993406,-0.8449441065789536,
5811.0,A,100,2,False,ANT7,True,0.19779823301868002,-7.405835178075076,-1.3504808502958383,
5811.0,A,100,2,False,ANT5,True,0.06741548570170247,7.904435318797512,0.09534209297896765,
5811.0,A,200,3,False,ANT1,True,0.019177376256275518,-1.1456679243583698,-0.7647465310217711,
5811.0,A,200,3,False,ANT2,True,0.47237391287656827,0.4657542144792766,-0.13911032956353211,
5811.0,A,200,3,False,ANT4,True,0.10866870279523624,1.0879182627976276,-0.2973718876002941,
5811.0,A,200,3,False,ANT8,True,0.13456628935153755,1.3325069433532943,-0.24641048654864323,
5811.0,A,200,3,False,ANT7,True,0.19779823301868002,-2.4965837091787346,-0.17992531832738093,
5811.0,A,200,3,False,ANT5,True,0.06741548570170247,-0.02795493891627746,0.13142173761707604,
5811.0,A,50,3,False,ANT1,True,0.019177376256275518,-60.47945470869755,0.2097889060973856,
5811.0,A,50,3,False,ANT2,True,0.47237391287656827,7.6285858783013385,-7.354555845978239,
5811.0,A,50,3,False,ANT4,True,0.10866870279523624,40.747913667948914,1.9914289631662776,
5811.0,A,50,3,False,ANT8,True,0.13456628935153755,-28.682302803545177,-2.4749190737065248,
5811.0,A,50,3,False,ANT7,True,0.19779823301868002,-22.16934710955659,-1.912550016512319,
5811.0,A,50,3,False,ANT5,True,0.06741548570170247,19.291017940282856,1.6485367111449216,
5811.0,A,1000,3,False,ANT1,True,0.019177376256275518,-3.797925665320199,-0.17546277719431325,
5811.0,A,1000,3,False,ANT2,True,0.47237391287656827,0.06833711292822416,0.02693285774854294,
5811.0,A,1000,3,False,ANT4,True,0.10866870279523624,2.371336439472615,0.0729839472107578,
5811.0,A,1000,3,False,ANT8,True,0.13456628935153755,1.67520315451639,0.07616465912123929,
5811.0,A,1000,3,False,ANT7,True,0.19779823301868002,-2.3726271041387337,0.14243872972457589,
5811.0,A,1000,3,False,ANT5,True,0.06741548570170247,0.3954218774214231,-0.017024814057731864,
5811.0,A,200,3,True,ANT1,True,0.019177376256275518,-10.597398821644171,-1.3176581215609344,
5811.0,A,200,3,True,ANT2,True,0.47237391287656827,-0.05913766857759993,-0.4618427555326032,
5811.0,A,200,3,True,ANT4,True,0.10866870279523624,3.2023036226325163,-0.36472023932334313,
5811.0,A,200,3,True,ANT8,True,0.13456628935153755,1.406137973429135,-0.22839504702254124,
5811.0,A,200,3,True,ANT7,True,0.19779823301868002,-1.7036251761150611,-0.33880353769436433,
5811.0,A,200,3,True,ANT5,True,0.06741548570170247,0.4438817970368937,0.2944858529726608,
5811.0,A,25,3,False,ANT1,,,,,autonomous C6 harmonic frequency estimates are inconsistent
5811.0,A,25,3,False,ANT2,,,,,autonomous C6 harmonic frequency estimates are inconsistent
5811.0,A,25,3,False,ANT4,,,,,autonomous C6 harmonic frequency estimates are inconsistent
5811.0,A,25,3,False,ANT8,,,,,autonomous C6 harmonic frequency estimates are inconsistent
5811.0,A,25,3,False,ANT7,,,,,autonomous C6 harmonic frequency estimates are inconsistent
5811.0,A,25,3,False,ANT5,,,,,autonomous C6 harmonic frequency estimates are inconsistent
5811.0,A,100,3,False,ANT1,True,0.019177376256275518,-8.387146558585544,-1.1563930374899751,
5811.0,A,100,3,False,ANT2,True,0.47237391287656827,-0.28406245567185917,-0.5785167566073786,
5811.0,A,100,3,False,ANT4,True,0.10866870279523624,3.462600194132451,-0.2890765863828203,
5811.0,A,100,3,False,ANT8,True,0.13456628935153755,1.4166284611206,-0.4549866709230145,
5811.0,A,100,3,False,ANT7,True,0.19779823301868002,-2.027493887328211,-0.5029412048356116,
5811.0,A,100,3,False,ANT5,True,0.06741548570170247,1.9100860706477096,-0.27968967032895276,
