run_json,frequency_mhz,port,gain_db,amplitude,phase_rms_10ms_deg,coherence
/srv/bulk/samteway/lab-data/tracking-comprehensive-20260908-v1/captures/block-20260908T164249289170Z-ref-after-ANT1-20260908T164736.334672Z/run.json,5800.0,ANT1,60,0.0004051965739691466,49.32468585371073,0.00806962888234049
/srv/bulk/samteway/lab-data/tracking-comprehensive-20260908-v1/captures/block-20260908T164249289170Z-ref-after-ANT2-20260908T164722.809510Z/run.json,5800.0,ANT2,60,0.00476394472502309,2.9878608827895383,0.10937559279429915
/srv/bulk/samteway/lab-data/tracking-comprehensive-20260908-v1/captures/block-20260908T164249289170Z-ref-after-ANT4-20260908T164709.070295Z/run.json,5800.0,ANT4,60,0.0033053445338193793,4.126537087508434,0.07640835980295806
/srv/bulk/samteway/lab-data/tracking-comprehensive-20260908-v1/captures/block-20260908T164249289170Z-ref-after-ANT5-20260908T164623.928059Z/run.json,5800.0,ANT5,60,0.0020020544360220298,7.264964569730493,0.0462499056808379
/srv/bulk/samteway/lab-data/tracking-comprehensive-20260908-v1/captures/block-20260908T164249289170Z-ref-after-ANT7-20260908T164638.596513Z/run.json,5800.0,ANT7,60,0.0033055908062955656,4.259506226844855,0.07663882936157909
/srv/bulk/samteway/lab-data/tracking-comprehensive-20260908-v1/captures/block-20260908T164249289170Z-ref-after-ANT8-20260908T164654.166976Z/run.json,5800.0,ANT8,60,0.002375390746138879,5.721246221742212,0.05372478640409935
/srv/bulk/samteway/lab-data/tracking-comprehensive-20260908-v1/captures/block-20260908T164249289170Z-ref-before-ANT1-20260908T164249.562318Z/run.json,5800.0,ANT1,60,0.00037213815316069804,48.088402772991515,0.007682257796606099
/srv/bulk/samteway/lab-data/tracking-comprehensive-20260908-v1/captures/block-20260908T164249289170Z-ref-before-ANT2-20260908T164302.844439Z/run.json,5800.0,ANT2,60,0.004574173644039113,3.0337553723340145,0.10564675251320679
/srv/bulk/samteway/lab-data/tracking-comprehensive-20260908-v1/captures/block-20260908T164249289170Z-ref-before-ANT4-20260908T164316.618043Z/run.json,5800.0,ANT4,60,0.0033094304262144504,4.501353942243273,0.07665275339656276
/srv/bulk/samteway/lab-data/tracking-comprehensive-20260908-v1/captures/block-20260908T164249289170Z-ref-before-ANT5-20260908T164401.305073Z/run.json,5800.0,ANT5,60,0.001953019222497398,6.96300007812964,0.04526324989649102
/srv/bulk/samteway/lab-data/tracking-comprehensive-20260908-v1/captures/block-20260908T164249289170Z-ref-before-ANT7-20260908T164346.932847Z/run.json,5800.0,ANT7,60,0.0032667836092625676,4.11065108502112,0.07576514779940495
/srv/bulk/samteway/lab-data/tracking-comprehensive-20260908-v1/captures/block-20260908T164249289170Z-ref-before-ANT8-20260908T164332.451962Z/run.json,5800.0,ANT8,60,0.002411701344818538,5.951569746570259,0.05497915596868119
/srv/bulk/samteway/lab-data/tracking-comprehensive-20260908-v1/captures/block-20260908T164901336940Z-ref-before-ANT1-20260908T164901.640387Z/run.json,2450.0,ANT1,40,1.114460436436738,134.47151073909208,0.26021000826502794
/srv/bulk/samteway/lab-data/tracking-comprehensive-20260908-v1/captures/block-20260908T164901336940Z-ref-before-ANT2-20260908T164921.677557Z/run.json,2450.0,ANT2,40,0.22854755364213383,112.90345726525642,0.25129515189894974
/srv/bulk/samteway/lab-data/tracking-comprehensive-20260908-v1/captures/block-20260908T164901336940Z-ref-before-ANT4-20260908T164937.821366Z/run.json,2450.0,ANT4,40,0.21786627588584062,98.27488609003626,0.22015409194074378
/srv/bulk/samteway/lab-data/tracking-comprehensive-20260908-v1/captures/block-20260908T164901336940Z-ref-before-ANT5-20260908T165025.894668Z/run.json,2450.0,ANT5,40,0.4046703790097989,86.20864474648079,0.25580921478756785
/srv/bulk/samteway/lab-data/tracking-comprehensive-20260908-v1/captures/block-20260908T164901336940Z-ref-before-ANT7-20260908T165010.145359Z/run.json,2450.0,ANT7,40,0.050829300629039766,83.3506880911869,0.18034879103791437
/srv/bulk/samteway/lab-data/tracking-comprehensive-20260908-v1/captures/block-20260908T164901336940Z-ref-before-ANT8-20260908T164956.065091Z/run.json,2450.0,ANT8,40,0.46503411823545243,127.13210654873862,0.23714651487856908
/srv/bulk/samteway/lab-data/tracking-comprehensive-20260908-v1/captures/block-20260908T171600754199Z-ref-after-ANT1-20260908T172127.405434Z/run.json,2475.0,ANT1,40,0.029813820992924324,0.6831217356360587,0.5163264146511988
/srv/bulk/samteway/lab-data/tracking-comprehensive-20260908-v1/captures/block-20260908T171600754199Z-ref-after-ANT2-20260908T172110.608998Z/run.json,2475.0,ANT2,40,0.012694206662695223,0.6084068754089952,0.4626138164172654
/srv/bulk/samteway/lab-data/tracking-comprehensive-20260908-v1/captures/block-20260908T171600754199Z-ref-after-ANT4-20260908T172055.076573Z/run.json,2475.0,ANT4,40,0.010631976716404125,0.899535848155307,0.379313976452124
/srv/bulk/samteway/lab-data/tracking-comprehensive-20260908-v1/captures/block-20260908T171600754199Z-ref-after-ANT5-20260908T172010.753303Z/run.json,2475.0,ANT5,40,0.0034144923105527687,2.4855739829934933,0.13729064319884593
/srv/bulk/samteway/lab-data/tracking-comprehensive-20260908-v1/captures/block-20260908T171600754199Z-ref-after-ANT7-20260908T172025.401605Z/run.json,2475.0,ANT7,40,0.008074606646136991,0.99086202216752,0.323677279023663
/srv/bulk/samteway/lab-data/tracking-comprehensive-20260908-v1/captures/block-20260908T171600754199Z-ref-after-ANT8-20260908T172040.593401Z/run.json,2475.0,ANT8,40,0.022109300381599598,0.6215073919831775,0.5366206496270162
/srv/bulk/samteway/lab-data/tracking-comprehensive-20260908-v1/captures/block-20260908T171600754199Z-ref-before-ANT1-20260908T171601.050210Z/run.json,2475.0,ANT1,40,0.03025740760719608,0.5136715273883586,0.5526160554229431
/srv/bulk/samteway/lab-data/tracking-comprehensive-20260908-v1/captures/block-20260908T171600754199Z-ref-before-ANT2-20260908T171622.311096Z/run.json,2475.0,ANT2,40,0.013372427984709388,0.6606945025868837,0.46529772093446725
/srv/bulk/samteway/lab-data/tracking-comprehensive-20260908-v1/captures/block-20260908T171600754199Z-ref-before-ANT4-20260908T171642.695893Z/run.json,2475.0,ANT4,40,0.010493274779933132,0.921208091068006,0.3862254890987012
/srv/bulk/samteway/lab-data/tracking-comprehensive-20260908-v1/captures/block-20260908T171600754199Z-ref-before-ANT5-20260908T171741.992629Z/run.json,2475.0,ANT5,40,0.003391565801822639,2.57009994901049,0.13623080981850297
/srv/bulk/samteway/lab-data/tracking-comprehensive-20260908-v1/captures/block-20260908T171600754199Z-ref-before-ANT7-20260908T171728.117352Z/run.json,2475.0,ANT7,40,0.008438393546871146,1.3840179253954394,0.3144729559384219
/srv/bulk/samteway/lab-data/tracking-comprehensive-20260908-v1/captures/block-20260908T171600754199Z-ref-before-ANT8-20260908T171705.027648Z/run.json,2475.0,ANT8,40,0.02065110696799984,0.786721793896677,0.4757977836095617
/srv/bulk/samteway/lab-data/tracking-comprehensive-20260908-v1/captures/block-20260908T222235133339Z-ref-after-ANT1-20260908T223010.577296Z/run.json,5811.0,ANT1,60,0.0009998438457512727,16.078004245954208,0.0203129159581137
/srv/bulk/samteway/lab-data/tracking-comprehensive-20260908-v1/captures/block-20260908T222235133339Z-ref-after-ANT2-20260908T222946.591725Z/run.json,5811.0,ANT2,60,0.00550618942743156,2.515920381122324,0.12114022910895399
/srv/bulk/samteway/lab-data/tracking-comprehensive-20260908-v1/captures/block-20260908T222235133339Z-ref-after-ANT4-20260908T222923.059308Z/run.json,5811.0,ANT4,60,0.002527670998086539,5.144048682939712,0.05802109126129808
/srv/bulk/samteway/lab-data/tracking-comprehensive-20260908-v1/captures/block-20260908T222235133339Z-ref-after-ANT5-20260908T222840.178642Z/run.json,5811.0,ANT5,60,0.001990172783797729,7.201064444071958,0.045803492903881374
/srv/bulk/samteway/lab-data/tracking-comprehensive-20260908-v1/captures/block-20260908T222235133339Z-ref-after-ANT7-20260908T222853.960938Z/run.json,5811.0,ANT7,60,0.0035318941566149804,4.0960189712554635,0.07844792688513841
/srv/bulk/samteway/lab-data/tracking-comprehensive-20260908-v1/captures/block-20260908T222235133339Z-ref-after-ANT8-20260908T222908.271104Z/run.json,5811.0,ANT8,60,0.0029257546425049846,5.020669844912119,0.06373956715675094
/srv/bulk/samteway/lab-data/tracking-comprehensive-20260908-v1/captures/block-20260908T222235133339Z-ref-before-ANT1-20260908T222235.445422Z/run.json,5811.0,ANT1,60,0.0010740714649465676,13.519650353469412,0.021119200559250796
/srv/bulk/samteway/lab-data/tracking-comprehensive-20260908-v1/captures/block-20260908T222235133339Z-ref-before-ANT2-20260908T222247.998896Z/run.json,5811.0,ANT2,60,0.005330666795955653,2.6405689017425678,0.12222828104371644
/srv/bulk/samteway/lab-data/tracking-comprehensive-20260908-v1/captures/block-20260908T222235133339Z-ref-before-ANT4-20260908T222301.091267Z/run.json,5811.0,ANT4,60,0.002556765076936273,5.192490195114959,0.058696467205183324
/srv/bulk/samteway/lab-data/tracking-comprehensive-20260908-v1/captures/block-20260908T222235133339Z-ref-before-ANT5-20260908T222340.920500Z/run.json,5811.0,ANT5,60,0.002013809652181029,6.6704526141113325,0.04635534590323375
/srv/bulk/samteway/lab-data/tracking-comprehensive-20260908-v1/captures/block-20260908T222235133339Z-ref-before-ANT7-20260908T222327.806735Z/run.json,5811.0,ANT7,60,0.003449449474282633,3.8497504436258434,0.07948270863766889
/srv/bulk/samteway/lab-data/tracking-comprehensive-20260908-v1/captures/block-20260908T222235133339Z-ref-before-ANT8-20260908T222315.002679Z/run.json,5811.0,ANT8,60,0.0028451601856950095,4.872047157905893,0.06418432294884868
/srv/bulk/samteway/lab-data/tracking-comprehensive-20260908-v1/captures/block-20260908T223136472639Z-ref-after-A-ANT5-20260908T224225.325172Z/run.json,5811.0,ANT5,60,0.0019489621495169679,7.627233149054501,0.04471102406190659
/srv/bulk/samteway/lab-data/tracking-comprehensive-20260908-v1/captures/block-20260908T223136472639Z-ref-after-B-ANT1-20260908T224209.124850Z/run.json,5811.0,ANT1,60,0.0010719394798282555,14.782932358971888,0.02104846428678771
/srv/bulk/samteway/lab-data/tracking-comprehensive-20260908-v1/captures/block-20260908T223136472639Z-ref-after-B-ANT2-20260908T224154.819808Z/run.json,5811.0,ANT2,60,0.0054808591500196315,2.8311674041791153,0.11513248121125345
/srv/bulk/samteway/lab-data/tracking-comprehensive-20260908-v1/captures/block-20260908T223136472639Z-ref-after-B-ANT4-20260908T224141.716171Z/run.json,5811.0,ANT4,60,0.0025682063949570293,5.1916617376922005,0.05480964266523295
/srv/bulk/samteway/lab-data/tracking-comprehensive-20260908-v1/captures/block-20260908T223136472639Z-ref-after-B-ANT5-20260908T224059.106571Z/run.json,5811.0,ANT5,60,0.0020378234036333783,6.9004820145525345,0.04325912276973179
/srv/bulk/samteway/lab-data/tracking-comprehensive-20260908-v1/captures/block-20260908T223136472639Z-ref-after-B-ANT7-20260908T224112.191104Z/run.json,5811.0,ANT7,60,0.003526549202617555,3.8843904991071496,0.07458589742729188
/srv/bulk/samteway/lab-data/tracking-comprehensive-20260908-v1/captures/block-20260908T223136472639Z-ref-after-B-ANT8-20260908T224126.515824Z/run.json,5811.0,ANT8,60,0.0028239782801421425,5.055356922895277,0.058948486736772075
/srv/bulk/samteway/lab-data/tracking-comprehensive-20260908-v1/captures/block-20260908T223136472639Z-ref-before-A-ANT1-20260908T223136.735941Z/run.json,5811.0,ANT1,60,0.0010019706741003593,14.534289130565394,0.02061529623372278
/srv/bulk/samteway/lab-data/tracking-comprehensive-20260908-v1/captures/block-20260908T223136472639Z-ref-before-A-ANT2-20260908T223200.522630Z/run.json,5811.0,ANT2,60,0.005333018732310474,2.4823901055564503,0.12168121568662678
/srv/bulk/samteway/lab-data/tracking-comprehensive-20260908-v1/captures/block-20260908T223136472639Z-ref-before-A-ANT4-20260908T223224.906703Z/run.json,5811.0,ANT4,60,0.0025521560045061826,5.506244657099874,0.05819067099654003
/srv/bulk/samteway/lab-data/tracking-comprehensive-20260908-v1/captures/block-20260908T223136472639Z-ref-before-A-ANT5-20260908T223324.138147Z/run.json,5811.0,ANT5,60,0.001970715460608048,6.597525160553757,0.04522213788983319
/srv/bulk/samteway/lab-data/tracking-comprehensive-20260908-v1/captures/block-20260908T223136472639Z-ref-before-A-ANT7-20260908T223309.985526Z/run.json,5811.0,ANT7,60,0.003392503482297828,3.973105448096088,0.07812343217377525
/srv/bulk/samteway/lab-data/tracking-comprehensive-20260908-v1/captures/block-20260908T223136472639Z-ref-before-A-ANT8-20260908T223246.617390Z/run.json,5811.0,ANT8,60,0.00283089846788204,5.131259125015412,0.0635036113763499
/srv/bulk/samteway/lab-data/tracking-comprehensive-20260908-v1/captures/block-20260908T223136472639Z-ref-before-B-ANT1-20260908T223340.439811Z/run.json,5811.0,ANT1,60,0.0009582568386004685,13.182662151230259,0.02033898010257601
/srv/bulk/samteway/lab-data/tracking-comprehensive-20260908-v1/captures/block-20260908T223136472639Z-ref-before-B-ANT2-20260908T223356.197548Z/run.json,5811.0,ANT2,60,0.00553263786268697,2.3488012511470937,0.11636294840492936
/srv/bulk/samteway/lab-data/tracking-comprehensive-20260908-v1/captures/block-20260908T223136472639Z-ref-before-B-ANT4-20260908T223411.430241Z/run.json,5811.0,ANT4,60,0.002604380897134483,5.6513663313717934,0.05517625961135385
/srv/bulk/samteway/lab-data/tracking-comprehensive-20260908-v1/captures/block-20260908T223136472639Z-ref-before-B-ANT5-20260908T223515.770289Z/run.json,5811.0,ANT5,60,0.002008467480829925,7.196905203172878,0.04242550305736081
/srv/bulk/samteway/lab-data/tracking-comprehensive-20260908-v1/captures/block-20260908T223136472639Z-ref-before-B-ANT7-20260908T223451.211545Z/run.json,5811.0,ANT7,60,0.0033721747315674797,4.391544214385509,0.0733059955534212
/srv/bulk/samteway/lab-data/tracking-comprehensive-20260908-v1/captures/block-20260908T223136472639Z-ref-before-B-ANT8-20260908T223429.282111Z/run.json,5811.0,ANT8,60,0.002807119982102731,5.439808472355246,0.05874617959155007
/srv/bulk/samteway/lab-data/tracking-comprehensive-20260908-v1/captures/block-20260908T224532349585Z-ref-after-A-ANT1-20260908T225728.304403Z/run.json,5811.0,ANT1,60,0.0009311780436341264,17.62606835969911,0.019059566978592807
/srv/bulk/samteway/lab-data/tracking-comprehensive-20260908-v1/captures/block-20260908T224532349585Z-ref-after-A-ANT2-20260908T225715.096531Z/run.json,5811.0,ANT2,60,0.0052662606241012,2.805137914602181,0.11969213491115446
/srv/bulk/samteway/lab-data/tracking-comprehensive-20260908-v1/captures/block-20260908T224532349585Z-ref-after-A-ANT4-20260908T225648.107640Z/run.json,5811.0,ANT4,60,0.0026296480163870237,5.266541607988444,0.05887782870120866
/srv/bulk/samteway/lab-data/tracking-comprehensive-20260908-v1/captures/block-20260908T224532349585Z-ref-after-A-ANT5-20260908T225539.926828Z/run.json,5811.0,ANT5,60,0.002002086871978036,6.742715731388337,0.04536634915297611
/srv/bulk/samteway/lab-data/tracking-comprehensive-20260908-v1/captures/block-20260908T224532349585Z-ref-after-A-ANT7-20260908T225603.017469Z/run.json,5811.0,ANT7,60,0.003441151893634442,4.370212822484626,0.0762902427186779
/srv/bulk/samteway/lab-data/tracking-comprehensive-20260908-v1/captures/block-20260908T224532349585Z-ref-after-A-ANT8-20260908T225626.492581Z/run.json,5811.0,ANT8,60,0.002857488967011865,5.363361983612929,0.061922654272275134
/srv/bulk/samteway/lab-data/tracking-comprehensive-20260908-v1/captures/block-20260908T224532349585Z-ref-after-D-ANT1-20260908T225524.169796Z/run.json,5811.0,ANT1,60,0.0010080693606109913,15.78121633726662,0.01479536919071693
/srv/bulk/samteway/lab-data/tracking-comprehensive-20260908-v1/captures/block-20260908T224532349585Z-ref-after-D-ANT2-20260908T225508.096382Z/run.json,5811.0,ANT2,60,0.0054158573448351965,2.5630522140180694,0.08526841942359742
/srv/bulk/samteway/lab-data/tracking-comprehensive-20260908-v1/captures/block-20260908T224532349585Z-ref-after-D-ANT4-20260908T225455.370246Z/run.json,5811.0,ANT4,60,0.002574480548602627,5.589493253499625,0.04064400494078404
/srv/bulk/samteway/lab-data/tracking-comprehensive-20260908-v1/captures/block-20260908T224532349585Z-ref-after-D-ANT5-20260908T225412.302576Z/run.json,5811.0,ANT5,60,0.0020355063690806804,6.970992981635748,0.03210424651803765
/srv/bulk/samteway/lab-data/tracking-comprehensive-20260908-v1/captures/block-20260908T224532349585Z-ref-after-D-ANT7-20260908T225425.679075Z/run.json,5811.0,ANT7,60,0.0034211841044521703,4.667614104621028,0.05403970826365815
/srv/bulk/samteway/lab-data/tracking-comprehensive-20260908-v1/captures/block-20260908T224532349585Z-ref-after-D-ANT8-20260908T225440.176508Z/run.json,5811.0,ANT8,60,0.0027814571368947774,5.103974944656007,0.0438665031419835
/srv/bulk/samteway/lab-data/tracking-comprehensive-20260908-v1/captures/block-20260908T224532349585Z-ref-before-A-ANT1-20260908T224532.679604Z/run.json,5811.0,ANT1,60,0.001029536114673346,14.289421458609727,0.021247087618502282
/srv/bulk/samteway/lab-data/tracking-comprehensive-20260908-v1/captures/block-20260908T224532349585Z-ref-before-A-ANT2-20260908T224551.145275Z/run.json,5811.0,ANT2,60,0.005289879751743595,2.568562095171739,0.12046554342134358
/srv/bulk/samteway/lab-data/tracking-comprehensive-20260908-v1/captures/block-20260908T224532349585Z-ref-before-A-ANT4-20260908T224606.526688Z/run.json,5811.0,ANT4,60,0.002639442778448196,4.940777678975734,0.05886561022928681
/srv/bulk/samteway/lab-data/tracking-comprehensive-20260908-v1/captures/block-20260908T224532349585Z-ref-before-A-ANT5-20260908T224652.363003Z/run.json,5811.0,ANT5,60,0.0020174638183692623,7.301204279048983,0.04622681148621518
/srv/bulk/samteway/lab-data/tracking-comprehensive-20260908-v1/captures/block-20260908T224532349585Z-ref-before-A-ANT7-20260908T224637.147536Z/run.json,5811.0,ANT7,60,0.0034875497939301763,4.29115532132067,0.0784605505889879
/srv/bulk/samteway/lab-data/tracking-comprehensive-20260908-v1/captures/block-20260908T224532349585Z-ref-before-A-ANT8-20260908T224623.148544Z/run.json,5811.0,ANT8,60,0.0027655732941316738,4.807167609092742,0.06207585151426558
/srv/bulk/samteway/lab-data/tracking-comprehensive-20260908-v1/captures/block-20260908T224532349585Z-ref-before-D-ANT1-20260908T224708.405206Z/run.json,5811.0,ANT1,60,0.0010735662765090964,13.592212703278719,0.015863747868711472
/srv/bulk/samteway/lab-data/tracking-comprehensive-20260908-v1/captures/block-20260908T224532349585Z-ref-before-D-ANT2-20260908T224723.037889Z/run.json,5811.0,ANT2,60,0.0054576520908372304,2.5586778581429943,0.08598291858148122
/srv/bulk/samteway/lab-data/tracking-comprehensive-20260908-v1/captures/block-20260908T224532349585Z-ref-before-D-ANT4-20260908T224745.396184Z/run.json,5811.0,ANT4,60,0.002479623330549103,5.603237171963006,0.041253689877939224
/srv/bulk/samteway/lab-data/tracking-comprehensive-20260908-v1/captures/block-20260908T224532349585Z-ref-before-D-ANT5-20260908T224837.060775Z/run.json,5811.0,ANT5,60,0.0020594104164547325,7.005077035060507,0.03253354947390584
/srv/bulk/samteway/lab-data/tracking-comprehensive-20260908-v1/captures/block-20260908T224532349585Z-ref-before-D-ANT7-20260908T224823.244781Z/run.json,5811.0,ANT7,60,0.00350519958026477,4.2150037847269965,0.05534519193554473
/srv/bulk/samteway/lab-data/tracking-comprehensive-20260908-v1/captures/block-20260908T224532349585Z-ref-before-D-ANT8-20260908T224807.219129Z/run.json,5811.0,ANT8,60,0.002862471524100933,4.834603144259226,0.044948613485404375
/srv/bulk/samteway/lab-data/tracking-comprehensive-20260908-v1/captures/block-20260908T225855806955Z-ref-after-A-ANT1-20260908T230604.457816Z/run.json,2475.0,ANT1,40,0.02829562235595314,0.6287837725375898,0.5369081996479368
/srv/bulk/samteway/lab-data/tracking-comprehensive-20260908-v1/captures/block-20260908T225855806955Z-ref-after-A-ANT2-20260908T230551.427512Z/run.json,2475.0,ANT2,40,0.012147026749471131,0.7374981428499201,0.42620222287541276
/srv/bulk/samteway/lab-data/tracking-comprehensive-20260908-v1/captures/block-20260908T225855806955Z-ref-after-A-ANT4-20260908T230538.236403Z/run.json,2475.0,ANT4,40,0.009665360644138735,0.8081483385958222,0.3406617408179066
/srv/bulk/samteway/lab-data/tracking-comprehensive-20260908-v1/captures/block-20260908T225855806955Z-ref-after-A-ANT5-20260908T230500.656419Z/run.json,2475.0,ANT5,40,0.0026944173852926183,3.1865296819336164,0.10282815036812627
/srv/bulk/samteway/lab-data/tracking-comprehensive-20260908-v1/captures/block-20260908T225855806955Z-ref-after-A-ANT7-20260908T230512.820177Z/run.json,2475.0,ANT7,40,0.007664948305402218,1.1416653077289358,0.28587676306109283
/srv/bulk/samteway/lab-data/tracking-comprehensive-20260908-v1/captures/block-20260908T225855806955Z-ref-after-A-ANT8-20260908T230525.333553Z/run.json,2475.0,ANT8,40,0.02088536414615179,0.7890606667273073,0.4703058623081726
/srv/bulk/samteway/lab-data/tracking-comprehensive-20260908-v1/captures/block-20260908T225855806955Z-ref-before-A-ANT1-20260908T225856.109240Z/run.json,2475.0,ANT1,40,0.028360215957367232,0.5353412158746585,0.5214480014377901
/srv/bulk/samteway/lab-data/tracking-comprehensive-20260908-v1/captures/block-20260908T225855806955Z-ref-before-A-ANT2-20260908T225909.141239Z/run.json,2475.0,ANT2,40,0.012102526873618924,0.7313848829229531,0.41931951632073006
/srv/bulk/samteway/lab-data/tracking-comprehensive-20260908-v1/captures/block-20260908T225855806955Z-ref-before-A-ANT4-20260908T225923.219287Z/run.json,2475.0,ANT4,40,0.009660652810881373,1.029449382043966,0.32241011986199497
/srv/bulk/samteway/lab-data/tracking-comprehensive-20260908-v1/captures/block-20260908T225855806955Z-ref-before-A-ANT5-20260908T230003.497357Z/run.json,2475.0,ANT5,40,0.00274050525883358,3.164161241396106,0.10308233226574072
/srv/bulk/samteway/lab-data/tracking-comprehensive-20260908-v1/captures/block-20260908T225855806955Z-ref-before-A-ANT7-20260908T225950.700771Z/run.json,2475.0,ANT7,40,0.0076095094268823354,1.0720174259721251,0.2701942776203909
/srv/bulk/samteway/lab-data/tracking-comprehensive-20260908-v1/captures/block-20260908T225855806955Z-ref-before-A-ANT8-20260908T225936.890663Z/run.json,2475.0,ANT8,40,0.02123856289525391,0.6780778786016274,0.42687388797495834
/srv/bulk/samteway/lab-data/tracking-comprehensive-20260908-v1/captures/block-20260908T231415311061Z-ref-after-A-ANT1-20260908T232537.304312Z/run.json,2475.0,ANT1,40,0.027865096926005944,0.7628690660415217,0.4778149771815845
/srv/bulk/samteway/lab-data/tracking-comprehensive-20260908-v1/captures/block-20260908T231415311061Z-ref-after-A-ANT2-20260908T232519.922013Z/run.json,2475.0,ANT2,40,0.012174971750415164,0.6461200564934247,0.40097937513259585
/srv/bulk/samteway/lab-data/tracking-comprehensive-20260908-v1/captures/block-20260908T231415311061Z-ref-after-A-ANT4-20260908T232507.295558Z/run.json,2475.0,ANT4,40,0.009884869529699672,0.9153547179945387,0.3353761008026503
/srv/bulk/samteway/lab-data/tracking-comprehensive-20260908-v1/captures/block-20260908T231415311061Z-ref-after-A-ANT5-20260908T232428.305486Z/run.json,2475.0,ANT5,40,0.0026176439980700535,3.6145926145801517,0.0970287430876518
/srv/bulk/samteway/lab-data/tracking-comprehensive-20260908-v1/captures/block-20260908T231415311061Z-ref-after-A-ANT7-20260908T232440.984886Z/run.json,2475.0,ANT7,40,0.007684380223689321,1.029497461704193,0.2828074132092643
/srv/bulk/samteway/lab-data/tracking-comprehensive-20260908-v1/captures/block-20260908T231415311061Z-ref-after-A-ANT8-20260908T232453.974685Z/run.json,2475.0,ANT8,40,0.02215595306973093,1.201423244758959,0.4392019433163233
/srv/bulk/samteway/lab-data/tracking-comprehensive-20260908-v1/captures/block-20260908T231415311061Z-ref-after-B-ANT1-20260908T232414.922306Z/run.json,2475.0,ANT1,40,0.02761250025470095,0.6377049053379805,0.510158968756761
/srv/bulk/samteway/lab-data/tracking-comprehensive-20260908-v1/captures/block-20260908T231415311061Z-ref-after-B-ANT2-20260908T232401.447053Z/run.json,2475.0,ANT2,40,0.012166768161522267,0.8010693180397698,0.37152951393209876
/srv/bulk/samteway/lab-data/tracking-comprehensive-20260908-v1/captures/block-20260908T231415311061Z-ref-after-B-ANT4-20260908T232346.871703Z/run.json,2475.0,ANT4,40,0.009877301492617684,0.9527577193442572,0.30826639101809733
/srv/bulk/samteway/lab-data/tracking-comprehensive-20260908-v1/captures/block-20260908T231415311061Z-ref-after-B-ANT5-20260908T232304.364638Z/run.json,2475.0,ANT5,40,0.002603052438717468,3.129132983267132,0.09291317231379573
/srv/bulk/samteway/lab-data/tracking-comprehensive-20260908-v1/captures/block-20260908T231415311061Z-ref-after-B-ANT7-20260908T232318.317009Z/run.json,2475.0,ANT7,40,0.007650402509417666,1.2942877248101112,0.24205856989766836
/srv/bulk/samteway/lab-data/tracking-comprehensive-20260908-v1/captures/block-20260908T231415311061Z-ref-after-B-ANT8-20260908T232332.779652Z/run.json,2475.0,ANT8,40,0.02129115213131036,0.9584790568099901,0.4006983642050906
/srv/bulk/samteway/lab-data/tracking-comprehensive-20260908-v1/captures/block-20260908T231415311061Z-ref-before-A-ANT1-20260908T231415.578026Z/run.json,2475.0,ANT1,40,0.02853130156653297,0.5944905417111596,0.5193170497426263
/srv/bulk/samteway/lab-data/tracking-comprehensive-20260908-v1/captures/block-20260908T231415311061Z-ref-before-A-ANT2-20260908T231428.756741Z/run.json,2475.0,ANT2,40,0.012087808961013052,0.6911702011693978,0.42284117852139785
/srv/bulk/samteway/lab-data/tracking-comprehensive-20260908-v1/captures/block-20260908T231415311061Z-ref-before-A-ANT4-20260908T231441.862839Z/run.json,2475.0,ANT4,40,0.009894329598931393,0.831755470434661,0.3445149715873957
/srv/bulk/samteway/lab-data/tracking-comprehensive-20260908-v1/captures/block-20260908T231415311061Z-ref-before-A-ANT5-20260908T231520.971436Z/run.json,2475.0,ANT5,40,0.0027078443568600203,3.2619154968360284,0.10330513707801595
/srv/bulk/samteway/lab-data/tracking-comprehensive-20260908-v1/captures/block-20260908T231415311061Z-ref-before-A-ANT7-20260908T231507.836806Z/run.json,2475.0,ANT7,40,0.0077777786286342175,1.0868265693104173,0.28935086272451394
/srv/bulk/samteway/lab-data/tracking-comprehensive-20260908-v1/captures/block-20260908T231415311061Z-ref-before-A-ANT8-20260908T231454.566927Z/run.json,2475.0,ANT8,40,0.02051857869202824,0.6499614159382588,0.5181241116138787
/srv/bulk/samteway/lab-data/tracking-comprehensive-20260908-v1/captures/block-20260908T231415311061Z-ref-before-B-ANT1-20260908T231545.676632Z/run.json,2475.0,ANT1,40,0.02990301179276805,0.6609856115745772,0.5187558927518692
/srv/bulk/samteway/lab-data/tracking-comprehensive-20260908-v1/captures/block-20260908T231415311061Z-ref-before-B-ANT2-20260908T231609.495621Z/run.json,2475.0,ANT2,40,0.012769263344630279,0.7044060869946127,0.3996923162098354
/srv/bulk/samteway/lab-data/tracking-comprehensive-20260908-v1/captures/block-20260908T231415311061Z-ref-before-B-ANT4-20260908T231624.257903Z/run.json,2475.0,ANT4,40,0.009735674429509707,0.8635465760986807,0.3240475792538322
/srv/bulk/samteway/lab-data/tracking-comprehensive-20260908-v1/captures/block-20260908T231415311061Z-ref-before-B-ANT5-20260908T231715.164163Z/run.json,2475.0,ANT5,40,0.002609144931460276,3.3234771853484535,0.09246172135042066
/srv/bulk/samteway/lab-data/tracking-comprehensive-20260908-v1/captures/block-20260908T231415311061Z-ref-before-B-ANT7-20260908T231655.860244Z/run.json,2475.0,ANT7,40,0.007608533480038753,1.1489259183798965,0.2692519774202618
/srv/bulk/samteway/lab-data/tracking-comprehensive-20260908-v1/captures/block-20260908T231415311061Z-ref-before-B-ANT8-20260908T231638.567946Z/run.json,2475.0,ANT8,40,0.020835258490673404,0.7339734036351709,0.4802100399488422
/srv/bulk/samteway/lab-data/tracking-comprehensive-20260908-v1/captures/diagnostic-2475-A-g40-ANT1-20260908T170741.948072Z/run.json,2475.0,ANT1,40,0.03073310420317481,0.5575972107866963,0.5617168982293247
/srv/bulk/samteway/lab-data/tracking-comprehensive-20260908-v1/captures/headroom-20260908T163303298482Z-2450000000-g40-r1-ANT1-20260908T163303.526186Z/run.json,2450.0,ANT1,40,0.8907296746944069,141.13181708372232,0.22807019348901772
/srv/bulk/samteway/lab-data/tracking-comprehensive-20260908-v1/captures/headroom-20260908T163303298482Z-2450000000-g40-r1-ANT2-20260908T163322.627618Z/run.json,2450.0,ANT2,40,0.1692188874149975,117.82523964138036,0.20941085303987486
/srv/bulk/samteway/lab-data/tracking-comprehensive-20260908-v1/captures/headroom-20260908T163303298482Z-2450000000-g40-r1-ANT4-20260908T163339.239579Z/run.json,2450.0,ANT4,40,0.20495699556663285,99.574348054992,0.21478677564696108
/srv/bulk/samteway/lab-data/tracking-comprehensive-20260908-v1/captures/headroom-20260908T163303298482Z-2450000000-g40-r1-ANT5-20260908T163428.806192Z/run.json,2450.0,ANT5,40,0.38666278550157235,94.29152822133817,0.24511426230059588
/srv/bulk/samteway/lab-data/tracking-comprehensive-20260908-v1/captures/headroom-20260908T163303298482Z-2450000000-g40-r1-ANT7-20260908T163412.932940Z/run.json,2450.0,ANT7,40,0.05034157247773676,83.88822028245745,0.17923885144142557
/srv/bulk/samteway/lab-data/tracking-comprehensive-20260908-v1/captures/headroom-20260908T163303298482Z-2450000000-g40-r1-ANT8-20260908T163357.174534Z/run.json,2450.0,ANT8,40,0.5313199316216354,137.14455115806945,0.2586595676455916
/srv/bulk/samteway/lab-data/tracking-comprehensive-20260908-v1/captures/headroom-20260908T163303298482Z-2450000000-g40-r2-ANT1-20260908T163603.564754Z/run.json,2450.0,ANT1,40,0.9213550820640943,139.49359356675765,0.23148886689960127
/srv/bulk/samteway/lab-data/tracking-comprehensive-20260908-v1/captures/headroom-20260908T163303298482Z-2450000000-g40-r2-ANT2-20260908T163548.595021Z/run.json,2450.0,ANT2,40,0.17680352316617565,112.32093777747424,0.21433871440311028
/srv/bulk/samteway/lab-data/tracking-comprehensive-20260908-v1/captures/headroom-20260908T163303298482Z-2450000000-g40-r2-ANT4-20260908T163533.325880Z/run.json,2450.0,ANT4,40,0.2112651035483077,100.65509633078791,0.21820323925893625
/srv/bulk/samteway/lab-data/tracking-comprehensive-20260908-v1/captures/headroom-20260908T163303298482Z-2450000000-g40-r2-ANT5-20260908T163443.648817Z/run.json,2450.0,ANT5,40,0.37888722259215646,90.74835027161689,0.24549275690364378
/srv/bulk/samteway/lab-data/tracking-comprehensive-20260908-v1/captures/headroom-20260908T163303298482Z-2450000000-g40-r2-ANT7-20260908T163501.854161Z/run.json,2450.0,ANT7,40,0.05178585484241949,80.31415126697435,0.1785682769251334
/srv/bulk/samteway/lab-data/tracking-comprehensive-20260908-v1/captures/headroom-20260908T163303298482Z-2450000000-g40-r2-ANT8-20260908T163517.963071Z/run.json,2450.0,ANT8,40,0.402945155257061,134.8948462635032,0.22448523489703603
/srv/bulk/samteway/lab-data/tracking-comprehensive-20260908-v1/captures/headroom-20260908T163303298482Z-5800000000-g60-r1-ANT1-20260908T163622.384665Z/run.json,5800.0,ANT1,60,0.0004679134370302526,40.4828042877636,0.009129270427553248
/srv/bulk/samteway/lab-data/tracking-comprehensive-20260908-v1/captures/headroom-20260908T163303298482Z-5800000000-g60-r1-ANT2-20260908T163640.120412Z/run.json,5800.0,ANT2,60,0.004646567476986541,2.8592704349945284,0.10756848028703649
/srv/bulk/samteway/lab-data/tracking-comprehensive-20260908-v1/captures/headroom-20260908T163303298482Z-5800000000-g60-r1-ANT4-20260908T163656.659885Z/run.json,5800.0,ANT4,60,0.003332598786408027,4.15420685670509,0.07714574604462808
/srv/bulk/samteway/lab-data/tracking-comprehensive-20260908-v1/captures/headroom-20260908T163303298482Z-5800000000-g60-r1-ANT5-20260908T163738.994186Z/run.json,5800.0,ANT5,60,0.0019886583131161813,7.47018916822495,0.046194743696366836
/srv/bulk/samteway/lab-data/tracking-comprehensive-20260908-v1/captures/headroom-20260908T163303298482Z-5800000000-g60-r1-ANT7-20260908T163725.777840Z/run.json,5800.0,ANT7,60,0.003365291520980412,3.824667412882783,0.07837369854877367
/srv/bulk/samteway/lab-data/tracking-comprehensive-20260908-v1/captures/headroom-20260908T163303298482Z-5800000000-g60-r1-ANT8-20260908T163711.624428Z/run.json,5800.0,ANT8,60,0.0023972359271788265,6.295053981520707,0.054678845591840664
/srv/bulk/samteway/lab-data/tracking-comprehensive-20260908-v1/captures/headroom-20260908T163303298482Z-5800000000-g60-r2-ANT1-20260908T163914.291929Z/run.json,5800.0,ANT1,60,0.0004197569968945601,45.00784104467405,0.00824640420035349
/srv/bulk/samteway/lab-data/tracking-comprehensive-20260908-v1/captures/headroom-20260908T163303298482Z-5800000000-g60-r2-ANT2-20260908T163900.229292Z/run.json,5800.0,ANT2,60,0.004667279274295395,3.04771386921717,0.10818705803250503
/srv/bulk/samteway/lab-data/tracking-comprehensive-20260908-v1/captures/headroom-20260908T163303298482Z-5800000000-g60-r2-ANT4-20260908T163843.793846Z/run.json,5800.0,ANT4,60,0.003266207785576167,4.327999405161433,0.07562625397096319
/srv/bulk/samteway/lab-data/tracking-comprehensive-20260908-v1/captures/headroom-20260908T163303298482Z-5800000000-g60-r2-ANT5-20260908T163752.792274Z/run.json,5800.0,ANT5,60,0.001961669553244593,6.837009795477818,0.04564577166943218
/srv/bulk/samteway/lab-data/tracking-comprehensive-20260908-v1/captures/headroom-20260908T163303298482Z-5800000000-g60-r2-ANT7-20260908T163807.606744Z/run.json,5800.0,ANT7,60,0.0032726176001399237,4.177106361949579,0.07599221145749216
/srv/bulk/samteway/lab-data/tracking-comprehensive-20260908-v1/captures/headroom-20260908T163303298482Z-5800000000-g60-r2-ANT8-20260908T163824.525033Z/run.json,5800.0,ANT8,60,0.0023476458008793947,5.945884246163855,0.0535951662561598
/srv/bulk/samteway/lab-data/tracking-comprehensive-20260908-v1/captures/stimulus-2450000000-A-g40-ANT1-20260908T163018.214977Z/run.json,2450.0,ANT1,40,0.8553259615518017,137.5859512710074,0.22166723319924939
