block,run_json,configuration,dwell_us,round,control,any_window_pass,first_phase_pass_ms,error,common_rotation_deg,gain_error_db,maximum_observable_gain_error_db,maximum_observable_phase_bias_deg,passed,raw_phase_bias_deg,relative_phase_bias_deg,weighted_phase_bias_deg
block-20260908T164249289170Z,/srv/bulk/samteway/lab-data/tracking-comprehensive-20260908-v1/captures/block-20260908T164249289170Z-r1-200us-20260908T164419.671459Z/run.json,A,200,1,False,True,50.83204270193895,,-0.9641396769583918,"[1.384101266728977, -0.36318261322791445, -0.6409983903750694, -0.5398015597124474, -0.32693309161333484, -0.5399464605782076]",0.6409983903750694,3.26371212191503,True,"[-8.242283764025954, -1.541545953515439, 1.3578578376319, -4.227851798873421, -0.6070364333392547, -0.22391716440449447]","[-7.278144087067563, -0.5774062765570472, 2.321997514590292, -3.26371212191503, 0.35710324361913703, 0.7402225125538973]",1.6286431833222008
block-20260908T164249289170Z,/srv/bulk/samteway/lab-data/tracking-comprehensive-20260908-v1/captures/block-20260908T164249289170Z-r1-200us-control-20260908T164428.709688Z/run.json,A,200,1,True,False,,autonomous C6 harmonic frequency estimates are inconsistent,,,,,,,,
block-20260908T164249289170Z,/srv/bulk/samteway/lab-data/tracking-comprehensive-20260908-v1/captures/block-20260908T164249289170Z-r1-1000us-20260908T164443.275303Z/run.json,A,1000,1,False,True,25.118057695986234,,-0.6776987481410359,"[2.7714800645857975, 0.3039780310060798, 0.2825776060262227, 0.22163002781485946, 0.31008104783089396, 0.32423361378343113]",0.32423361378343113,2.100591212846378,True,"[-0.7907424331090823, -1.5313808045216075, 0.9581686209810276, -2.7782899609874137, 0.2211043536788416, 0.00027707232844941557]","[-0.11304368496804641, -0.8536820563805716, 1.6358673691220633, -2.100591212846378, 0.8988031018198774, 0.6779758204694855]",1.2412038163883272
block-20260908T164249289170Z,/srv/bulk/samteway/lab-data/tracking-comprehensive-20260908-v1/captures/block-20260908T164249289170Z-r2-1000us-20260908T164452.460598Z/run.json,A,1000,2,False,True,25.115890690303072,,-0.24279955532616135,"[-0.965394464238676, -0.10987268171440864, -0.21237841789868378, -0.20022591885047972, 0.08868173723842065, -0.010731111377806237]",0.21237841789868378,2.6144991856683144,True,"[14.585871785596108, -1.8323391911557503, 2.371699630342153, -2.031352936447031, 0.4125620799024658, 1.3318544553347804]","[14.828671340922272, -1.5895396358295892, 2.6144991856683144, -1.7885533811208698, 0.6553616352286272, 1.5746540106609417]",1.9098721100420268
block-20260908T164249289170Z,/srv/bulk/samteway/lab-data/tracking-comprehensive-20260908-v1/captures/block-20260908T164249289170Z-r2-200us-control-20260908T164507.629421Z/run.json,A,200,2,True,True,50.82379704187223,,-1.0317918789189955,"[-1.0452389415773031, 0.01823172517160612, -0.04756654691948115, -0.2757026715711775, 0.14739944771922658, 0.20562488543660146]",0.2757026715711775,2.042286281510337,True,"[-5.6946131629298185, -2.0693123656183836, 1.0104944025913418, -2.0571395000138812, -0.5201390724017261, -0.9027809106453724]","[-4.662821284010823, -1.0375204866993883, 2.042286281510337, -1.0253476210948858, 0.5116528065172695, 0.12901096827362343]",1.2380373509039304
block-20260908T164249289170Z,/srv/bulk/samteway/lab-data/tracking-comprehensive-20260908-v1/captures/block-20260908T164249289170Z-r2-200us-20260908T164516.579171Z/run.json,A,200,2,False,True,50.827333257799,,-1.9050755536638333,"[0.9958036649774477, -0.12021271781704783, -0.22009245801759586, -0.3140702360882788, -0.15305640546261917, 0.28093082844443384]",0.3140702360882788,2.2731725518379915,True,"[-7.286973751767047, -2.6870321406791158, -1.552805945874248, -2.8348445054037734, 0.3680969981741583, -3.373026939526396]","[-5.381898198103214, -0.7819565870152826, 0.35226960778958494, -0.9297689517399407, 2.2731725518379915, -1.4679513858625628]",1.2862646478368729
block-20260908T164249289170Z,/srv/bulk/samteway/lab-data/tracking-comprehensive-20260908-v1/captures/block-20260908T164249289170Z-r3-200us-20260908T164525.695849Z/run.json,A,200,3,False,True,100.15815113861242,,-0.44620158490506817,"[0.8592674606463292, 0.02804860640551764, -0.4147230767909385, -0.2843981924482958, -0.07056971768477002, -0.4182193361405596]",0.4182193361405596,1.9316496480153318,True,"[2.9976597243041847, -1.9685723006018168, 0.3100216925902598, 1.0932492360964914, 1.4854480631102636, -2.143531151088157]","[3.443861309209253, -1.522370715696749, 0.7562232774953279, 1.5394508210015596, 1.9316496480153318, -1.6973295661830887]",1.5207426515514355
block-20260908T164249289170Z,/srv/bulk/samteway/lab-data/tracking-comprehensive-20260908-v1/captures/block-20260908T164249289170Z-r3-1000us-20260908T164540.641590Z/run.json,A,1000,3,False,True,25.113254715827736,,-1.2974767553606439,"[2.3138941497907584, 0.23841097865504646, -0.09866557315488922, 0.13894753939405266, 0.3927989981949891, 0.3641002556805757]",0.3927989981949891,1.7042150428339995,True,"[3.817077753539326, -2.2271760815335586, -0.31943001484883915, -2.6512714178954377, 0.4067382874733555, -1.8948640435751858]","[5.114554508899969, -0.9296993261729152, 0.9780467405118047, -1.3537946625347939, 1.7042150428339995, -0.5973872882145419]",1.1989197896926764
block-20260908T164249289170Z,/srv/bulk/samteway/lab-data/tracking-comprehensive-20260908-v1/captures/block-20260908T164249289170Z-r3-200us-control-20260908T164555.467050Z/run.json,A,200,3,True,False,,,-11.409862286641287,"[12.90992207354078, -12.583383315988858, -4.757830637965125, 0.7313801578549138, -3.0768950526691135, 0.9604777620488015]",12.583383315988858,75.98178598550847,False,"[71.86270150771064, -22.14704320902376, 64.57192369886718, -18.85960116649157, -62.82322637327557, 24.3741018016117]","[83.27256379435192, -10.737180922382477, 75.98178598550847, -7.44973887985028, -51.413364086634274, 35.783964088252986]",43.72429054307058
block-20260908T164901336940Z,/srv/bulk/samteway/lab-data/tracking-comprehensive-20260908-v1/captures/block-20260908T164901336940Z-r1-200us-20260908T165044.855101Z/run.json,A,200,1,False,False,,,-7.003548041525752,"[13.653847948450053, 13.855822738345145, 14.903866461004212, 14.323499812239797, 15.787273795714594, 14.282035017770369]",14.903866461004212,7.892269390967708,False,"[-8.766651354252847, -12.22399842603506, -3.9219819889794385, 0.8887213494419554, 3.77316460971441, -3.419501634309259]","[-1.763103312727097, -5.220450384509308, 3.081566052546313, 7.892269390967708, 10.776712651240159, 3.5840464072164933]",3.540034667336766
block-20260908T164901336940Z,/srv/bulk/samteway/lab-data/tracking-comprehensive-20260908-v1/captures/block-20260908T164901336940Z-r1-200us-control-20260908T165054.505689Z/run.json,A,200,1,True,False,,selector marker chain is not locally continuous,,,,,,,,
block-20260908T164901336940Z,/srv/bulk/samteway/lab-data/tracking-comprehensive-20260908-v1/captures/block-20260908T164901336940Z-r1-1000us-20260908T165109.390474Z/run.json,A,1000,1,False,False,100.46244374417338,,-7.001812741718768,"[-5.420844550611131, -6.326540305243004, -4.397329177511548, -4.938232437713196, -3.466538768701924, -4.751691766505663]",6.326540305243004,6.511142410306411,False,"[-8.676452846980496, -6.420861686463126, -9.5267458350703, -0.49067033141235805, -6.2980536325754235, -2.3420067058670693]","[-1.6746401052617266, 0.580951055255643, -2.5249330933515313, 6.511142410306411, 0.7037591091433444, 4.659806035851699]",3.0960649908492917
block-20260908T164901336940Z,/srv/bulk/samteway/lab-data/tracking-comprehensive-20260908-v1/captures/block-20260908T164901336940Z-r2-1000us-20260908T165118.580630Z/run.json,A,1000,2,False,False,,selector marker chain is not locally continuous,,,,,,,,
block-20260908T164901336940Z,/srv/bulk/samteway/lab-data/tracking-comprehensive-20260908-v1/captures/block-20260908T164901336940Z-r2-200us-20260908T165133.255727Z/run.json,A,200,2,False,False,100.14752357451901,,-7.318560928033358,"[-5.402074983086798, -6.37089526316953, -4.361858980034487, -4.8360770630893555, -3.4746499993563256, -4.636973407536877]",6.37089526316953,6.583377351359709,False,"[-8.956998652141719, -6.850849877129304, -10.980276201395691, -0.7351835766736496, -3.4737285666895907, -2.712542004807867]","[-1.6384377241083588, 0.4677110509040545, -3.661715273362333, 6.583377351359709, 3.8448323613437676, 4.606018923225491]",3.1276073651134566
block-20260908T164901336940Z,/srv/bulk/samteway/lab-data/tracking-comprehensive-20260908-v1/captures/block-20260908T164901336940Z-r2-200us-control-20260908T165142.922762Z/run.json,A,200,2,True,False,,,-6.262294323115705,"[13.886988501050684, 14.100108357581323, 15.048595623229573, 14.554734297932484, 15.664448731324264, 14.452240670282052]",15.048595623229573,5.92668747038833,False,"[-7.753912294492044, -11.03798954556706, -3.5237402075873145, -0.3356068527273736, 2.328374686333016, -2.166634459606087]","[-1.491617971376339, -4.775695222451355, 2.73855411552839, 5.92668747038833, 8.590669009448721, 4.095659863509617]",2.934089549847744
block-20260908T164901336940Z,/srv/bulk/samteway/lab-data/tracking-comprehensive-20260908-v1/captures/block-20260908T164901336940Z-r3-1000us-20260908T165157.586178Z/run.json,A,1000,3,False,False,6.277500000000001,,-4.73073418290252,"[13.074468295851657, 13.553844893836548, 13.973854740512625, 13.461060438490096, 14.653631640586829, 14.035383913985784]",14.035383913985784,6.862788076009931,False,"[-6.31105265461604, -9.710772616383544, -1.772592907436197, 2.1320538931074102, -0.15596212374379217, -1.1278752102501315]","[-1.580318471713519, -4.980038433481024, 2.9581412754663234, 6.862788076009931, 4.574772059158728, 3.6028589726523887]",3.156257279245578
block-20260908T164901336940Z,/srv/bulk/samteway/lab-data/tracking-comprehensive-20260908-v1/captures/block-20260908T164901336940Z-r3-200us-20260908T165212.309514Z/run.json,A,200,3,False,False,,analysis requires a passed TX1 fast capture,,,,,,,,
block-20260908T171600754199Z,/srv/bulk/samteway/lab-data/tracking-comprehensive-20260908-v1/captures/block-20260908T171600754199Z-r1-200us-20260908T171801.183781Z/run.json,A,200,1,False,False,,,23.08944287318889,"[-45.52067307179154, 6.651126493009296, 1.4087727047965037, -5.991112079652733, 7.758689540191223, 7.3153786921540895]",45.52067307179154,169.89798212506497,False,"[20.472925300299632, 120.91704064886271, 18.210450749069693, 5.7542047443422755, -167.01257500174614, -73.98571105231969]","[-2.6165175728892582, 97.8275977756738, -4.8789921241192005, -17.335238128846616, 169.89798212506497, -97.07515392550857]",48.38766991982304
block-20260908T171600754199Z,/srv/bulk/samteway/lab-data/tracking-comprehensive-20260908-v1/captures/block-20260908T171600754199Z-r1-200us-control-20260908T171810.417243Z/run.json,A,200,1,True,False,,,14.520693570828012,"[-27.662262491252264, 5.89377274329392, 0.9429511985852485, -5.901821685616213, 7.001208170190502, 6.521627792265665]",27.662262491252264,178.91096244605254,False,"[7.967683099058933, 120.32896506894713, 19.0213535569867, 5.607587660786806, -166.56834398311946, -73.59137860904013]","[-6.5530104717690785, 105.80827149811911, 4.500659986158689, -8.913105910041207, 178.91096244605254, -88.11207217986814]",50.93613410217886
block-20260908T171600754199Z,/srv/bulk/samteway/lab-data/tracking-comprehensive-20260908-v1/captures/block-20260908T171600754199Z-r1-1000us-20260908T171825.016120Z/run.json,A,1000,1,False,True,6.277672522573397,,1.022129525596999,"[-0.028308567305999732, -0.21729367398784197, 0.2664677344443455, 0.38280007997683047, 0.009571055377343223, 0.20652382523531462]",0.38280007997683047,0.7756686979482713,True,"[1.0305795889750948, 1.11913446382775, 1.7977982235452705, 0.7328139979950313, 1.2886673653815188, 0.4932149096815785]","[0.008450063378095646, 0.0970049382307509, 0.7756686979482713, -0.28931552760196777, 0.2665378397845198, -0.5289146159154208]",0.2556191309349646
block-20260908T171600754199Z,/srv/bulk/samteway/lab-data/tracking-comprehensive-20260908-v1/captures/block-20260908T171600754199Z-r2-200us-control-20260908T171839.680101Z/run.json,A,200,2,True,False,,,15.181596175823989,"[-27.200474816937195, 5.408827828317192, 0.3818912811118999, -6.188836207384092, 6.564590584990019, 5.859591871835427]",27.200474816937195,178.38585281888493,False,"[8.615475701284518, 120.3415179347417, 19.993360293027283, 6.054087981102247, -166.4325510052911, -73.76518501013715]","[-6.566120474539472, 105.15992175891772, 4.8117641172032934, -9.127508194721743, 178.38585281888493, -88.94678118596114]",50.74103547812074
block-20260908T171600754199Z,/srv/bulk/samteway/lab-data/tracking-comprehensive-20260908-v1/captures/block-20260908T171600754199Z-r2-200us-20260908T171848.835237Z/run.json,A,200,2,False,False,,,21.038044658571536,"[-44.10471581849501, 6.834506629395111, 1.6225571146074949, -5.840167139325189, 7.921757772104778, 7.69498643201735]",44.10471581849501,172.5599518781959,False,"[17.323576687132107, 122.10174510203144, 18.176479237464612, 6.307731795106594, -166.40200346323257, -73.07019035844367]","[-3.7144679714394297, 101.06370044345991, -2.861565421106926, -14.730312863464945, 172.5599518781959, -94.1082350170152]",49.23948977789519
block-20260908T171600754199Z,/srv/bulk/samteway/lab-data/tracking-comprehensive-20260908-v1/captures/block-20260908T171600754199Z-r2-1000us-20260908T171903.465535Z/run.json,A,1000,2,False,True,6.2775899983659835,,-0.9858060808534195,"[-0.12954780527138204, -0.31378648638222684, 0.24061753010451883, 0.31328067507842805, -0.0589312550381165, 0.10359010447337738]",0.31378648638222684,0.8235880552826866,True,"[-0.9371049755314096, -0.8224580688381401, -0.16221802557073273, -1.3645163879676339, -0.8969282356665231, -1.7943073583423865]","[0.0487011053220098, 0.16334801201527932, 0.8235880552826866, -0.37871030711421455, 0.08887784518689629, -0.808501277488967]",0.2967237761418935
block-20260908T171600754199Z,/srv/bulk/samteway/lab-data/tracking-comprehensive-20260908-v1/captures/block-20260908T171600754199Z-r3-200us-20260908T171918.291318Z/run.json,A,200,3,False,False,,,11.671963857127867,"[-36.92289532025522, 6.631555270107228, 1.5384542326018877, -5.890019977741506, 7.7500562214701, 7.537923466148115]",36.92289532025522,178.33126408981568,False,"[3.978919232557683, 121.26340238486162, 17.69914979589975, 5.758168486437637, -166.6593002326878, -73.48976318301017]","[-7.693044624570185, 109.59143852773374, 6.027185938771879, -5.913795370690229, -178.33126408981568, -85.16172704013805]",51.63459830136797
block-20260908T171600754199Z,/srv/bulk/samteway/lab-data/tracking-comprehensive-20260908-v1/captures/block-20260908T171600754199Z-r3-200us-control-20260908T171927.665074Z/run.json,A,200,3,True,False,,,16.93642752974625,"[-42.67697484391764, 6.823739618714639, 1.6292159766666094, -5.859340849547147, 7.937592364827602, 7.660427688557041]",42.67697484391764,176.737572878038,False,"[11.32367292115676, 121.77085343786574, 18.09398376427069, 6.384909042121978, -166.32599959221577, -73.23240567842659]","[-5.612754608589491, 104.83442590811947, 1.1575562345244383, -10.551518487624271, 176.737572878038, -90.16883320817284]",50.438433564959674
block-20260908T171600754199Z,/srv/bulk/samteway/lab-data/tracking-comprehensive-20260908-v1/captures/block-20260908T171600754199Z-r3-1000us-20260908T171942.631329Z/run.json,A,1000,3,False,True,6.278030905862213,,0.8590933191396217,"[0.07251880120995928, -0.12634483403550034, 0.36240801469255846, 0.5012539632915515, 0.11434678987322205, 0.31633908125223714]",0.5012539632915515,0.696124468378828,True,"[0.839894243933799, 0.9094941336507354, 1.5552177875184496, 0.672341792254139, 1.0082247686310226, 0.9408978906165669]","[-0.019199075205822803, 0.05040081451111375, 0.696124468378828, -0.1867515268854828, 0.1491314494914007, 0.08180457147694509]",0.20309617959979145
block-20260908T222235133339Z,/srv/bulk/samteway/lab-data/tracking-comprehensive-20260908-v1/captures/block-20260908T222235133339Z-r1-200us-control-20260908T222359.927361Z/run.json,A,200,1,True,True,20.935039673699947,,-2.223776896502435,"[-0.6843864594106143, 0.09822045198652013, 0.24108212251907318, -0.11233846091933182, 0.005641174670640517, 0.2970544504465391]",0.6843864594106143,3.998361247111612,True,"[-6.222138143614047, -2.184069538105601, -0.43546030888978216, -1.5131467491669026, -3.225716089568294, -2.7265767646124845]","[-3.998361247111612, 0.03970735839683393, 1.788316587612653, 0.7106301473355325, -1.0019391930658588, -0.5027998681100496]",0.9687243311485703
block-20260908T222235133339Z,/srv/bulk/samteway/lab-data/tracking-comprehensive-20260908-v1/captures/block-20260908T222235133339Z-r1-100us-20260908T222415.183804Z/run.json,A,100,1,False,False,,,-3.445035165475507,"[0.5903227490024902, -2.077547084667968, -1.286080292192727, -1.0474882515742947, -1.4812372050870901, -0.8863899417321636]",2.077547084667968,46.22870107473894,False,"[-49.67373624021445, -5.731101514536117, 9.165228601317919, 3.511396943398415, -7.803596617341929, 3.1138743766761388]","[-46.22870107473894, -2.2860663490606092, 12.610263766793425, 6.956432108873922, -4.358561451866423, 6.558909542151646]",8.596658842766397
block-20260908T222235133339Z,/srv/bulk/samteway/lab-data/tracking-comprehensive-20260908-v1/captures/block-20260908T222235133339Z-r1-50us-20260908T222430.717395Z/run.json,A,50,1,False,False,,,-2.4705876876994624,"[-0.4222296851143936, -5.2286094277052655, 0.2703493847347696, -2.0247724467676123, -2.4176514237450126, 0.2602336375381089]",5.2286094277052655,57.71678539618023,False,"[-60.18737308387969, -0.7968099404708925, 31.695203926613516, -12.808610269777791, -18.08584336105623, 13.703851870242232]","[-57.71678539618023, 1.6737777472285698, 34.16579161431298, -10.338022582078331, -15.61525567335677, 16.174439557941696]",16.50168258764446
block-20260908T222235133339Z,/srv/bulk/samteway/lab-data/tracking-comprehensive-20260908-v1/captures/block-20260908T222235133339Z-r1-1000us-20260908T222445.466742Z/run.json,A,1000,1,False,True,25.119443894212544,,-1.6710810241512082,"[-0.47031208771731225, 0.04236661881906225, 0.06341951679992149, -0.08785992546052698, 0.17771245380639988, 0.14063011911437873]",0.47031208771731225,2.086679775906985,True,"[-3.7577608000581932, -1.589192099429537, -1.1887883782657327, -0.39456213823668573, -3.007602117072929, -1.0556043801168662]","[-2.086679775906985, 0.08188892472167104, 0.48229264588547544, 1.2765188859145224, -1.3365210929217208, 0.6154766440343421]",0.8426658524532062
block-20260908T222235133339Z,/srv/bulk/samteway/lab-data/tracking-comprehensive-20260908-v1/captures/block-20260908T222235133339Z-r1-200us-20260908T222501.075648Z/run.json,A,200,1,False,False,,,-2.6098663874703485,"[6.352943317055177, -11.78100587042227, -7.165317451131992, 2.87177687684744, -2.436845010385368, 2.1731971295203016]",11.78100587042227,96.27792288126997,False,"[-84.60774163849268, 4.911501274969807, 93.66805649379963, 4.037075590206244, -62.35769442031054, 1.155280758379473]","[-81.99787525102232, 7.521367662440156, 96.27792288126997, 6.646941977676592, -59.74782803284019, 3.765147145849822]",43.31240358090849
block-20260908T222235133339Z,/srv/bulk/samteway/lab-data/tracking-comprehensive-20260908-v1/captures/block-20260908T222235133339Z-r1-25us-20260908T222516.265695Z/run.json,A,25,1,False,False,,autonomous C6 harmonic frequency estimates are inconsistent,,,,,,,,
block-20260908T222235133339Z,/srv/bulk/samteway/lab-data/tracking-comprehensive-20260908-v1/captures/block-20260908T222235133339Z-r2-50us-20260908T222531.402805Z/run.json,A,50,2,False,False,100.50900155149932,,-3.2329540215856456,"[-1.638116558381514, -1.3847295047542996, -1.2347975970251204, -1.0468789123599065, -1.1936457244756227, -0.464828248593826]",1.638116558381514,10.222186481154035,False,"[-13.455140502739681, -3.5793872986090127, 1.698380687609528, -1.5345032346483074, -5.863591696007845, -1.5260759141733504]","[-10.222186481154035, -0.3464332770233675, 4.931334709195173, 1.6984507869373382, -2.6306376744221995, 1.706878107412295]",2.5800427960038146
block-20260908T222235133339Z,/srv/bulk/samteway/lab-data/tracking-comprehensive-20260908-v1/captures/block-20260908T222235133339Z-r2-1000us-20260908T222546.698760Z/run.json,A,1000,2,False,True,25.121035576979843,,-2.083597653083368,"[-0.7732625880917612, -0.11902214353583433, 0.012287437599985825, 0.047264466553193205, -0.02625779271920896, 0.05939315586838575]",0.7732625880917612,5.091055763296132,True,"[-7.174653416379501, -1.935962232398283, -1.0144589704179732, -1.2405944654902028, -3.287335000454997, -1.5461117785111442]","[-5.091055763296132, 0.14763542068508503, 1.069138682665395, 0.8430031875931656, -1.2037373473716286, 0.5374858745722241]",1.0165029796834444
block-20260908T222235133339Z,/srv/bulk/samteway/lab-data/tracking-comprehensive-20260908-v1/captures/block-20260908T222235133339Z-r2-25us-20260908T222601.891685Z/run.json,A,25,2,False,False,,autonomous C6 harmonic frequency estimates are inconsistent,,,,,,,,
block-20260908T222235133339Z,/srv/bulk/samteway/lab-data/tracking-comprehensive-20260908-v1/captures/block-20260908T222235133339Z-r2-200us-control-20260908T222617.293187Z/run.json,A,200,2,True,True,50.84360318948853,,-2.386527523183502,"[-0.6764103056860338, -0.3326360691090986, -0.19404615914215917, -0.289011521858817, -0.29284892847889943, 0.20478280704189028]",0.6764103056860338,7.234115358076957,True,"[-9.620642881260459, -3.0723610980836225, -0.07961252853496571, -0.07287801488263, -3.472869583008912, -0.6757981891972944]","[-7.234115358076957, -0.6858335749001204, 2.3069149946485363, 2.3136495083008723, -1.08634205982541, 1.7107293339862075]",1.7190591605325087
block-20260908T222235133339Z,/srv/bulk/samteway/lab-data/tracking-comprehensive-20260908-v1/captures/block-20260908T222235133339Z-r2-200us-20260908T222626.631316Z/run.json,A,200,2,False,False,50.84359810772015,,-2.680827269220078,"[-0.17626187011607597, -1.4171483687340645, -0.49213246986599657, -0.4546839388419461, -1.0347997131325641, -0.7984533561093701]",1.4171483687340645,32.80151317219442,False,"[-35.48234044141451, -3.7082140996310087, 8.4622798188195, 1.0348585151065448, -7.872039056116005, 3.307829153790557]","[-32.80151317219442, -1.02738683041093, 11.143107088039578, 3.7156857843266233, -5.191211786895926, 5.988656423010635]",6.650685398734433
block-20260908T222235133339Z,/srv/bulk/samteway/lab-data/tracking-comprehensive-20260908-v1/captures/block-20260908T222235133339Z-r2-100us-20260908T222641.322420Z/run.json,A,100,2,False,False,,,-2.7486315954197673,"[-0.5164253681864237, -2.4624310621293533, -0.15311118520479972, -0.8449441065789536, -1.3504808502958383, 0.09534209297896765]",2.4624310621293533,36.31828667455114,False,"[-39.066918269970905, -3.0960384442897273, 17.34078733508396, -5.679021166119109, -10.154466773494844, 5.155803723377744]","[-36.31828667455114, -0.3474068488699597, 20.089418930503726, -2.9303895706993406, -7.405835178075076, 7.904435318797512]",9.242593683728325
block-20260908T222235133339Z,/srv/bulk/samteway/lab-data/tracking-comprehensive-20260908-v1/captures/block-20260908T222235133339Z-r3-200us-20260908T222656.033948Z/run.json,A,200,3,False,True,20.93667073828589,,-2.7356331971064978,"[-0.7647465310217711, -0.13911032956353211, -0.2973718876002941, -0.24641048654864323, -0.17992531832738093, 0.13142173761707604]",0.7647465310217711,2.4965837091787346,True,"[-3.881301121464867, -2.269878982627221, -1.6477149343088702, -1.4031262537532039, -5.232216906285233, -2.763588136022775]","[-1.1456679243583698, 0.4657542144792766, 1.0879182627976276, 1.3325069433532943, -2.4965837091787346, -0.02795493891627746]",1.3145746012943318
block-20260908T222235133339Z,/srv/bulk/samteway/lab-data/tracking-comprehensive-20260908-v1/captures/block-20260908T222235133339Z-r3-50us-20260908T222710.858363Z/run.json,A,50,3,False,False,,,2.245355353850639,"[0.2097889060973856, -7.354555845978239, 1.9914289631662776, -2.4749190737065248, -1.912550016512319, 1.6485367111449216]",7.354555845978239,60.47945470869755,False,"[-58.234099354846904, 9.873941232151978, 42.99326902179955, -26.436947449694543, -19.923991755705945, 21.53637329413349]","[-60.47945470869755, 7.6285858783013385, 40.747913667948914, -28.682302803545177, -22.16934710955659, 19.291017940282856]",22.606975008048217
block-20260908T222235133339Z,/srv/bulk/samteway/lab-data/tracking-comprehensive-20260908-v1/captures/block-20260908T222235133339Z-r3-1000us-20260908T222725.732602Z/run.json,A,1000,3,False,True,25.122742634000723,,-1.116116620003925,"[-0.17546277719431325, 0.02693285774854294, 0.0729839472107578, 0.07616465912123929, 0.14243872972457589, -0.017024814057731864]",0.17546277719431325,3.797925665320199,True,"[-4.914042285324125, -1.0477795070757008, 1.2552198194686903, 0.5590865345124648, -3.488743724142658, -0.720694742582502]","[-3.797925665320199, 0.06833711292822416, 2.371336439472615, 1.67520315451639, -2.3726271041387337, 0.3954218774214231]",1.546462835556183
block-20260908T222235133339Z,/srv/bulk/samteway/lab-data/tracking-comprehensive-20260908-v1/captures/block-20260908T222235133339Z-r3-200us-control-20260908T222740.934092Z/run.json,A,200,3,True,False,50.84302003501171,,-2.5561356867919436,"[-1.3176581215609344, -0.4618427555326032, -0.36472023932334313, -0.22839504702254124, -0.33880353769436433, 0.2944858529726608]",1.3176581215609344,10.597398821644171,False,"[-13.153534508436115, -2.6152733553695438, 0.6461679358405722, -1.1499977133628088, -4.259760862907005, -2.11225388975505]","[-10.597398821644171, -0.05913766857759993, 3.2023036226325163, 1.406137973429135, -1.7036251761150611, 0.4438817970368937]",2.0305572972755512
block-20260908T222235133339Z,/srv/bulk/samteway/lab-data/tracking-comprehensive-20260908-v1/captures/block-20260908T222235133339Z-r3-25us-20260908T222755.811703Z/run.json,A,25,3,False,False,,autonomous C6 harmonic frequency estimates are inconsistent,,,,,,,,
block-20260908T222235133339Z,/srv/bulk/samteway/lab-data/tracking-comprehensive-20260908-v1/captures/block-20260908T222235133339Z-r3-100us-20260908T222810.962634Z/run.json,A,100,3,False,False,50.24862499530046,,-2.910254350010581,"[-1.1563930374899751, -0.5785167566073786, -0.2890765863828203, -0.4549866709230145, -0.5029412048356116, -0.27968967032895276]",1.1563930374899751,8.387146558585544,False,"[-11.297400908596124, -3.1943168056824405, 0.5523458441218703, -1.4936258888899814, -4.937748237338791, -1.000168279362872]","[-8.387146558585544, -0.28406245567185917, 3.462600194132451, 1.4166284611206, -2.027493887328211, 1.9100860706477096]",2.0047785602714816
block-20260908T223136472639Z,/srv/bulk/samteway/lab-data/tracking-comprehensive-20260908-v1/captures/block-20260908T223136472639Z-r1-A-1000us-control-20260908T223540.792355Z/run.json,A,1000,1,True,True,25.12437466680627,,1.2125087813785307,"[-0.22827596237499576, 0.3363188729945168, 0.48861196053274303, 0.0522099464539762, 0.3899540648781882, 0.6925529159597106]",0.6925529159597106,3.2996630322783624,True,"[0.01486557754591585, 1.053876162529952, 2.3726797004593494, 2.2365764147320677, -0.7738521773109396, 4.5121718136568925]","[-1.197643203832615, -0.15863261884857888, 1.1601709190808183, 1.024067633353537, -1.9863609586894702, 3.2996630322783624]",1.3426781046156315
block-20260908T223136472639Z,/srv/bulk/samteway/lab-data/tracking-comprehensive-20260908-v1/captures/block-20260908T223136472639Z-r1-B-100us-20260908T223555.226309Z/run.json,B,100,1,False,False,50.24611700770262,,-1.9634527073445132,"[-0.5312802395382503, -0.8816885181213672, -0.45483061685900117, -0.6358287831727648, -0.2575478367916905, -0.40843612898684467]",0.8816885181213672,12.744913260069387,False,"[-14.7083659674139, -1.2084259235424517, -3.052945286715224, -2.7903653875768946, -2.220871733393135, 0.07163331359890802]","[-12.744913260069387, 0.7550267838020611, -1.0894925793707113, -0.8269126802323821, -0.25741902604862227, 2.035086020943421]",1.87787003032127
block-20260908T223136472639Z,/srv/bulk/samteway/lab-data/tracking-comprehensive-20260908-v1/captures/block-20260908T223136472639Z-r1-B-50us-20260908T223610.856607Z/run.json,B,50,1,False,False,50.25011167467238,,-2.985783221704857,"[-0.782312967912433, -1.078502867553427, -0.7087768879945668, -1.0144781512281378, -0.6627544412625934, -0.29121098691382774]",1.078502867553427,5.685430731944541,False,"[-8.6712139536494, -2.5758055360938568, -6.151728372733029, -1.3712935528837487, -2.4508646689380527, -4.130081423182076]","[-5.685430731944541, 0.4099776856110002, -3.165945151028171, 1.6144896688211086, 0.5349185527668043, -1.144298201477218]",1.4899376485687617
block-20260908T223136472639Z,/srv/bulk/samteway/lab-data/tracking-comprehensive-20260908-v1/captures/block-20260908T223136472639Z-r1-B-1000us-20260908T223625.825747Z/run.json,B,1000,1,False,True,25.12479975802177,,4.166951088341828,"[0.11652752525011632, 0.014186979641849487, 0.018616083741535658, 0.20926113284330264, 0.3410518345522072, -0.02630218755110704]",0.3410518345522072,4.793761728782672,True,"[-0.6268106404408444, 4.549516058644483, 0.8496004927114206, 5.906256815659323, 4.122652693523389, 4.706460948353733]","[-4.793761728782672, 0.3825649703026543, -3.317350595630407, 1.739305727317494, -0.04429839481843873, 0.5395098600119054]",1.4470603542777836
block-20260908T223136472639Z,/srv/bulk/samteway/lab-data/tracking-comprehensive-20260908-v1/captures/block-20260908T223136472639Z-r1-A-200us-control-20260908T223640.979502Z/run.json,A,200,1,True,True,20.937383272551674,,-0.40044776457399717,"[-0.5925624121319855, 0.18892215032164286, 0.2937284398847961, -0.2207524724501484, 0.07065682501680474, 0.017880916684419806]",0.5925624121319855,1.778176769238575,True,"[1.3777290046645774, -0.4986704356383601, -0.6863436957823466, 0.6073479710607708, -1.4439383257455325, 1.3516861658578876]","[1.778176769238575, -0.09822267106436283, -0.2858959312083492, 1.0077957356347678, -1.0434905611715353, 1.7521339304318846]",0.7849252525886328
block-20260908T223136472639Z,/srv/bulk/samteway/lab-data/tracking-comprehensive-20260908-v1/captures/block-20260908T223136472639Z-r1-B-200us-20260908T223650.064212Z/run.json,B,200,1,False,True,50.85469580528944,,-3.6127733817726684,"[-0.4342768767640542, -0.7652938861470516, -0.5250757976186653, -0.6404439253826091, -0.5515189354549853, -0.715865004595969]",0.7652938861470516,4.812762357947323,True,"[-6.23842771114383, -3.006454365309636, -8.425535739719992, -2.506711917712758, -3.109338843710498, -3.086282768829807]","[-2.62565432937116, 0.606319016463033, -4.812762357947323, 1.1060614640599107, 0.5034345380621709, 0.5264906129428617]",1.7511462711283392
block-20260908T223136472639Z,/srv/bulk/samteway/lab-data/tracking-comprehensive-20260908-v1/captures/block-20260908T223136472639Z-r1-B-25us-20260908T223705.908313Z/run.json,B,25,1,False,False,,autonomous C6 harmonic frequency estimates are inconsistent,,,,,,,,
block-20260908T223136472639Z,/srv/bulk/samteway/lab-data/tracking-comprehensive-20260908-v1/captures/block-20260908T223136472639Z-r2-B-50us-20260908T223721.383872Z/run.json,B,50,2,False,True,50.245119674387325,,-6.000410970057376,"[-0.9177887571263705, -0.9686280384184338, -0.6667302713092567, -0.754024704587718, -0.8021834650535454, -0.6387323850458694]",0.9686280384184338,3.203838789414773,True,"[-7.242443538692887, -5.565158868619928, -9.204249759472148, -4.391250289731428, -5.978243941944273, -6.882068745942872]","[-1.2420325686355114, 0.4352521014374483, -3.203838789414773, 1.609160680325948, 0.022167028113103282, -0.8816577758854965]",1.2820178846030947
block-20260908T223136472639Z,/srv/bulk/samteway/lab-data/tracking-comprehensive-20260908-v1/captures/block-20260908T223136472639Z-r2-B-1000us-20260908T223736.720163Z/run.json,B,1000,2,False,False,25.124941412989184,,0.40918700857416646,"[1.5443331156854632, 0.21987182809954128, 0.4521136061120339, 0.48338772786928, 0.5385136924814781, 0.21398147489374217]",1.5443331156854632,3.2761751103400174,False,"[3.5538255537078345, 0.5494195271040386, -2.8669881017658514, 1.507554865710304, 1.3933889328173967, -1.121627781109015]","[3.1446385451336676, 0.14023251852987212, -3.2761751103400174, 1.0983678571361375, 0.9842019242432304, -1.5308147896831812]",1.3631796844392594
block-20260908T223136472639Z,/srv/bulk/samteway/lab-data/tracking-comprehensive-20260908-v1/captures/block-20260908T223136472639Z-r2-B-25us-20260908T223752.613062Z/run.json,B,25,2,False,False,,autonomous C6 harmonic frequency estimates are inconsistent,,,,,,,,
block-20260908T223136472639Z,/srv/bulk/samteway/lab-data/tracking-comprehensive-20260908-v1/captures/block-20260908T223136472639Z-r2-B-100us-20260908T223807.899648Z/run.json,B,100,2,False,True,50.25664781260152,,-3.0823801724250615,"[0.5932082153586572, -0.850771000916489, -0.6618703060166711, -0.3280593141196219, -0.25388395308195283, -0.11173724995394893]",0.850771000916489,7.081445632497708,True,"[-10.16382580492277, -3.036908143598429, -2.154150042220485, -3.066230856824043, -3.316266312081267, -2.4863822008379226]","[-7.081445632497708, 0.045472028826632, 0.9282301302045767, 0.01614931560101845, -0.2338861396562057, 0.5959979715871386]",0.9886625154091141
block-20260908T223136472639Z,/srv/bulk/samteway/lab-data/tracking-comprehensive-20260908-v1/captures/block-20260908T223136472639Z-r2-B-200us-20260908T223823.280789Z/run.json,B,200,2,False,False,400.907644512042,,39.217745192120454,"[3.5249479451256254, -14.646762574992081, 5.643024812677232, -1.0876190703035096, -1.8680773461863212, 4.358528737983983]",14.646762574992081,120.72637162283904,False,"[-81.50862643071856, 80.23352182092381, 53.223136402758236, -46.101320088434235, -32.02929535563943, 31.926010554403113]","[-120.72637162283904, 41.01577662880335, 14.005391210637779, -85.31906528055468, -71.24704054775988, -7.291734637717344]",55.17443882438553
block-20260908T223136472639Z,/srv/bulk/samteway/lab-data/tracking-comprehensive-20260908-v1/captures/block-20260908T223136472639Z-r2-A-200us-control-20260908T223833.018806Z/run.json,A,200,2,True,False,50.85300581067193,,-1.603546606841849,"[-0.14777958905935193, -0.8675728067059351, -0.7738784157707713, -0.5699118396693041, -0.8554456139333473, -0.203116362383004]",0.8675728067059351,17.717219825804076,False,"[-19.320766432645925, -3.2448762139425655, 5.980637059911861, 1.144522414550212, -2.8999259017724985, 0.41264024155003054]","[-17.717219825804076, -1.6413296071007166, 7.584183666753709, 2.748069021392061, -1.2963792949306494, 2.0161868483918792]",3.8106859066087018
block-20260908T223136472639Z,/srv/bulk/samteway/lab-data/tracking-comprehensive-20260908-v1/captures/block-20260908T223136472639Z-r2-A-1000us-control-20260908T223847.532210Z/run.json,A,1000,2,True,True,25.123366066059294,,-0.7655529323584369,"[0.7264916674221473, -0.014548716490716426, 0.00026521898580734874, -0.1441247008542223, 0.06644642950176564, 0.14845752532349474]",0.7264916674221473,3.2057056844523886,True,"[2.440152752093952, -0.9886778270451728, 0.026685380473566937, 0.17544685253183195, -1.9692604138342784, 0.3367757157967573]","[3.2057056844523886, -0.22312489468673602, 0.7922383128320039, 0.9409997848902688, -1.203707481475842, 1.1023286481551942]",0.8639637479607263
block-20260908T223136472639Z,/srv/bulk/samteway/lab-data/tracking-comprehensive-20260908-v1/captures/block-20260908T223136472639Z-r3-A-200us-control-20260908T223902.112295Z/run.json,A,200,3,True,False,,,35.55573655807176,"[3.391987077062585, -15.299473358872644, 5.019992236428004, -0.8893351016251501, -2.348127708300379, 4.052058979085644]",15.299473358872644,115.64324283038535,False,"[-80.0875062723136, 72.43973116599982, 59.514426545683854, -38.44971002663901, -36.46275946735347, 33.20206638790891]","[-115.64324283038535, 36.88399460792806, 23.9586899876121, -74.00544658471077, -72.01849602542524, -2.353670170162857]",51.82795334313635
block-20260908T223136472639Z,/srv/bulk/samteway/lab-data/tracking-comprehensive-20260908-v1/captures/block-20260908T223136472639Z-r3-B-200us-20260908T223911.469265Z/run.json,B,200,3,False,True,50.84325398951095,,1.605233355405314,"[0.719207005626683, -0.3540917205833402, -0.0043674026007925765, 0.2664994879399716, 0.30234462829911146, 0.1931781909534103]",0.719207005626683,4.257962233284316,True,"[-2.652728877879003, 1.568717088576921, 1.3426557745078593, 2.1217686594901974, 1.5952492030952647, 2.376460755565209]","[-4.257962233284316, -0.036516266828392735, -0.26257758089745475, 0.5165353040848836, -0.009984152310049291, 0.771227400159895]",0.6243063583069082
block-20260908T223136472639Z,/srv/bulk/samteway/lab-data/tracking-comprehensive-20260908-v1/captures/block-20260908T223136472639Z-r3-B-1000us-20260908T223927.975119Z/run.json,B,1000,3,False,True,25.12534339706479,,-2.1578144127295693,"[0.13923157965521063, -0.769662754086401, -0.3248520455803821, -0.7216868538002184, -0.26025270124279853, -0.4943667182482952]",0.769662754086401,4.014474726875675,True,"[-0.1703179363323506, -1.5029147487727699, -6.172289139605243, -1.2687535862953812, -1.8515319378531514, -3.4822675833003514]","[1.9874964763972183, 0.6548996639567993, -4.014474726875675, 0.8890608264341878, 0.30628247487641735, -1.324453170570783]",1.5100198030596206
block-20260908T223136472639Z,/srv/bulk/samteway/lab-data/tracking-comprehensive-20260908-v1/captures/block-20260908T223136472639Z-r3-B-50us-20260908T223943.977924Z/run.json,B,50,3,False,False,50.25697526166172,,-4.667618116831482,"[-1.0032263275470108, -0.6825253064550552, -0.39412281037325425, -0.3855433404794303, -0.26276587829086795, -0.06090572732574119]",1.0032263275470108,10.084731954573256,False,"[5.417113837741773, -4.05491279561586, -8.490391044337711, -5.2971247664489445, -3.720421263156361, -6.849803244234573]","[10.084731954573256, 0.6127053212156228, -3.8227729275062297, -0.6295066496174608, 0.9471968536751223, -2.1821851274030895]",2.0105002227348363
block-20260908T223136472639Z,/srv/bulk/samteway/lab-data/tracking-comprehensive-20260908-v1/captures/block-20260908T223136472639Z-r3-A-1000us-control-20260908T223959.808791Z/run.json,A,1000,3,True,True,25.12709905737168,,0.3559734446792576,"[-0.6024309896249992, -0.09942038014835594, -0.06316363217587705, -0.13461259957475458, -0.0362409908627957, 0.1865015892814334]",0.6024309896249992,7.302733948091662,True,"[7.65870739277092, 0.5392559774590794, 1.2071482755772638, -0.3924461639434318, -0.7150387983476248, 0.42161191646391777]","[7.302733948091662, 0.18328253277982165, 0.8511748308980063, -0.7484196086226894, -1.0710122430268825, 0.06563847178466017]",1.138306066617526
block-20260908T223136472639Z,/srv/bulk/samteway/lab-data/tracking-comprehensive-20260908-v1/captures/block-20260908T223136472639Z-r3-B-25us-20260908T224014.310355Z/run.json,B,25,3,False,False,,autonomous C6 harmonic frequency estimates are inconsistent,,,,,,,,
block-20260908T223136472639Z,/srv/bulk/samteway/lab-data/tracking-comprehensive-20260908-v1/captures/block-20260908T223136472639Z-r3-B-100us-20260908T224030.479066Z/run.json,B,100,3,False,True,50.25181872199965,,-4.123251735460217,"[-0.6190936962294844, -0.9595014810511481, -0.7237608721005174, -0.6510660535403378, -0.677195814835295, -0.23659148838967464]",0.9595014810511481,2.815182869929673,True,"[-4.948805629728146, -3.5466325439394213, -6.938434605389889, -2.606003905041341, -4.376796363684511, -5.792255958086463]","[-0.8255538942679298, 0.5766191915207955, -2.815182869929673, 1.517247830418876, -0.25354462822429447, -1.6690042226262471]",1.2433129614411462
block-20260908T224532349585Z,/srv/bulk/samteway/lab-data/tracking-comprehensive-20260908-v1/captures/block-20260908T224532349585Z-r1-A-1000us-control-20260908T224855.607205Z/run.json,A,1000,1,True,True,25.130157904673638,,-0.9529720417387098,"[-0.7286775629728044, 0.01473685905015589, -0.14253251862753896, 0.09240086501390124, -0.20649964720644082, 0.022626758263908538]",0.7286775629728044,1.2948135833546024,True,"[-2.2477856250933117, -0.599093468758875, -1.1690826665520602, -0.7806679562207139, -1.4663468550414391, -1.4685195722629274]","[-1.2948135833546024, 0.3538785729798347, -0.2161106248133503, 0.17230408551799584, -0.5133748133027294, -0.5155475305242178]",0.4110880764823087
block-20260908T224532349585Z,/srv/bulk/samteway/lab-data/tracking-comprehensive-20260908-v1/captures/block-20260908T224532349585Z-r1-D-100us-20260908T224909.947675Z/run.json,D,100,1,False,False,50.25434656266022,,-0.3728876877416353,"[-1.8678239924346198, -1.2152263163518366, -0.6522315033812104, -0.725478247046521, -1.350274427933136, -0.9288201177093974]",1.8678239924346198,24.900297388713227,False,"[-25.273185076454865, -0.8883724641664293, 3.8251849572624677, 0.7468620241211289, -1.1546266639637188, 2.507412462393835]","[-24.900297388713227, -0.5154847764247942, 4.198072645004102, 1.1197497118627642, -0.7817389762220837, 2.8803001501354704]",3.7410378251575107
block-20260908T224532349585Z,/srv/bulk/samteway/lab-data/tracking-comprehensive-20260908-v1/captures/block-20260908T224532349585Z-r1-D-50us-20260908T224925.445268Z/run.json,D,50,1,False,False,,,-3.9111948179863467,"[1.0319032165566797, -2.2330272092526497, -0.5556699276452244, -0.7914642593582489, -1.825539761469117, -0.7333428247090792]",2.2330272092526497,56.04301859792234,False,"[-59.95421341590868, -6.54503120435719, 6.705284552901934, 2.2953035164336373, -5.821591852577809, 2.58043108004488]","[-56.04301859792234, -2.6338363863708434, 10.61647937088828, 6.206498334419984, -1.9103970345914625, 6.491625898031228]",8.970068807372748
block-20260908T224532349585Z,/srv/bulk/samteway/lab-data/tracking-comprehensive-20260908-v1/captures/block-20260908T224532349585Z-r1-D-1000us-20260908T224940.944358Z/run.json,D,1000,1,False,False,25.12131582975413,,-3.295339852114361,"[-1.5270012915813178, -0.30805103471760825, 0.12067853200902035, -0.4639807338635709, -0.35915473706763545, -0.21075687405853058]",1.5270012915813178,3.5012661338426394,False,"[-3.7926358065001793, -3.0547097336796534, -6.590319183121526, -3.6525932921331115, -2.8656308159955173, 0.20592628172827798]","[-0.4972959543858179, 0.24063011843470794, -3.294979331007164, -0.3572534400187501, 0.4297090361188441, 3.5012661338426394]",1.4769000624673014
block-20260908T224532349585Z,/srv/bulk/samteway/lab-data/tracking-comprehensive-20260908-v1/captures/block-20260908T224532349585Z-r1-A-200us-control-20260908T224956.127272Z/run.json,A,200,1,True,False,50.844185038319395,,-2.3371281201614393,"[-1.4112030498678543, -0.1296366792360815, -0.4702697338847528, -0.005145696229306531, -0.26701027226902174, -0.31098886292502537]",1.4112030498678543,4.015331047214515,False,"[-6.352459167375953, -2.3071153110637623, -3.131830007193297, -2.280827912207689, -1.7463912758724724, -2.009540217453239]","[-4.015331047214515, 0.030012809097676806, -0.7947018870318581, 0.05630020795375029, 0.5907368442889663, 0.3275879027082003]",0.6616600995816733
block-20260908T224532349585Z,/srv/bulk/samteway/lab-data/tracking-comprehensive-20260908-v1/captures/block-20260908T224532349585Z-r1-D-200us-20260908T225005.047960Z/run.json,D,200,1,False,False,50.84633886525335,,-0.07166075134703545,"[-1.0169632749569264, -0.4647570332196581, 0.4889442685123394, -0.36624953605680677, -0.3576800193693461, 0.0741800710490385]",1.0169632749569264,15.808571893746738,False,"[-15.880232645093773, 0.04396569380121253, 0.9563717790444134, -0.26914180389503856, -0.6952246243444709, 3.675818454081154]","[-15.808571893746738, 0.11562644514824796, 1.0280325303914488, -0.1974810525480031, -0.6235638729974354, 3.747479205428189]",2.3644074385065283
block-20260908T224532349585Z,/srv/bulk/samteway/lab-data/tracking-comprehensive-20260908-v1/captures/block-20260908T224532349585Z-r1-D-25us-20260908T225020.292978Z/run.json,D,25,1,False,False,,autonomous C6 harmonic frequency estimates are inconsistent,,,,,,,,
block-20260908T224532349585Z,/srv/bulk/samteway/lab-data/tracking-comprehensive-20260908-v1/captures/block-20260908T224532349585Z-r2-D-50us-20260908T225035.606970Z/run.json,D,50,2,False,False,100.50422155308728,,-1.3950918995715615,"[-2.4360531692354632, -1.367293394073801, -0.8971383048171006, -1.0347860469708228, -1.3112554836953612, -1.2082962847145298]",2.4360531692354632,14.244002564841079,False,"[-15.639094464412642, -1.146226054954148, -1.5773378070287127, -1.4375836184895021, -2.4009406392449453, 3.9705256218012788]","[-14.244002564841079, 0.24886584461741337, -0.18224590745715105, -0.04249171891794053, -1.005848739673384, 5.36561752137284]",2.40536855724834
block-20260908T224532349585Z,/srv/bulk/samteway/lab-data/tracking-comprehensive-20260908-v1/captures/block-20260908T224532349585Z-r2-D-1000us-20260908T225050.950850Z/run.json,D,1000,2,False,True,25.121976811524796,,3.0264717887024943,"[-0.9992234618487756, -0.10729635714097165, 0.41453745104052786, 0.04450571746930226, -0.14863069666970122, 0.11119432162895307]",0.9992234618487756,4.269132370380923,True,"[-1.242660581678429, 3.4870426909146266, -0.583210351117334, 3.939190551764242, 3.1157519504889417, 5.163801382379437]","[-4.269132370380923, 0.46057090221213276, -3.6096821398198284, 0.9127187630617476, 0.08928016178644765, 2.1373295936769425]",1.5348539047909446
block-20260908T224532349585Z,/srv/bulk/samteway/lab-data/tracking-comprehensive-20260908-v1/captures/block-20260908T224532349585Z-r2-D-25us-20260908T225106.322576Z/run.json,D,25,2,False,False,,autonomous C6 harmonic frequency estimates are inconsistent,,,,,,,,
block-20260908T224532349585Z,/srv/bulk/samteway/lab-data/tracking-comprehensive-20260908-v1/captures/block-20260908T224532349585Z-r2-D-100us-20260908T225121.797650Z/run.json,D,100,2,False,False,,,-0.1821189258595846,"[1.4358272144476445, -2.3771111991560345, -0.9873307693214375, -0.7831020280302385, -1.8357328974360956, -1.270175333140557]",2.3771111991560345,54.2107198326655,False,"[-54.39283875852508, -2.85434898702565, 13.12165625301952, 5.676628751866149, -4.605820444303011, 9.988775403464206]","[-54.2107198326655, -2.672230061166065, 13.303775178879102, 5.8587476777257335, -4.423701518443425, 10.170894329323792]",9.556298890244024
block-20260908T224532349585Z,/srv/bulk/samteway/lab-data/tracking-comprehensive-20260908-v1/captures/block-20260908T224532349585Z-r2-D-200us-20260908T225137.738590Z/run.json,D,200,2,False,False,50.846870037379745,,-3.4951445417357676,"[-1.493177398762131, -0.9408269389856576, -0.4427857525799989, -0.6677549138777914, -0.9761358108570682, -0.7651552412053318]",1.493177398762131,6.916462412512191,False,"[-10.411606954247958, -2.945466354781146, -5.850236430195999, -3.8064965065404324, -3.1092238364580687, -2.0154625516180698]","[-6.916462412512191, 0.5496781869546212, -2.355091888460231, -0.3113519648046643, 0.3859207052776984, 1.4796819901176974]",1.35070033165908
block-20260908T224532349585Z,/srv/bulk/samteway/lab-data/tracking-comprehensive-20260908-v1/captures/block-20260908T224532349585Z-r2-A-200us-control-20260908T225147.525776Z/run.json,A,200,2,True,False,50.84358765590457,,-1.6275675089095076,"[-1.1437728539519028, -0.1232511167960238, -0.5014181340258669, 0.05791143759993893, -0.39238361823720874, -0.16749933471085274]",1.1437728539519028,3.919658370125803,False,"[-5.54722587903531, -1.0471622082158212, -2.7179918341269187, -0.5052713423295662, -1.839585109742053, -4.2077037919701255]","[-3.919658370125803, 0.5804053006936865, -1.090424325217411, 1.1222961665799414, -0.21201760083254548, -2.580136283060618]",1.090873358864667
block-20260908T224532349585Z,/srv/bulk/samteway/lab-data/tracking-comprehensive-20260908-v1/captures/block-20260908T224532349585Z-r2-A-1000us-control-20260908T225202.071637Z/run.json,A,1000,2,True,True,25.12448403660398,,1.3566016771332339,"[-0.3116186506670394, 0.10726245599181258, -0.22641790733195885, 0.132697372851946, -0.46203928122724064, 0.05267201872959663]",0.46203928122724064,5.361853199150326,True,"[-4.005251522017093, 1.4518130578834156, 0.5753656261837894, 1.748953641232643, 1.6138636376408586, 1.9274048495620157]","[-5.361853199150326, 0.09521138075018183, -0.7812360509494445, 0.3923519640994092, 0.2572619605076248, 0.5708031724287818]",0.7995485586333563
block-20260908T224532349585Z,/srv/bulk/samteway/lab-data/tracking-comprehensive-20260908-v1/captures/block-20260908T224532349585Z-r3-A-200us-control-20260908T225217.377152Z/run.json,A,200,3,True,False,,,-1.2630076730924276,"[6.12771782133187, -12.385725276848056, -7.644605197609487, 3.6400121665852367, -3.1700473651919276, 2.2080936842525407]",12.385725276848056,94.27093212590688,False,"[-92.71725938272874, 7.449747910589987, 93.00792445281446, 3.832966442266558, -69.42550638678989, 5.570431900840969]","[-91.45425170963631, 8.712755583682414, 94.27093212590688, 5.0959741153589855, -68.16249871369745, 6.833439573933395]",46.55427379138569
block-20260908T224532349585Z,/srv/bulk/samteway/lab-data/tracking-comprehensive-20260908-v1/captures/block-20260908T224532349585Z-r3-D-200us-20260908T225226.655619Z/run.json,D,200,3,False,False,50.85853201912013,,-3.333620457710299,"[-1.3681628451348353, -0.3817678785955578, 0.1558175133192502, -0.38208753187598765, -0.4800938368020403, -0.30827756102718695]",1.3681628451348353,3.33891450553775,False,"[-6.672534963248049, -3.3259852213674455, -5.942115769904116, -3.002016362697777, -2.4267320221337063, -1.386547802110914]","[-3.33891450553775, 0.007635236342852855, -2.608495312193817, 0.3316040950125218, 0.9068884355765925, 1.9470726555993842]",1.1947911139519531
block-20260908T224532349585Z,/srv/bulk/samteway/lab-data/tracking-comprehensive-20260908-v1/captures/block-20260908T224532349585Z-r3-D-1000us-20260908T225242.582056Z/run.json,D,1000,3,False,True,25.12783931062818,,-2.7056985868640946,"[-0.3731540164052817, -0.17242688147834276, 0.37801197056222124, 0.01916982022262334, -0.08296683211340271, -0.09212307804393832]",0.37801197056222124,3.6139080428268917,True,"[-6.319606629690986, -2.619406614662761, -4.4655046303513934, -3.3102588501852, -1.9485734165758744, -0.47265800980849587]","[-3.6139080428268917, 0.08629197220133424, -1.7598060434872993, -0.6045602633211058, 0.7571251702882204, 2.2330405770555983]",1.0472964975533017
block-20260908T224532349585Z,/srv/bulk/samteway/lab-data/tracking-comprehensive-20260908-v1/captures/block-20260908T224532349585Z-r3-D-50us-20260908T225258.394594Z/run.json,D,50,3,False,False,,,-5.146672457698803,"[0.7308505989425113, -2.5202315606553793, -1.2198887509941783, -1.0484289134535487, -2.248146157310461, -1.650141245605793]",2.5202315606553793,56.005789493357085,False,"[-61.1524619510559, -8.187188523328368, 7.8429515053934775, 1.7859913934319247, -8.822081027716854, 4.094781739144936]","[-56.005789493357085, -3.040516065629566, 12.989623963092281, 6.932663851130728, -3.6754085700180497, 9.241454196843739]",9.70277276603923
block-20260908T224532349585Z,/srv/bulk/samteway/lab-data/tracking-comprehensive-20260908-v1/captures/block-20260908T224532349585Z-r3-A-1000us-control-20260908T225314.291570Z/run.json,A,1000,3,True,True,25.128691263697565,,-0.5465507595752076,"[-0.6598312654763699, 0.026678804574786358, -0.051673659071434216, 0.19650691935504225, -0.2006219734240131, 0.15519816642333079]",0.6598312654763699,6.839013899116611,True,"[-7.385564658691818, -0.3811511816001542, -0.2917276598641053, -0.6866714174914066, -0.7244495362224289, 0.4519004738013779]","[-6.839013899116611, 0.1653995779750534, 0.2548230997111023, -0.140120657916199, -0.17789877664722137, 0.9984512333765855]",0.9616585293444538
block-20260908T224532349585Z,/srv/bulk/samteway/lab-data/tracking-comprehensive-20260908-v1/captures/block-20260908T224532349585Z-r3-D-25us-20260908T225328.645407Z/run.json,D,25,3,False,False,,,1.2153186548316812,"[-2.4297020740628357, -6.167778524319649, -1.6527686775408905, -3.8852199010536648, -3.988463918775697, -1.0758566919337165]",6.167778524319649,53.73695558359331,False,"[-52.52163692876162, 1.4728436131060187, 28.792568150505552, -7.002160811276712, -9.246929112008642, 12.630302883856448]","[-53.73695558359331, 0.2575249582743377, 27.577249495673865, -8.217479466108394, -10.462247766840324, 11.414984229024768]",13.39061028461457
block-20260908T224532349585Z,/srv/bulk/samteway/lab-data/tracking-comprehensive-20260908-v1/captures/block-20260908T224532349585Z-r3-D-100us-20260908T225344.059325Z/run.json,D,100,3,False,False,50.2511986238171,,-1.527552623296274,"[-2.25634629457159, -0.6878565128942737, -0.22822823463021405, -0.5963886168881253, -0.834434230950369, -0.8695404331210161]",2.25634629457159,4.331050602176473,False,"[-5.315535568993755, -1.5823415016541216, -3.851123753657665, -1.315901287096689, -1.3221516008632335, 2.8034979788801997]","[-3.7879829456974816, -0.054788878357847744, -2.3235711303613904, 0.2116513361995849, 0.20540102243304043, 4.331050602176473]",1.4739203328230384
block-20260908T225855806955Z,/srv/bulk/samteway/lab-data/tracking-comprehensive-20260908-v1/captures/block-20260908T225855806955Z-r1-A-1000us-20260908T230022.539257Z/run.json,A,1000,1,False,False,6.281448325931845,,80.99609847055461,"[-22.370260209561856, 7.076372547196748, 1.7153234775358073, -7.077243425356512, 8.575914943089272, 8.60375223941295]",22.370260209561856,114.21597074823572,False,"[107.68863027735922, 123.64979837160617, 18.4095192935015, 9.147304602485313, -164.7879307812097, -84.5900538277557]","[26.692531806804617, 42.65369990105156, -62.5865791770531, -71.8487938680693, 114.21597074823572, -165.5861522983103]",53.6685135706881
block-20260908T225855806955Z,/srv/bulk/samteway/lab-data/tracking-comprehensive-20260908-v1/captures/block-20260908T225855806955Z-r1-A-50us-20260908T230038.248996Z/run.json,A,50,1,False,False,,,0.4041785319194422,"[-25.138738727596742, 3.5938732551957204, -1.409518476500995, -8.469304300367613, 5.183382376090085, 4.095496229688403]",25.138738727596742,165.88308994080654,False,"[-13.560464793950297, 120.29183946199902, 21.223881868084156, 7.478914728216753, -165.4789114088871, -86.48781159134388]","[-13.964643325869739, 119.88766093007959, 20.819703336164714, 7.0747361962973105, -165.88308994080654, -86.89199012326333]",50.47012948262265
block-20260908T225855806955Z,/srv/bulk/samteway/lab-data/tracking-comprehensive-20260908-v1/captures/block-20260908T225855806955Z-r1-A-25us-20260908T230053.355939Z/run.json,A,25,1,False,False,,,-79.44336415350367,"[-37.78812372245172, -1.119899774811432, -4.377764472123149, -10.759903020775582, 2.8127768863878027, -0.5244910577257977]",37.78812372245172,172.52207218265718,False,"[-104.81599136533796, 121.07871291778139, 93.07870802915349, 20.1924182212326, -163.63662153821855, 126.25655166973829]","[-25.372627211834295, -159.47792292871495, 172.52207218265718, 99.63578237473627, -84.19325738471488, -154.30008417675805]",88.01030373857172
block-20260908T225855806955Z,/srv/bulk/samteway/lab-data/tracking-comprehensive-20260908-v1/captures/block-20260908T225855806955Z-r1-A-200us-control-20260908T230108.416593Z/run.json,A,200,1,True,False,,,-18.52831696551191,"[-46.05199715498941, 6.8376966700676505, 1.4593343722135101, -7.0530422101272165, 8.389608350146938, 8.148611157052757]",46.05199715498941,148.02809497279267,False,"[-41.08685699517601, 121.55228687575968, 17.787927508518088, 7.358558003263701, -166.55641193830456, -87.07672645108454]","[-22.558540029664105, 140.08060384127157, 36.31624447402999, 25.886874968775608, -148.02809497279267, -68.54840948557265]",56.67620257442881
block-20260908T225855806955Z,/srv/bulk/samteway/lab-data/tracking-comprehensive-20260908-v1/captures/block-20260908T225855806955Z-r1-A-200us-20260908T230117.728222Z/run.json,A,200,1,False,False,,,-0.9436489920393165,"[-34.572896760513515, 6.623525207629999, 1.4631667317000954, -7.033016565498626, 8.074687276150108, 8.148357644039443]",34.572896760513515,165.3739079075697,False,"[-14.800710669040944, 121.22819112718152, 16.400309768457976, 7.076405460600103, -166.31755689960903, -86.22614455979408]","[-13.857061677001626, 122.17184011922083, 17.343958760497294, 8.020054452639421, -165.3739079075697, -85.28249556775476]",50.85454601327102
block-20260908T225855806955Z,/srv/bulk/samteway/lab-data/tracking-comprehensive-20260908-v1/captures/block-20260908T225855806955Z-r1-A-100us-20260908T230132.690307Z/run.json,A,100,1,False,False,200.0976012823551,,-66.0648821640815,"[-37.03649107351176, 6.794270486301085, 1.406227512447641, -7.391188242917969, 8.288183968406463, 8.322593584294179]",37.03649107351176,172.104184517542,False,"[-99.71373634330476, 121.83093331837651, 16.760911652681177, 7.570340497531682, -166.2677005227964, -86.5214335460184]","[-33.64885417922326, -172.104184517542, 82.82579381676267, 73.63522266161318, -100.20281835871486, -20.4565513819369]",75.60151137111987
block-20260908T225855806955Z,/srv/bulk/samteway/lab-data/tracking-comprehensive-20260908-v1/captures/block-20260908T225855806955Z-r2-A-25us-20260908T230147.767604Z/run.json,A,25,2,False,False,,,5.695093145597717,"[-7.72370546303746, -8.295389881335586, -7.2421822548908334, -5.076274678035001, -13.134241904879369, -2.6272113288776637]",13.134241904879369,135.8013508170293,False,"[-3.215719395666936, 47.42786660954591, 51.653793616981936, 4.805552682458627, -130.10625767143156, 84.4911098576903]","[-8.910812541264654, 41.7327734639482, 45.958700471384226, -0.8895404631390895, -135.8013508170293, 78.7960167120926]",32.32779806997043
block-20260908T225855806955Z,/srv/bulk/samteway/lab-data/tracking-comprehensive-20260908-v1/captures/block-20260908T225855806955Z-r2-A-50us-20260908T230202.643731Z/run.json,A,50,2,False,False,1.1962902960649155,,-0.7615661576634503,"[-0.9878287609686323, -0.8603847581376979, -0.9069422742460995, -1.050095017233466, -0.951734021871705, -1.0921748718568098]",1.050095017233466,1.10349577011336,False,"[-1.6414517390443715, 0.20240420417342608, -0.3313001529410486, 0.34192961244990994, -0.2961298180356107, -0.5429225856443244]","[-0.8798855813809212, 0.9639703618368762, 0.4302660047224017, 1.10349577011336, 0.4654363396278396, 0.21864357201912585]",0.9260287806228158
block-20260908T225855806955Z,/srv/bulk/samteway/lab-data/tracking-comprehensive-20260908-v1/captures/block-20260908T225855806955Z-r2-A-200us-control-20260908T230217.565293Z/run.json,A,200,2,True,True,1.4954486845695958,,-0.9703179463576326,"[-0.23400495648472203, -0.14928416226200067, -0.17232124392435513, -0.24628874338952167, -0.11900678273773557, -0.19468456709440907]",0.24628874338952167,1.1273807681426882,True,"[-1.9458367783351813, 0.09191137508911282, -0.23985421976776908, 0.15706282178505557, -0.10657674040507048, -0.6626512659104254]","[-0.9755188319775489, 1.0622293214467453, 0.7304637265898634, 1.1273807681426882, 0.863741205952562, 0.307666680447207]",1.0118165709435254
block-20260908T225855806955Z,/srv/bulk/samteway/lab-data/tracking-comprehensive-20260908-v1/captures/block-20260908T225855806955Z-r2-A-100us-20260908T230232.453860Z/run.json,A,100,2,False,False,,,-21.36337806088478,"[-34.83086790737311, 5.2023837473800345, -0.5951612767220295, -7.871643993852569, 6.938447684422799, 4.980097180083583]",34.83086790737311,144.30115393360117,False,"[-46.48889225379653, 121.45597694883159, 25.05456056520427, 8.726232534371473, -165.66453199448597, -89.58280968975495]","[-25.125514192911744, 142.81935500971636, 46.41793862608905, 30.089610595256257, -144.30115393360117, -68.21943162887017]",58.52634747427932
block-20260908T225855806955Z,/srv/bulk/samteway/lab-data/tracking-comprehensive-20260908-v1/captures/block-20260908T225855806955Z-r2-A-1000us-20260908T230247.590759Z/run.json,A,1000,2,False,False,12.5620863958933,,75.05522961522277,"[-22.470383176611666, 6.902682650495279, 1.4543479654437397, -7.051067902570463, 8.421667185835432, 8.299717683278843]",22.470383176611666,118.33257026294393,False,"[100.12880699732581, 121.4936291431403, 17.864534073893168, 7.385144924905349, -166.6122001218333, -87.406700859378]","[25.07357738210304, 46.43839952791753, -57.1906955413296, -67.67008469031742, 118.33257026294393, -162.4619304746008]",51.88628724325119
block-20260908T225855806955Z,/srv/bulk/samteway/lab-data/tracking-comprehensive-20260908-v1/captures/block-20260908T225855806955Z-r2-A-200us-20260908T230302.629462Z/run.json,A,200,2,False,False,,,-25.545115397357172,"[-45.951245642093006, 6.684746678538678, 1.3706680915858824, -7.186194146157289, 8.204543981195553, 8.142492020521958]",45.951245642093006,147.75842300761676,False,"[-51.14241993338515, 122.21330761025959, 17.99129435407679, 7.935634973547509, -165.531190107955, -86.12550886497496]","[-25.59730453602798, 147.75842300761676, 43.53640975143396, 33.48075037090468, -139.98607471059785, -60.580393467617796]",59.74047987888617
block-20260908T225855806955Z,/srv/bulk/samteway/lab-data/tracking-comprehensive-20260908-v1/captures/block-20260908T225855806955Z-r3-A-1000us-20260908T230317.695365Z/run.json,A,1000,3,False,True,6.281248980546853,,-0.007648635212232596,"[-0.1724613778805267, -0.08540139075764583, -0.12181778963843509, -0.179688276758829, -0.04685176655982919, -0.18160843493469492]",0.179688276758829,0.9717043841355838,True,"[-0.851633968868987, 0.964055748923351, 0.6922273963933232, 0.9324477058153136, 0.8477347351123569, -0.32816625549753664]","[-0.8439853336567543, 0.9717043841355838, 0.6998760316055558, 0.9400963410275462, 0.8553833703245894, -0.32051762028530406]",0.8764234587819806
block-20260908T225855806955Z,/srv/bulk/samteway/lab-data/tracking-comprehensive-20260908-v1/captures/block-20260908T225855806955Z-r3-A-100us-20260908T230332.502536Z/run.json,A,100,3,False,False,,,-1.407335364038692,"[-25.415915516973136, 4.784086753683504, -0.28761069433812, -7.613164194982044, 6.343647663859886, 5.57969567852338]",25.415915516973136,164.37179294964596,False,"[-16.198308661706317, 120.16720426005907, 20.279849858387298, 7.409880311876736, -165.77912831368465, -86.79519545850481]","[-14.790973297667623, 121.57453962409775, 21.68718522242599, 8.81721567591543, -164.37179294964596, -85.38786009446612]",50.87388692281233
block-20260908T225855806955Z,/srv/bulk/samteway/lab-data/tracking-comprehensive-20260908-v1/captures/block-20260908T225855806955Z-r3-A-25us-20260908T230347.531702Z/run.json,A,25,3,False,False,,,-0.5908678500491008,"[-2.694639761304588, -2.7795922341792076, -2.5029643654817417, -2.6348162096046606, -3.021209629144887, -2.6654593712372177]",3.021209629144887,2.6993900875088905,False,"[-1.4312918397225958, 2.10852223745979, 0.19236836137042151, 0.03169327538964708, -1.5104868135787242, -3.2509807521469125]","[-0.8404239896734951, 2.6993900875088905, 0.7832362114195223, 0.6225611254387478, -0.9196189635296236, -2.660112902097812]",1.123419061531348
block-20260908T225855806955Z,/srv/bulk/samteway/lab-data/tracking-comprehensive-20260908-v1/captures/block-20260908T225855806955Z-r3-A-200us-control-20260908T230402.264143Z/run.json,A,200,3,True,False,,,-165.88771373563821,"[-45.38188801442735, 6.877408055635587, 1.4855069832372974, -7.161704714512101, 8.35995860395026, 8.315028462815146]",45.38188801442735,175.98224781597645,False,"[-159.43673466341008, 122.32759688319167, 18.13003844838534, 7.940941629729406, -166.43316858454094, -87.2135088428511]","[6.450979072228135, -71.78468938117011, -175.98224781597645, 173.82865536536764, -0.5454548489027062, 78.67420489278712]",105.4551077022156
block-20260908T225855806955Z,/srv/bulk/samteway/lab-data/tracking-comprehensive-20260908-v1/captures/block-20260908T225855806955Z-r3-A-50us-20260908T230417.250050Z/run.json,A,50,3,False,False,,,-72.516354160945,"[-37.6906252534952, 2.7587641151305773, -3.7537477170974243, -9.96750786254307, 5.522023703573785, -4.632648761884091]",37.6906252534952,165.8080221620771,False,"[-104.88988129013673, 121.67562367697792, 49.643121996586004, 19.05003994877407, -164.39795248638725, -119.37620424091071]","[-32.37352712919173, -165.8080221620771, 122.15947615753099, 91.56639410971907, -91.88159832544225, -46.85985007996571]",82.22016111935797
block-20260908T225855806955Z,/srv/bulk/samteway/lab-data/tracking-comprehensive-20260908-v1/captures/block-20260908T225855806955Z-r3-A-200us-20260908T230432.222533Z/run.json,A,200,3,False,False,,,-149.71702411104047,"[-44.24558213073656, 6.8072460158576975, 1.4756126965910374, -7.3446990295466925, 8.278228622428603, 8.335285594890077]",44.24558213073656,166.76687805809934,False,"[-152.44408681358433, 122.01269524676376, 17.04985394705884, 7.733779809556908, -166.1380757381674, -86.58559175252887]","[-2.7270627025438587, -88.27028064219577, 166.76687805809934, 157.45080392059737, -16.42105162712692, 63.13143235851162]",97.94422297591771
block-20260908T231415311061Z,/srv/bulk/samteway/lab-data/tracking-comprehensive-20260908-v1/captures/block-20260908T231415311061Z-r1-B-1000us-20260908T231739.360036Z/run.json,B,1000,1,False,False,50.243603175061175,,78.59209931178188,"[-23.305230609243356, 6.7552307945664865, 1.827373670751606, -6.4562375627337065, 8.648076727348498, 9.161174152178798]",23.305230609243356,117.70779151504011,False,"[101.37097322162617, 127.96548272650485, 17.737481854828957, 9.7696732973361, -163.70010917317802, -89.23021750070978]","[22.778873909844297, 49.373383414722966, -60.854617456952916, -68.82242601444578, 117.70779151504011, -167.82231681249166]",51.98217697544677
block-20260908T231415311061Z,/srv/bulk/samteway/lab-data/tracking-comprehensive-20260908-v1/captures/block-20260908T231415311061Z-r1-B-50us-20260908T231754.505239Z/run.json,B,50,1,False,False,,,-4.882229270353144,"[-29.790495286783223, 3.0677987243794402, -2.3706670949284034, -8.228750045239225, 5.325974833273291, 2.581542638312836]",29.790495286783223,159.03019005149352,False,"[-22.565318107852214, 125.72592141620997, 28.922396404838466, 10.383658128349483, -163.91241932184667, -95.41373620281901]","[-17.68308883749907, 130.6081506865631, 33.8046256751916, 15.265887398702624, -159.03019005149352, -90.53150693246587]",54.21705560034614
block-20260908T231415311061Z,/srv/bulk/samteway/lab-data/tracking-comprehensive-20260908-v1/captures/block-20260908T231415311061Z-r1-B-25us-20260908T231809.732937Z/run.json,B,25,1,False,False,,,-63.301786938245485,"[-38.82251979026268, 2.4893796055078012, -2.3297078289378463, -10.673486977090263, 4.537097626636065, 4.446492858984118]",38.82251979026268,171.43507513843133,False,"[-93.6343653388449, 125.26313792332317, 16.223223112032088, 8.228175589179754, -165.37493226301868, -92.45726179233618]","[-30.332578400599424, -171.43507513843133, 79.52501005027757, 71.52996252742524, -102.0731453247732, -29.1554748540907]",73.92265381959788
block-20260908T231415311061Z,/srv/bulk/samteway/lab-data/tracking-comprehensive-20260908-v1/captures/block-20260908T231415311061Z-r1-A-200us-control-20260908T231825.017835Z/run.json,A,200,1,True,False,,,46.369773323895714,"[-43.08994992285271, 5.63233137266515, -0.7514862744022641, -6.771498879725328, 7.275974654573115, 4.567439185848973]",43.08994992285271,147.36997934813584,False,"[54.293570628365885, 122.10941662885216, 30.1024062898975, 9.208730859823296, -166.26024732796847, -93.63408232437493]","[7.92379730447017, 75.73964330495645, -16.26736703399822, -37.16104246407242, 147.36997934813584, -140.00385564827064]",43.70036097986369
block-20260908T231415311061Z,/srv/bulk/samteway/lab-data/tracking-comprehensive-20260908-v1/captures/block-20260908T231415311061Z-r1-B-200us-20260908T231834.037225Z/run.json,B,200,1,False,False,,,17.717084331035753,"[-39.13874048854373, 5.2934713682320815, -0.14254688464294413, -7.021705802146826, 7.4304790982596405, 6.053388913398826]",39.13874048854373,176.0639256637748,False,"[12.650182868725526, 124.62406734251473, 22.225526711464102, 7.73426560651064, -166.21899000518945, -94.88454105356334]","[-5.066901462310226, 106.90698301147896, 4.50844238042835, -9.982818724525112, 176.0639256637748, -112.60162538459907]",48.926879839893836
block-20260908T231415311061Z,/srv/bulk/samteway/lab-data/tracking-comprehensive-20260908-v1/captures/block-20260908T231415311061Z-r1-B-100us-20260908T231849.497651Z/run.json,B,100,1,False,False,,,-11.60261828096649,"[-33.391888642568745, 4.202330075550384, -1.6597495005985483, -7.460155368449151, 6.626853891896084, 3.2449520745078866]",33.391888642568745,150.30135964125105,False,"[-33.17076891245668, 128.65703930546516, 34.2560923581085, 12.634673872512787, -161.90397792221756, -94.91673148044642]","[-21.568150631490187, 140.25965758643167, 45.85871063907499, 24.23729215347928, -150.30135964125105, -83.31411319947992]",57.55314602963227
block-20260908T231415311061Z,/srv/bulk/samteway/lab-data/tracking-comprehensive-20260908-v1/captures/block-20260908T231415311061Z-r1-A-1000us-control-20260908T231904.534048Z/run.json,A,1000,1,True,True,6.282117102370085,,0.32911337020916503,"[-0.6928141939108861, -0.5504278480702931, -0.6452719269714352, -0.4547169384838228, -0.7991089533441418, -1.0586252231264501]",0.7991089533441418,1.7902792669780447,True,"[0.44028408101523747, -0.1164547695499424, 0.34743402426327535, 0.5227101601351621, -1.4611658967688799, 0.2732029972611275]","[0.1111707108060724, -0.4455681397591074, 0.018320654054110326, 0.19359678992599721, -1.7902792669780447, -0.055910372948037496]",0.4010419878126169
block-20260908T231415311061Z,/srv/bulk/samteway/lab-data/tracking-comprehensive-20260908-v1/captures/block-20260908T231415311061Z-r2-B-25us-20260908T231918.879225Z/run.json,B,25,2,False,False,,,-35.81393807640611,"[-36.94925364572493, 2.9292075190760003, -2.426029187036258, -9.416468405902702, 4.985055540837432, 3.723279876260781]",36.94925364572493,160.4800004709191,False,"[-63.18578655784592, 124.66606239451298, 22.68442467640955, 8.504118497394996, -166.63338811206572, -96.36179814311073]","[-27.37184848143982, 160.4800004709191, 58.49836275281565, 44.3180565738011, -130.8194500356596, -60.54786006670463]",65.30457817329555
block-20260908T231415311061Z,/srv/bulk/samteway/lab-data/tracking-comprehensive-20260908-v1/captures/block-20260908T231415311061Z-r2-B-50us-20260908T231934.498902Z/run.json,B,50,2,False,False,,,-32.31440601051103,"[-36.41583037094027, 5.12880141744415, 0.350752341101336, -7.87786661252988, 6.923730044599008, 7.585410140147857]",36.41583037094027,159.12910569362063,False,"[-57.68487537099552, 126.81469968310962, 16.55957290106097, 8.342482944806216, -164.1356090553755, -90.46509992123676]","[-25.370469360484503, 159.12910569362063, 48.873978911572, 40.65688895531724, -131.82120304486446, -58.15069391072574]",63.460406108602534
block-20260908T231415311061Z,/srv/bulk/samteway/lab-data/tracking-comprehensive-20260908-v1/captures/block-20260908T231415311061Z-r2-A-1000us-control-20260908T231949.829474Z/run.json,A,1000,2,True,False,25.121913636402702,,79.87323846508025,"[-22.961973921667592, 7.233607734093393, 1.7149786631299806, -6.4084806667461445, 8.210610906314924, 8.756139014640342]",22.961973921667592,114.14101553405506,False,"[103.74080356497957, 123.02554898470466, 18.79430013212724, 9.181558015878743, -165.9857460008647, -88.36003859631494]","[23.867565099899327, 43.1523105196244, -61.078938332953015, -70.6916804492015, 114.14101553405506, -168.23327706139517]",52.11069446369966
block-20260908T231415311061Z,/srv/bulk/samteway/lab-data/tracking-comprehensive-20260908-v1/captures/block-20260908T231415311061Z-r2-B-100us-20260908T232004.207669Z/run.json,B,100,2,False,False,400.16445949854403,,-81.53608729089322,"[-38.1632384941002, 6.05371665169555, 1.0139664313852168, -7.20788316790167, 7.7708852427213415, 8.079550978460068]",38.1632384941002,151.2103689370675,False,"[-109.8073394824743, 127.25354377203931, 18.513182057167647, 10.097105220318031, -164.54950169348365, -91.42355370588703]","[-28.27125219158109, -151.2103689370675, 100.04926934806086, 91.63319251121125, -83.01341440259044, -9.887466414993815]",75.95446656215593
block-20260908T231415311061Z,/srv/bulk/samteway/lab-data/tracking-comprehensive-20260908-v1/captures/block-20260908T231415311061Z-r2-B-1000us-20260908T232019.846817Z/run.json,B,1000,2,False,True,6.28087220260221,,-4.594688808842346,"[-0.4541409985634912, -0.3688297552231127, 0.10583344161032772, -0.1466076843898473, 0.05827995545804921, 0.017289186029275632]",0.4541409985634912,5.610978034235169,True,"[-6.862003410878668, 1.0162892253928237, -3.5156564745005583, -2.4849029232193702, -3.786345516818067, -6.766139389136052]","[-2.2673146020363224, 5.610978034235169, 1.0790323343417874, 2.1097858856229754, 0.8083432920242781, -2.171450580293706]",2.6480427542762603
block-20260908T231415311061Z,/srv/bulk/samteway/lab-data/tracking-comprehensive-20260908-v1/captures/block-20260908T231415311061Z-r2-A-200us-control-20260908T232035.506787Z/run.json,A,200,2,True,False,,,-135.73000523373116,"[-42.98583616435204, 7.027290838112998, 1.4707655392145713, -6.794766303647156, 8.01156205194425, 8.555086680359397]",42.98583616435204,153.42516825035506,False,"[-144.42619947837105, 122.05870302912133, 17.695163016623894, 8.083758712863213, -167.44473761569176, -89.19629649701055]","[-8.696194244639901, -102.21129173714752, 153.42516825035506, 143.81376394659435, -31.714732381960605, 46.533708736720605]",90.52630726869432
block-20260908T231415311061Z,/srv/bulk/samteway/lab-data/tracking-comprehensive-20260908-v1/captures/block-20260908T231415311061Z-r2-B-200us-20260908T232044.771720Z/run.json,B,200,2,False,False,,,-146.73822574155344,"[-43.66508969158439, 6.561256797363306, 1.591469219660762, -6.962054664462079, 8.22244476564249, 8.909448439460775]",43.66508969158439,161.98811353533736,False,"[-150.07012028683343, 125.55137447265258, 15.249887793783952, 8.306436074409007, -166.56820674031223, -92.76484252682984]","[-3.3318945452800004, -87.71039978579401, 161.98811353533736, 155.04466181596243, -19.829980998758806, 53.97338321472358]",94.68343018191341
block-20260908T231415311061Z,/srv/bulk/samteway/lab-data/tracking-comprehensive-20260908-v1/captures/block-20260908T231415311061Z-r3-B-100us-20260908T232101.237930Z/run.json,B,100,3,False,False,,,-7.423486231717015,"[-30.04605462809577, 5.161208627265243, 0.563127850743172, -7.4845579963064335, 6.772778851303771, 7.507179043736941]",30.04605462809577,157.8205233126922,False,"[-24.105515050166904, 125.55005289183423, 16.160131708636197, 8.814877582900047, -165.2440095444092, -91.3155397922306]","[-16.682028818449886, 132.97353912355123, 23.58361794035321, 16.238363814617063, -157.8205233126922, -83.89205356051359]",54.13885286413324
block-20260908T231415311061Z,/srv/bulk/samteway/lab-data/tracking-comprehensive-20260908-v1/captures/block-20260908T231415311061Z-r3-A-200us-control-20260908T232117.348532Z/run.json,A,200,3,True,False,,,-141.19735555547243,"[-42.45233497250958, 7.067196897400402, 1.437524519944954, -6.667853666318279, 8.102210614595256, 8.492280455022064]",42.45233497250958,159.62290674792277,False,"[-146.9069040216032, 122.2414359946395, 18.42555119245033, 8.445142184573468, -167.17984960256805, -89.16767662208063]","[-5.709548466130761, -96.56120844988807, 159.62290674792277, 149.64249774004588, -25.982494047095653, 52.02967893339179]",92.97443927570413
block-20260908T231415311061Z,/srv/bulk/samteway/lab-data/tracking-comprehensive-20260908-v1/captures/block-20260908T231415311061Z-r3-B-1000us-20260908T232132.267255Z/run.json,B,1000,3,False,True,6.281349374842063,,-3.468179691589242,"[-0.30231703239432334, -0.23187475439387117, 0.2098504779290714, -0.0015863376604144778, 0.2185100540477785, 0.1295340187152459]",0.30231703239432334,5.54667786467343,True,"[-5.694641112172927, 2.078498173084187, -2.5931819239939533, -1.3765591644121382, -2.6726899150703844, -5.0239308678002]","[-2.226461420583685, 5.54667786467343, 0.8749977675952887, 2.091620527177104, 0.7954897765188577, -1.555751176210957]",2.605775356415601
block-20260908T231415311061Z,/srv/bulk/samteway/lab-data/tracking-comprehensive-20260908-v1/captures/block-20260908T231415311061Z-r3-B-25us-20260908T232148.344616Z/run.json,B,25,3,False,False,,,-79.25741461123526,"[-36.11236109937959, 3.508688171233109, -1.6065688146662616, -9.656543105166088, 5.336565118324684, 5.50773555344681]",36.11236109937959,155.41889182266686,False,"[-108.27049899918015, 125.32369356609789, 18.05660653195259, 9.24973049647399, -166.31749949247754, -94.76445420050274]","[-29.013084387944883, -155.41889182266686, 97.31402114318786, 88.50714510770925, -87.06008488124226, -15.507039589267478]",75.85181992794564
block-20260908T231415311061Z,/srv/bulk/samteway/lab-data/tracking-comprehensive-20260908-v1/captures/block-20260908T231415311061Z-r3-A-1000us-control-20260908T232204.034070Z/run.json,A,1000,3,True,True,6.282039883756409,,-0.14491411571756982,"[-0.43335945686113897, -0.3051357336179647, -0.4866992233731115, -0.37476298483365234, -0.5315364428442831, -0.756924840335656]",0.5315364428442831,2.2554704421609624,True,"[-0.03143060671066513, -0.1429968526406625, 0.8500746239486332, -0.24565687505916536, -2.400384557878532, -1.6781775094355684]","[0.11348350900690468, 0.001917263076907301, 0.994988739666203, -0.10074275934159553, -2.2554704421609624, -1.5332633937179985]",0.5313001412706653
block-20260908T231415311061Z,/srv/bulk/samteway/lab-data/tracking-comprehensive-20260908-v1/captures/block-20260908T231415311061Z-r3-B-50us-20260908T232218.467113Z/run.json,B,50,3,False,False,400.2305204095538,,-66.14178492874694,"[-37.766367055871, 5.6066371699152215, 0.8085928813185506, -7.736790315105605, 7.316246903582871, 8.110148619337847]",37.766367055871,167.11234964557354,False,"[-96.28514356228412, 126.7458654256795, 16.026852075521226, 9.096923699753358, -166.28594376017986, -91.87561025958117]","[-30.143358633537172, -167.11234964557354, 82.16863700426816, 75.23870862850029, -100.14415883143293, -25.73382533083422]",74.02269308352132
block-20260908T231415311061Z,/srv/bulk/samteway/lab-data/tracking-comprehensive-20260908-v1/captures/block-20260908T231415311061Z-r3-B-200us-20260908T232235.375962Z/run.json,B,200,3,False,False,,,-10.430175922163885,"[-45.977535505769, 5.980000609465963, 1.143542458802221, -6.941011564354631, 7.830677976166818, 8.284404445397138]",45.977535505769,155.21718657727106,False,"[-28.131351757165543, 126.09914674298767, 16.746888448345228, 8.255700693724181, -165.64736249943493, -92.10128045049369]","[-17.70117583500166, 136.52932266515157, 27.17706437050911, 18.685876615888063, -155.21718657727106, -81.67110452832979]",55.146795878809606
