block,date,method,frequency_mhz,configuration,dwell_us,round,control,passed,phase_rms_deg,max_gain_error_db,observable_ports,source,source_run
block-20260908T225855806955Z,2026-09-08,rolling_50ms,2475.0,A,1000,1,False,True,0.7943470206901445,0.27861227846558845,ANT1 ANT2 ANT4 ANT8 ANT7,docs/completed_switching_analysis/data/rolling.csv,/srv/bulk/samteway/lab-data/tracking-comprehensive-20260908-v1/captures/block-20260908T225855806955Z-r1-A-1000us-20260908T230022.539257Z/run.json
block-20260908T225855806955Z,2026-09-08,rolling_50ms,2475.0,A,50,1,False,True,1.2853401164631237,0.7414901266853202,ANT1 ANT2 ANT4 ANT8 ANT7,docs/completed_switching_analysis/data/rolling.csv,/srv/bulk/samteway/lab-data/tracking-comprehensive-20260908-v1/captures/block-20260908T225855806955Z-r1-A-50us-20260908T230038.248996Z/run.json
block-20260908T225855806955Z,2026-09-08,rolling_50ms,2475.0,A,25,1,False,False,13.354831160019522,4.263395795044656,ANT1 ANT2 ANT4 ANT8 ANT7,docs/completed_switching_analysis/data/rolling.csv,/srv/bulk/samteway/lab-data/tracking-comprehensive-20260908-v1/captures/block-20260908T225855806955Z-r1-A-25us-20260908T230053.355939Z/run.json
block-20260908T225855806955Z,2026-09-08,rolling_50ms,2475.0,A,200,1,True,True,1.04645078904815,0.19891137315727753,ANT1 ANT2 ANT4 ANT8 ANT7,docs/completed_switching_analysis/data/rolling.csv,/srv/bulk/samteway/lab-data/tracking-comprehensive-20260908-v1/captures/block-20260908T225855806955Z-r1-A-200us-control-20260908T230108.416593Z/run.json
block-20260908T225855806955Z,2026-09-08,rolling_50ms,2475.0,A,200,1,False,True,0.8205848883075755,0.32146097674637375,ANT1 ANT2 ANT4 ANT8 ANT7,docs/completed_switching_analysis/data/rolling.csv,/srv/bulk/samteway/lab-data/tracking-comprehensive-20260908-v1/captures/block-20260908T225855806955Z-r1-A-200us-20260908T230117.728222Z/run.json
block-20260908T225855806955Z,2026-09-08,rolling_50ms,2475.0,A,100,1,False,True,0.9661583990596774,0.36230482650238366,ANT1 ANT2 ANT4 ANT8 ANT7,docs/completed_switching_analysis/data/rolling.csv,/srv/bulk/samteway/lab-data/tracking-comprehensive-20260908-v1/captures/block-20260908T225855806955Z-r1-A-100us-20260908T230132.690307Z/run.json
block-20260908T225855806955Z,2026-09-08,rolling_50ms,2475.0,A,25,2,False,False,44.287532531497476,5.002910673423601,ANT1 ANT2 ANT4 ANT8 ANT7,docs/completed_switching_analysis/data/rolling.csv,/srv/bulk/samteway/lab-data/tracking-comprehensive-20260908-v1/captures/block-20260908T225855806955Z-r2-A-25us-20260908T230147.767604Z/run.json
block-20260908T225855806955Z,2026-09-08,rolling_50ms,2475.0,A,50,2,False,True,1.363942227301606,0.9377535091716929,ANT1 ANT2 ANT4 ANT8 ANT7,docs/completed_switching_analysis/data/rolling.csv,/srv/bulk/samteway/lab-data/tracking-comprehensive-20260908-v1/captures/block-20260908T225855806955Z-r2-A-50us-20260908T230202.643731Z/run.json
block-20260908T225855806955Z,2026-09-08,rolling_50ms,2475.0,A,200,2,True,True,0.8328467768404492,0.24250360534112583,ANT1 ANT2 ANT4 ANT8 ANT7,docs/completed_switching_analysis/data/rolling.csv,/srv/bulk/samteway/lab-data/tracking-comprehensive-20260908-v1/captures/block-20260908T225855806955Z-r2-A-200us-control-20260908T230217.565293Z/run.json
block-20260908T225855806955Z,2026-09-08,rolling_50ms,2475.0,A,100,2,False,True,0.9470240089738516,0.5740114917996573,ANT1 ANT2 ANT4 ANT8 ANT7,docs/completed_switching_analysis/data/rolling.csv,/srv/bulk/samteway/lab-data/tracking-comprehensive-20260908-v1/captures/block-20260908T225855806955Z-r2-A-100us-20260908T230232.453860Z/run.json
block-20260908T225855806955Z,2026-09-08,rolling_50ms,2475.0,A,1000,2,False,True,0.7603402017884877,0.2806188801162742,ANT1 ANT2 ANT4 ANT8 ANT7,docs/completed_switching_analysis/data/rolling.csv,/srv/bulk/samteway/lab-data/tracking-comprehensive-20260908-v1/captures/block-20260908T225855806955Z-r2-A-1000us-20260908T230247.590759Z/run.json
block-20260908T225855806955Z,2026-09-08,rolling_50ms,2475.0,A,200,2,False,True,0.8449407144559133,0.27189942389441957,ANT1 ANT2 ANT4 ANT8 ANT7,docs/completed_switching_analysis/data/rolling.csv,/srv/bulk/samteway/lab-data/tracking-comprehensive-20260908-v1/captures/block-20260908T225855806955Z-r2-A-200us-20260908T230302.629462Z/run.json
block-20260908T225855806955Z,2026-09-08,rolling_50ms,2475.0,A,1000,3,False,True,0.7786251265949012,0.17378855058789663,ANT1 ANT2 ANT4 ANT8 ANT7,docs/completed_switching_analysis/data/rolling.csv,/srv/bulk/samteway/lab-data/tracking-comprehensive-20260908-v1/captures/block-20260908T225855806955Z-r3-A-1000us-20260908T230317.695365Z/run.json
block-20260908T225855806955Z,2026-09-08,rolling_50ms,2475.0,A,100,3,False,True,1.1592523448879442,0.9019918416911316,ANT1 ANT2 ANT4 ANT8 ANT7,docs/completed_switching_analysis/data/rolling.csv,/srv/bulk/samteway/lab-data/tracking-comprehensive-20260908-v1/captures/block-20260908T225855806955Z-r3-A-100us-20260908T230332.502536Z/run.json
block-20260908T225855806955Z,2026-09-08,rolling_50ms,2475.0,A,25,3,False,False,19.974161691355366,4.182075867614595,ANT1 ANT2 ANT4 ANT8 ANT7,docs/completed_switching_analysis/data/rolling.csv,/srv/bulk/samteway/lab-data/tracking-comprehensive-20260908-v1/captures/block-20260908T225855806955Z-r3-A-25us-20260908T230347.531702Z/run.json
block-20260908T225855806955Z,2026-09-08,rolling_50ms,2475.0,A,200,3,True,True,0.833463254045849,0.3371435891019823,ANT1 ANT2 ANT4 ANT8 ANT7,docs/completed_switching_analysis/data/rolling.csv,/srv/bulk/samteway/lab-data/tracking-comprehensive-20260908-v1/captures/block-20260908T225855806955Z-r3-A-200us-control-20260908T230402.264143Z/run.json
block-20260908T225855806955Z,2026-09-08,rolling_50ms,2475.0,A,50,3,False,False,1.5481008341691893,1.9173720023304544,ANT1 ANT2 ANT4 ANT8 ANT7,docs/completed_switching_analysis/data/rolling.csv,/srv/bulk/samteway/lab-data/tracking-comprehensive-20260908-v1/captures/block-20260908T225855806955Z-r3-A-50us-20260908T230417.250050Z/run.json
block-20260908T225855806955Z,2026-09-08,rolling_50ms,2475.0,A,200,3,False,True,0.8477080549390451,0.44107902865160353,ANT1 ANT2 ANT4 ANT8 ANT7,docs/completed_switching_analysis/data/rolling.csv,/srv/bulk/samteway/lab-data/tracking-comprehensive-20260908-v1/captures/block-20260908T225855806955Z-r3-A-200us-20260908T230432.222533Z/run.json
block-20260908T231415311061Z,2026-09-08,rolling_50ms,2475.0,B,1000,1,False,True,0.7683486997103544,0.43965150039665823,ANT1 ANT2 ANT4 ANT8 ANT7,docs/completed_switching_analysis/data/rolling.csv,/srv/bulk/samteway/lab-data/tracking-comprehensive-20260908-v1/captures/block-20260908T231415311061Z-r1-B-1000us-20260908T231739.360036Z/run.json
block-20260908T231415311061Z,2026-09-08,rolling_50ms,2475.0,B,50,1,False,False,1.5117407690185571,1.9011737473518937,ANT1 ANT2 ANT4 ANT8 ANT7,docs/completed_switching_analysis/data/rolling.csv,/srv/bulk/samteway/lab-data/tracking-comprehensive-20260908-v1/captures/block-20260908T231415311061Z-r1-B-50us-20260908T231754.505239Z/run.json
block-20260908T231415311061Z,2026-09-08,rolling_50ms,2475.0,B,25,1,False,False,18.65521374740763,3.9756797694137074,ANT1 ANT2 ANT4 ANT8 ANT7,docs/completed_switching_analysis/data/rolling.csv,/srv/bulk/samteway/lab-data/tracking-comprehensive-20260908-v1/captures/block-20260908T231415311061Z-r1-B-25us-20260908T231809.732937Z/run.json
block-20260908T231415311061Z,2026-09-08,rolling_50ms,2475.0,A,200,1,True,True,0.9066327416150113,0.4619421932781334,ANT1 ANT2 ANT4 ANT8 ANT7,docs/completed_switching_analysis/data/rolling.csv,/srv/bulk/samteway/lab-data/tracking-comprehensive-20260908-v1/captures/block-20260908T231415311061Z-r1-A-200us-control-20260908T231825.017835Z/run.json
block-20260908T231415311061Z,2026-09-08,rolling_50ms,2475.0,B,200,1,False,True,0.921778625816592,0.9030919083457043,ANT1 ANT2 ANT4 ANT8 ANT7,docs/completed_switching_analysis/data/rolling.csv,/srv/bulk/samteway/lab-data/tracking-comprehensive-20260908-v1/captures/block-20260908T231415311061Z-r1-B-200us-20260908T231834.037225Z/run.json
block-20260908T231415311061Z,2026-09-08,rolling_50ms,2475.0,B,100,1,False,False,1.1780474237201268,1.2601506518826766,ANT1 ANT2 ANT4 ANT8 ANT7,docs/completed_switching_analysis/data/rolling.csv,/srv/bulk/samteway/lab-data/tracking-comprehensive-20260908-v1/captures/block-20260908T231415311061Z-r1-B-100us-20260908T231849.497651Z/run.json
block-20260908T231415311061Z,2026-09-08,rolling_50ms,2475.0,A,1000,1,True,True,0.7719475165914068,0.6099532784372315,ANT1 ANT2 ANT4 ANT8 ANT7,docs/completed_switching_analysis/data/rolling.csv,/srv/bulk/samteway/lab-data/tracking-comprehensive-20260908-v1/captures/block-20260908T231415311061Z-r1-A-1000us-control-20260908T231904.534048Z/run.json
block-20260908T231415311061Z,2026-09-08,rolling_50ms,2475.0,B,25,2,False,False,30.68274563042272,7.69171740631373,ANT1 ANT2 ANT4 ANT8 ANT7,docs/completed_switching_analysis/data/rolling.csv,/srv/bulk/samteway/lab-data/tracking-comprehensive-20260908-v1/captures/block-20260908T231415311061Z-r2-B-25us-20260908T231918.879225Z/run.json
block-20260908T231415311061Z,2026-09-08,rolling_50ms,2475.0,B,50,2,False,False,1.4586673222715403,1.8764569570865728,ANT1 ANT2 ANT4 ANT8 ANT7,docs/completed_switching_analysis/data/rolling.csv,/srv/bulk/samteway/lab-data/tracking-comprehensive-20260908-v1/captures/block-20260908T231415311061Z-r2-B-50us-20260908T231934.498902Z/run.json
block-20260908T231415311061Z,2026-09-08,rolling_50ms,2475.0,A,1000,2,True,True,0.8159169275013853,0.17728349490194206,ANT1 ANT2 ANT4 ANT8 ANT7,docs/completed_switching_analysis/data/rolling.csv,/srv/bulk/samteway/lab-data/tracking-comprehensive-20260908-v1/captures/block-20260908T231415311061Z-r2-A-1000us-control-20260908T231949.829474Z/run.json
block-20260908T231415311061Z,2026-09-08,rolling_50ms,2475.0,B,100,2,False,True,0.9293247889961166,0.7449179256837818,ANT1 ANT2 ANT4 ANT8 ANT7,docs/completed_switching_analysis/data/rolling.csv,/srv/bulk/samteway/lab-data/tracking-comprehensive-20260908-v1/captures/block-20260908T231415311061Z-r2-B-100us-20260908T232004.207669Z/run.json
block-20260908T231415311061Z,2026-09-08,rolling_50ms,2475.0,B,1000,2,False,True,0.823036241686199,0.4192018018507288,ANT1 ANT2 ANT4 ANT8 ANT7,docs/completed_switching_analysis/data/rolling.csv,/srv/bulk/samteway/lab-data/tracking-comprehensive-20260908-v1/captures/block-20260908T231415311061Z-r2-B-1000us-20260908T232019.846817Z/run.json
block-20260908T231415311061Z,2026-09-08,rolling_50ms,2475.0,A,200,2,True,True,0.7644905535442473,0.24833250995533102,ANT1 ANT2 ANT4 ANT8 ANT7,docs/completed_switching_analysis/data/rolling.csv,/srv/bulk/samteway/lab-data/tracking-comprehensive-20260908-v1/captures/block-20260908T231415311061Z-r2-A-200us-control-20260908T232035.506787Z/run.json
block-20260908T231415311061Z,2026-09-08,rolling_50ms,2475.0,B,200,2,False,True,0.9020579537866299,0.898735248272745,ANT1 ANT2 ANT4 ANT8 ANT7,docs/completed_switching_analysis/data/rolling.csv,/srv/bulk/samteway/lab-data/tracking-comprehensive-20260908-v1/captures/block-20260908T231415311061Z-r2-B-200us-20260908T232044.771720Z/run.json
block-20260908T231415311061Z,2026-09-08,rolling_50ms,2475.0,B,100,3,False,True,0.9421107832225822,0.9304933876931443,ANT1 ANT2 ANT4 ANT8 ANT7,docs/completed_switching_analysis/data/rolling.csv,/srv/bulk/samteway/lab-data/tracking-comprehensive-20260908-v1/captures/block-20260908T231415311061Z-r3-B-100us-20260908T232101.237930Z/run.json
block-20260908T231415311061Z,2026-09-08,rolling_50ms,2475.0,A,200,3,True,True,1.0642496447241578,0.567361746552783,ANT1 ANT2 ANT4 ANT8 ANT7,docs/completed_switching_analysis/data/rolling.csv,/srv/bulk/samteway/lab-data/tracking-comprehensive-20260908-v1/captures/block-20260908T231415311061Z-r3-A-200us-control-20260908T232117.348532Z/run.json
block-20260908T231415311061Z,2026-09-08,rolling_50ms,2475.0,B,1000,3,False,True,0.9631815263791108,0.27597066961842354,ANT1 ANT2 ANT4 ANT8 ANT7,docs/completed_switching_analysis/data/rolling.csv,/srv/bulk/samteway/lab-data/tracking-comprehensive-20260908-v1/captures/block-20260908T231415311061Z-r3-B-1000us-20260908T232132.267255Z/run.json
block-20260908T231415311061Z,2026-09-08,rolling_50ms,2475.0,B,25,3,False,False,9.507404326136049,2.6021301591671797,ANT1 ANT2 ANT4 ANT8 ANT7,docs/completed_switching_analysis/data/rolling.csv,/srv/bulk/samteway/lab-data/tracking-comprehensive-20260908-v1/captures/block-20260908T231415311061Z-r3-B-25us-20260908T232148.344616Z/run.json
block-20260908T231415311061Z,2026-09-08,rolling_50ms,2475.0,A,1000,3,True,True,0.7735290595290255,0.46305382949686835,ANT1 ANT2 ANT4 ANT8 ANT7,docs/completed_switching_analysis/data/rolling.csv,/srv/bulk/samteway/lab-data/tracking-comprehensive-20260908-v1/captures/block-20260908T231415311061Z-r3-A-1000us-control-20260908T232204.034070Z/run.json
block-20260908T231415311061Z,2026-09-08,rolling_50ms,2475.0,B,50,3,False,False,2.7266472027040547,1.7174884154671237,ANT1 ANT2 ANT4 ANT8 ANT7,docs/completed_switching_analysis/data/rolling.csv,/srv/bulk/samteway/lab-data/tracking-comprehensive-20260908-v1/captures/block-20260908T231415311061Z-r3-B-50us-20260908T232218.467113Z/run.json
block-20260908T231415311061Z,2026-09-08,rolling_50ms,2475.0,B,200,3,False,True,0.8778866639604047,0.8955878226042436,ANT1 ANT2 ANT4 ANT8 ANT7,docs/completed_switching_analysis/data/rolling.csv,/srv/bulk/samteway/lab-data/tracking-comprehensive-20260908-v1/captures/block-20260908T231415311061Z-r3-B-200us-20260908T232235.375962Z/run.json
block-20260909T170658793466Z,2026-09-09,rolling_50ms,915.0,A,200,1,False,True,0.15220242902012518,0.4929630761855832,ANT1 ANT2 ANT4 ANT8 ANT7 ANT5,docs/subghz_915_diagnostic/data/summary.json,
block-20260909T170658793466Z,2026-09-09,rolling_50ms,915.0,A,200,1,True,True,0.4078588472134023,0.6340975158016764,ANT1 ANT2 ANT4 ANT8 ANT7 ANT5,docs/subghz_915_diagnostic/data/summary.json,
block-20260909T170658793466Z,2026-09-09,rolling_50ms,915.0,A,1000,1,False,True,0.13221596600944516,0.48890986555797317,ANT1 ANT2 ANT4 ANT8 ANT7 ANT5,docs/subghz_915_diagnostic/data/summary.json,
block-20260909T170658793466Z,2026-09-09,rolling_50ms,915.0,A,200,2,True,True,0.1556929643072288,0.33311489057589105,ANT1 ANT2 ANT4 ANT8 ANT7 ANT5,docs/subghz_915_diagnostic/data/summary.json,
block-20260909T170658793466Z,2026-09-09,rolling_50ms,915.0,A,200,2,False,True,0.13825548589536668,0.40574100516414235,ANT1 ANT2 ANT4 ANT8 ANT7 ANT5,docs/subghz_915_diagnostic/data/summary.json,
block-20260909T170658793466Z,2026-09-09,rolling_50ms,915.0,A,1000,2,False,True,0.4278608486037057,0.21232377669617966,ANT1 ANT2 ANT4 ANT8 ANT7 ANT5,docs/subghz_915_diagnostic/data/summary.json,
block-20260909T170658793466Z,2026-09-09,rolling_50ms,915.0,A,200,3,True,True,0.11575126479171133,0.6553474998389092,ANT1 ANT2 ANT4 ANT8 ANT7 ANT5,docs/subghz_915_diagnostic/data/summary.json,
block-20260909T170658793466Z,2026-09-09,rolling_50ms,915.0,A,200,3,False,True,0.23636045083246773,0.4847521942584605,ANT1 ANT2 ANT4 ANT8 ANT7 ANT5,docs/subghz_915_diagnostic/data/summary.json,
block-20260909T170658793466Z,2026-09-09,rolling_50ms,915.0,A,1000,3,False,True,0.4523061044053648,0.43707274767321536,ANT1 ANT2 ANT4 ANT8 ANT7 ANT5,docs/subghz_915_diagnostic/data/summary.json,
block-20260908T164249289170Z,2026-09-08,fixed_any_budget,5800.0,A,200,1,False,True,,0.6409983903750694,ANT2 ANT4 ANT8 ANT7 ANT5,docs/completed_switching_analysis/data/fixed.csv,/srv/bulk/samteway/lab-data/tracking-comprehensive-20260908-v1/captures/block-20260908T164249289170Z-r1-200us-20260908T164419.671459Z/run.json
block-20260908T164249289170Z,2026-09-08,fixed_any_budget,5800.0,A,200,1,True,False,,,ANT2 ANT4 ANT8 ANT7 ANT5,docs/completed_switching_analysis/data/fixed.csv,/srv/bulk/samteway/lab-data/tracking-comprehensive-20260908-v1/captures/block-20260908T164249289170Z-r1-200us-control-20260908T164428.709688Z/run.json
block-20260908T164249289170Z,2026-09-08,fixed_any_budget,5800.0,A,1000,1,False,True,,0.32423361378343113,ANT2 ANT4 ANT8 ANT7 ANT5,docs/completed_switching_analysis/data/fixed.csv,/srv/bulk/samteway/lab-data/tracking-comprehensive-20260908-v1/captures/block-20260908T164249289170Z-r1-1000us-20260908T164443.275303Z/run.json
block-20260908T164249289170Z,2026-09-08,fixed_any_budget,5800.0,A,1000,2,False,True,,0.21237841789868378,ANT2 ANT4 ANT8 ANT7 ANT5,docs/completed_switching_analysis/data/fixed.csv,/srv/bulk/samteway/lab-data/tracking-comprehensive-20260908-v1/captures/block-20260908T164249289170Z-r2-1000us-20260908T164452.460598Z/run.json
block-20260908T164249289170Z,2026-09-08,fixed_any_budget,5800.0,A,200,2,True,True,,0.2757026715711775,ANT2 ANT4 ANT8 ANT7 ANT5,docs/completed_switching_analysis/data/fixed.csv,/srv/bulk/samteway/lab-data/tracking-comprehensive-20260908-v1/captures/block-20260908T164249289170Z-r2-200us-control-20260908T164507.629421Z/run.json
block-20260908T164249289170Z,2026-09-08,fixed_any_budget,5800.0,A,200,2,False,True,,0.3140702360882788,ANT2 ANT4 ANT8 ANT7 ANT5,docs/completed_switching_analysis/data/fixed.csv,/srv/bulk/samteway/lab-data/tracking-comprehensive-20260908-v1/captures/block-20260908T164249289170Z-r2-200us-20260908T164516.579171Z/run.json
block-20260908T164249289170Z,2026-09-08,fixed_any_budget,5800.0,A,200,3,False,True,,0.4182193361405596,ANT2 ANT4 ANT8 ANT7 ANT5,docs/completed_switching_analysis/data/fixed.csv,/srv/bulk/samteway/lab-data/tracking-comprehensive-20260908-v1/captures/block-20260908T164249289170Z-r3-200us-20260908T164525.695849Z/run.json
block-20260908T164249289170Z,2026-09-08,fixed_any_budget,5800.0,A,1000,3,False,True,,0.3927989981949891,ANT2 ANT4 ANT8 ANT7 ANT5,docs/completed_switching_analysis/data/fixed.csv,/srv/bulk/samteway/lab-data/tracking-comprehensive-20260908-v1/captures/block-20260908T164249289170Z-r3-1000us-20260908T164540.641590Z/run.json
block-20260908T164249289170Z,2026-09-08,fixed_any_budget,5800.0,A,200,3,True,False,,12.583383315988858,ANT2 ANT4 ANT8 ANT7 ANT5,docs/completed_switching_analysis/data/fixed.csv,/srv/bulk/samteway/lab-data/tracking-comprehensive-20260908-v1/captures/block-20260908T164249289170Z-r3-200us-control-20260908T164555.467050Z/run.json
block-20260908T222235133339Z,2026-09-08,fixed_any_budget,5811.0,A,200,1,True,True,,0.6843864594106143,ANT1 ANT2 ANT4 ANT8 ANT7 ANT5,docs/completed_switching_analysis/data/fixed.csv,/srv/bulk/samteway/lab-data/tracking-comprehensive-20260908-v1/captures/block-20260908T222235133339Z-r1-200us-control-20260908T222359.927361Z/run.json
block-20260908T222235133339Z,2026-09-08,fixed_any_budget,5811.0,A,100,1,False,False,,2.077547084667968,ANT1 ANT2 ANT4 ANT8 ANT7 ANT5,docs/completed_switching_analysis/data/fixed.csv,/srv/bulk/samteway/lab-data/tracking-comprehensive-20260908-v1/captures/block-20260908T222235133339Z-r1-100us-20260908T222415.183804Z/run.json
block-20260908T222235133339Z,2026-09-08,fixed_any_budget,5811.0,A,50,1,False,False,,5.2286094277052655,ANT1 ANT2 ANT4 ANT8 ANT7 ANT5,docs/completed_switching_analysis/data/fixed.csv,/srv/bulk/samteway/lab-data/tracking-comprehensive-20260908-v1/captures/block-20260908T222235133339Z-r1-50us-20260908T222430.717395Z/run.json
block-20260908T222235133339Z,2026-09-08,fixed_any_budget,5811.0,A,1000,1,False,True,,0.47031208771731225,ANT1 ANT2 ANT4 ANT8 ANT7 ANT5,docs/completed_switching_analysis/data/fixed.csv,/srv/bulk/samteway/lab-data/tracking-comprehensive-20260908-v1/captures/block-20260908T222235133339Z-r1-1000us-20260908T222445.466742Z/run.json
block-20260908T222235133339Z,2026-09-08,fixed_any_budget,5811.0,A,200,1,False,False,,11.78100587042227,ANT1 ANT2 ANT4 ANT8 ANT7 ANT5,docs/completed_switching_analysis/data/fixed.csv,/srv/bulk/samteway/lab-data/tracking-comprehensive-20260908-v1/captures/block-20260908T222235133339Z-r1-200us-20260908T222501.075648Z/run.json
block-20260908T222235133339Z,2026-09-08,fixed_any_budget,5811.0,A,25,1,False,False,,,ANT1 ANT2 ANT4 ANT8 ANT7 ANT5,docs/completed_switching_analysis/data/fixed.csv,/srv/bulk/samteway/lab-data/tracking-comprehensive-20260908-v1/captures/block-20260908T222235133339Z-r1-25us-20260908T222516.265695Z/run.json
block-20260908T222235133339Z,2026-09-08,fixed_any_budget,5811.0,A,50,2,False,False,,1.638116558381514,ANT1 ANT2 ANT4 ANT8 ANT7 ANT5,docs/completed_switching_analysis/data/fixed.csv,/srv/bulk/samteway/lab-data/tracking-comprehensive-20260908-v1/captures/block-20260908T222235133339Z-r2-50us-20260908T222531.402805Z/run.json
block-20260908T222235133339Z,2026-09-08,fixed_any_budget,5811.0,A,1000,2,False,True,,0.7732625880917612,ANT1 ANT2 ANT4 ANT8 ANT7 ANT5,docs/completed_switching_analysis/data/fixed.csv,/srv/bulk/samteway/lab-data/tracking-comprehensive-20260908-v1/captures/block-20260908T222235133339Z-r2-1000us-20260908T222546.698760Z/run.json
block-20260908T222235133339Z,2026-09-08,fixed_any_budget,5811.0,A,25,2,False,False,,,ANT1 ANT2 ANT4 ANT8 ANT7 ANT5,docs/completed_switching_analysis/data/fixed.csv,/srv/bulk/samteway/lab-data/tracking-comprehensive-20260908-v1/captures/block-20260908T222235133339Z-r2-25us-20260908T222601.891685Z/run.json
block-20260908T222235133339Z,2026-09-08,fixed_any_budget,5811.0,A,200,2,True,True,,0.6764103056860338,ANT1 ANT2 ANT4 ANT8 ANT7 ANT5,docs/completed_switching_analysis/data/fixed.csv,/srv/bulk/samteway/lab-data/tracking-comprehensive-20260908-v1/captures/block-20260908T222235133339Z-r2-200us-control-20260908T222617.293187Z/run.json
block-20260908T222235133339Z,2026-09-08,fixed_any_budget,5811.0,A,200,2,False,False,,1.4171483687340645,ANT1 ANT2 ANT4 ANT8 ANT7 ANT5,docs/completed_switching_analysis/data/fixed.csv,/srv/bulk/samteway/lab-data/tracking-comprehensive-20260908-v1/captures/block-20260908T222235133339Z-r2-200us-20260908T222626.631316Z/run.json
block-20260908T222235133339Z,2026-09-08,fixed_any_budget,5811.0,A,100,2,False,False,,2.4624310621293533,ANT1 ANT2 ANT4 ANT8 ANT7 ANT5,docs/completed_switching_analysis/data/fixed.csv,/srv/bulk/samteway/lab-data/tracking-comprehensive-20260908-v1/captures/block-20260908T222235133339Z-r2-100us-20260908T222641.322420Z/run.json
block-20260908T222235133339Z,2026-09-08,fixed_any_budget,5811.0,A,200,3,False,True,,0.7647465310217711,ANT1 ANT2 ANT4 ANT8 ANT7 ANT5,docs/completed_switching_analysis/data/fixed.csv,/srv/bulk/samteway/lab-data/tracking-comprehensive-20260908-v1/captures/block-20260908T222235133339Z-r3-200us-20260908T222656.033948Z/run.json
block-20260908T222235133339Z,2026-09-08,fixed_any_budget,5811.0,A,50,3,False,False,,7.354555845978239,ANT1 ANT2 ANT4 ANT8 ANT7 ANT5,docs/completed_switching_analysis/data/fixed.csv,/srv/bulk/samteway/lab-data/tracking-comprehensive-20260908-v1/captures/block-20260908T222235133339Z-r3-50us-20260908T222710.858363Z/run.json
block-20260908T222235133339Z,2026-09-08,fixed_any_budget,5811.0,A,1000,3,False,True,,0.17546277719431325,ANT1 ANT2 ANT4 ANT8 ANT7 ANT5,docs/completed_switching_analysis/data/fixed.csv,/srv/bulk/samteway/lab-data/tracking-comprehensive-20260908-v1/captures/block-20260908T222235133339Z-r3-1000us-20260908T222725.732602Z/run.json
block-20260908T222235133339Z,2026-09-08,fixed_any_budget,5811.0,A,200,3,True,False,,1.3176581215609344,ANT1 ANT2 ANT4 ANT8 ANT7 ANT5,docs/completed_switching_analysis/data/fixed.csv,/srv/bulk/samteway/lab-data/tracking-comprehensive-20260908-v1/captures/block-20260908T222235133339Z-r3-200us-control-20260908T222740.934092Z/run.json
block-20260908T222235133339Z,2026-09-08,fixed_any_budget,5811.0,A,25,3,False,False,,,ANT1 ANT2 ANT4 ANT8 ANT7 ANT5,docs/completed_switching_analysis/data/fixed.csv,/srv/bulk/samteway/lab-data/tracking-comprehensive-20260908-v1/captures/block-20260908T222235133339Z-r3-25us-20260908T222755.811703Z/run.json
block-20260908T222235133339Z,2026-09-08,fixed_any_budget,5811.0,A,100,3,False,False,,1.1563930374899751,ANT1 ANT2 ANT4 ANT8 ANT7 ANT5,docs/completed_switching_analysis/data/fixed.csv,/srv/bulk/samteway/lab-data/tracking-comprehensive-20260908-v1/captures/block-20260908T222235133339Z-r3-100us-20260908T222810.962634Z/run.json
block-20260908T223136472639Z,2026-09-08,fixed_any_budget,5811.0,A,1000,1,True,True,,0.6925529159597106,ANT1 ANT2 ANT4 ANT8 ANT7 ANT5,docs/completed_switching_analysis/data/fixed.csv,/srv/bulk/samteway/lab-data/tracking-comprehensive-20260908-v1/captures/block-20260908T223136472639Z-r1-A-1000us-control-20260908T223540.792355Z/run.json
block-20260908T223136472639Z,2026-09-08,fixed_any_budget,5811.0,B,100,1,False,False,,0.8816885181213672,ANT1 ANT2 ANT4 ANT8 ANT7 ANT5,docs/completed_switching_analysis/data/fixed.csv,/srv/bulk/samteway/lab-data/tracking-comprehensive-20260908-v1/captures/block-20260908T223136472639Z-r1-B-100us-20260908T223555.226309Z/run.json
block-20260908T223136472639Z,2026-09-08,fixed_any_budget,5811.0,B,50,1,False,False,,1.078502867553427,ANT1 ANT2 ANT4 ANT8 ANT7 ANT5,docs/completed_switching_analysis/data/fixed.csv,/srv/bulk/samteway/lab-data/tracking-comprehensive-20260908-v1/captures/block-20260908T223136472639Z-r1-B-50us-20260908T223610.856607Z/run.json
block-20260908T223136472639Z,2026-09-08,fixed_any_budget,5811.0,B,1000,1,False,True,,0.3410518345522072,ANT1 ANT2 ANT4 ANT8 ANT7 ANT5,docs/completed_switching_analysis/data/fixed.csv,/srv/bulk/samteway/lab-data/tracking-comprehensive-20260908-v1/captures/block-20260908T223136472639Z-r1-B-1000us-20260908T223625.825747Z/run.json
block-20260908T223136472639Z,2026-09-08,fixed_any_budget,5811.0,A,200,1,True,True,,0.5925624121319855,ANT1 ANT2 ANT4 ANT8 ANT7 ANT5,docs/completed_switching_analysis/data/fixed.csv,/srv/bulk/samteway/lab-data/tracking-comprehensive-20260908-v1/captures/block-20260908T223136472639Z-r1-A-200us-control-20260908T223640.979502Z/run.json
block-20260908T223136472639Z,2026-09-08,fixed_any_budget,5811.0,B,200,1,False,True,,0.7652938861470516,ANT1 ANT2 ANT4 ANT8 ANT7 ANT5,docs/completed_switching_analysis/data/fixed.csv,/srv/bulk/samteway/lab-data/tracking-comprehensive-20260908-v1/captures/block-20260908T223136472639Z-r1-B-200us-20260908T223650.064212Z/run.json
block-20260908T223136472639Z,2026-09-08,fixed_any_budget,5811.0,B,25,1,False,False,,,ANT1 ANT2 ANT4 ANT8 ANT7 ANT5,docs/completed_switching_analysis/data/fixed.csv,/srv/bulk/samteway/lab-data/tracking-comprehensive-20260908-v1/captures/block-20260908T223136472639Z-r1-B-25us-20260908T223705.908313Z/run.json
block-20260908T223136472639Z,2026-09-08,fixed_any_budget,5811.0,B,50,2,False,True,,0.9686280384184338,ANT1 ANT2 ANT4 ANT8 ANT7 ANT5,docs/completed_switching_analysis/data/fixed.csv,/srv/bulk/samteway/lab-data/tracking-comprehensive-20260908-v1/captures/block-20260908T223136472639Z-r2-B-50us-20260908T223721.383872Z/run.json
block-20260908T223136472639Z,2026-09-08,fixed_any_budget,5811.0,B,1000,2,False,False,,1.5443331156854632,ANT1 ANT2 ANT4 ANT8 ANT7 ANT5,docs/completed_switching_analysis/data/fixed.csv,/srv/bulk/samteway/lab-data/tracking-comprehensive-20260908-v1/captures/block-20260908T223136472639Z-r2-B-1000us-20260908T223736.720163Z/run.json
block-20260908T223136472639Z,2026-09-08,fixed_any_budget,5811.0,B,25,2,False,False,,,ANT1 ANT2 ANT4 ANT8 ANT7 ANT5,docs/completed_switching_analysis/data/fixed.csv,/srv/bulk/samteway/lab-data/tracking-comprehensive-20260908-v1/captures/block-20260908T223136472639Z-r2-B-25us-20260908T223752.613062Z/run.json
block-20260908T223136472639Z,2026-09-08,fixed_any_budget,5811.0,B,100,2,False,True,,0.850771000916489,ANT1 ANT2 ANT4 ANT8 ANT7 ANT5,docs/completed_switching_analysis/data/fixed.csv,/srv/bulk/samteway/lab-data/tracking-comprehensive-20260908-v1/captures/block-20260908T223136472639Z-r2-B-100us-20260908T223807.899648Z/run.json
block-20260908T223136472639Z,2026-09-08,fixed_any_budget,5811.0,B,200,2,False,False,,14.646762574992081,ANT1 ANT2 ANT4 ANT8 ANT7 ANT5,docs/completed_switching_analysis/data/fixed.csv,/srv/bulk/samteway/lab-data/tracking-comprehensive-20260908-v1/captures/block-20260908T223136472639Z-r2-B-200us-20260908T223823.280789Z/run.json
block-20260908T223136472639Z,2026-09-08,fixed_any_budget,5811.0,A,200,2,True,False,,0.8675728067059351,ANT1 ANT2 ANT4 ANT8 ANT7 ANT5,docs/completed_switching_analysis/data/fixed.csv,/srv/bulk/samteway/lab-data/tracking-comprehensive-20260908-v1/captures/block-20260908T223136472639Z-r2-A-200us-control-20260908T223833.018806Z/run.json
block-20260908T223136472639Z,2026-09-08,fixed_any_budget,5811.0,A,1000,2,True,True,,0.7264916674221473,ANT1 ANT2 ANT4 ANT8 ANT7 ANT5,docs/completed_switching_analysis/data/fixed.csv,/srv/bulk/samteway/lab-data/tracking-comprehensive-20260908-v1/captures/block-20260908T223136472639Z-r2-A-1000us-control-20260908T223847.532210Z/run.json
block-20260908T223136472639Z,2026-09-08,fixed_any_budget,5811.0,A,200,3,True,False,,15.299473358872644,ANT1 ANT2 ANT4 ANT8 ANT7 ANT5,docs/completed_switching_analysis/data/fixed.csv,/srv/bulk/samteway/lab-data/tracking-comprehensive-20260908-v1/captures/block-20260908T223136472639Z-r3-A-200us-control-20260908T223902.112295Z/run.json
block-20260908T223136472639Z,2026-09-08,fixed_any_budget,5811.0,B,200,3,False,True,,0.719207005626683,ANT1 ANT2 ANT4 ANT8 ANT7 ANT5,docs/completed_switching_analysis/data/fixed.csv,/srv/bulk/samteway/lab-data/tracking-comprehensive-20260908-v1/captures/block-20260908T223136472639Z-r3-B-200us-20260908T223911.469265Z/run.json
block-20260908T223136472639Z,2026-09-08,fixed_any_budget,5811.0,B,1000,3,False,True,,0.769662754086401,ANT1 ANT2 ANT4 ANT8 ANT7 ANT5,docs/completed_switching_analysis/data/fixed.csv,/srv/bulk/samteway/lab-data/tracking-comprehensive-20260908-v1/captures/block-20260908T223136472639Z-r3-B-1000us-20260908T223927.975119Z/run.json
block-20260908T223136472639Z,2026-09-08,fixed_any_budget,5811.0,B,50,3,False,False,,1.0032263275470108,ANT1 ANT2 ANT4 ANT8 ANT7 ANT5,docs/completed_switching_analysis/data/fixed.csv,/srv/bulk/samteway/lab-data/tracking-comprehensive-20260908-v1/captures/block-20260908T223136472639Z-r3-B-50us-20260908T223943.977924Z/run.json
block-20260908T223136472639Z,2026-09-08,fixed_any_budget,5811.0,A,1000,3,True,True,,0.6024309896249992,ANT1 ANT2 ANT4 ANT8 ANT7 ANT5,docs/completed_switching_analysis/data/fixed.csv,/srv/bulk/samteway/lab-data/tracking-comprehensive-20260908-v1/captures/block-20260908T223136472639Z-r3-A-1000us-control-20260908T223959.808791Z/run.json
block-20260908T223136472639Z,2026-09-08,fixed_any_budget,5811.0,B,25,3,False,False,,,ANT1 ANT2 ANT4 ANT8 ANT7 ANT5,docs/completed_switching_analysis/data/fixed.csv,/srv/bulk/samteway/lab-data/tracking-comprehensive-20260908-v1/captures/block-20260908T223136472639Z-r3-B-25us-20260908T224014.310355Z/run.json
block-20260908T223136472639Z,2026-09-08,fixed_any_budget,5811.0,B,100,3,False,True,,0.9595014810511481,ANT1 ANT2 ANT4 ANT8 ANT7 ANT5,docs/completed_switching_analysis/data/fixed.csv,/srv/bulk/samteway/lab-data/tracking-comprehensive-20260908-v1/captures/block-20260908T223136472639Z-r3-B-100us-20260908T224030.479066Z/run.json
block-20260908T224532349585Z,2026-09-08,fixed_any_budget,5811.0,A,1000,1,True,True,,0.7286775629728044,ANT1 ANT2 ANT4 ANT8 ANT7 ANT5,docs/completed_switching_analysis/data/fixed.csv,/srv/bulk/samteway/lab-data/tracking-comprehensive-20260908-v1/captures/block-20260908T224532349585Z-r1-A-1000us-control-20260908T224855.607205Z/run.json
block-20260908T224532349585Z,2026-09-08,fixed_any_budget,5811.0,D,100,1,False,False,,1.8678239924346198,ANT1 ANT2 ANT4 ANT8 ANT7 ANT5,docs/completed_switching_analysis/data/fixed.csv,/srv/bulk/samteway/lab-data/tracking-comprehensive-20260908-v1/captures/block-20260908T224532349585Z-r1-D-100us-20260908T224909.947675Z/run.json
block-20260908T224532349585Z,2026-09-08,fixed_any_budget,5811.0,D,50,1,False,False,,2.2330272092526497,ANT1 ANT2 ANT4 ANT8 ANT7 ANT5,docs/completed_switching_analysis/data/fixed.csv,/srv/bulk/samteway/lab-data/tracking-comprehensive-20260908-v1/captures/block-20260908T224532349585Z-r1-D-50us-20260908T224925.445268Z/run.json
block-20260908T224532349585Z,2026-09-08,fixed_any_budget,5811.0,D,1000,1,False,False,,1.5270012915813178,ANT1 ANT2 ANT4 ANT8 ANT7 ANT5,docs/completed_switching_analysis/data/fixed.csv,/srv/bulk/samteway/lab-data/tracking-comprehensive-20260908-v1/captures/block-20260908T224532349585Z-r1-D-1000us-20260908T224940.944358Z/run.json
block-20260908T224532349585Z,2026-09-08,fixed_any_budget,5811.0,A,200,1,True,False,,1.4112030498678543,ANT1 ANT2 ANT4 ANT8 ANT7 ANT5,docs/completed_switching_analysis/data/fixed.csv,/srv/bulk/samteway/lab-data/tracking-comprehensive-20260908-v1/captures/block-20260908T224532349585Z-r1-A-200us-control-20260908T224956.127272Z/run.json
block-20260908T224532349585Z,2026-09-08,fixed_any_budget,5811.0,D,200,1,False,False,,1.0169632749569264,ANT1 ANT2 ANT4 ANT8 ANT7 ANT5,docs/completed_switching_analysis/data/fixed.csv,/srv/bulk/samteway/lab-data/tracking-comprehensive-20260908-v1/captures/block-20260908T224532349585Z-r1-D-200us-20260908T225005.047960Z/run.json
block-20260908T224532349585Z,2026-09-08,fixed_any_budget,5811.0,D,25,1,False,False,,,ANT1 ANT2 ANT4 ANT8 ANT7 ANT5,docs/completed_switching_analysis/data/fixed.csv,/srv/bulk/samteway/lab-data/tracking-comprehensive-20260908-v1/captures/block-20260908T224532349585Z-r1-D-25us-20260908T225020.292978Z/run.json
block-20260908T224532349585Z,2026-09-08,fixed_any_budget,5811.0,D,50,2,False,False,,2.4360531692354632,ANT1 ANT2 ANT4 ANT8 ANT7 ANT5,docs/completed_switching_analysis/data/fixed.csv,/srv/bulk/samteway/lab-data/tracking-comprehensive-20260908-v1/captures/block-20260908T224532349585Z-r2-D-50us-20260908T225035.606970Z/run.json
block-20260908T224532349585Z,2026-09-08,fixed_any_budget,5811.0,D,1000,2,False,True,,0.9992234618487756,ANT1 ANT2 ANT4 ANT8 ANT7 ANT5,docs/completed_switching_analysis/data/fixed.csv,/srv/bulk/samteway/lab-data/tracking-comprehensive-20260908-v1/captures/block-20260908T224532349585Z-r2-D-1000us-20260908T225050.950850Z/run.json
block-20260908T224532349585Z,2026-09-08,fixed_any_budget,5811.0,D,25,2,False,False,,,ANT1 ANT2 ANT4 ANT8 ANT7 ANT5,docs/completed_switching_analysis/data/fixed.csv,/srv/bulk/samteway/lab-data/tracking-comprehensive-20260908-v1/captures/block-20260908T224532349585Z-r2-D-25us-20260908T225106.322576Z/run.json
block-20260908T224532349585Z,2026-09-08,fixed_any_budget,5811.0,D,100,2,False,False,,2.3771111991560345,ANT1 ANT2 ANT4 ANT8 ANT7 ANT5,docs/completed_switching_analysis/data/fixed.csv,/srv/bulk/samteway/lab-data/tracking-comprehensive-20260908-v1/captures/block-20260908T224532349585Z-r2-D-100us-20260908T225121.797650Z/run.json
block-20260908T224532349585Z,2026-09-08,fixed_any_budget,5811.0,D,200,2,False,False,,1.493177398762131,ANT1 ANT2 ANT4 ANT8 ANT7 ANT5,docs/completed_switching_analysis/data/fixed.csv,/srv/bulk/samteway/lab-data/tracking-comprehensive-20260908-v1/captures/block-20260908T224532349585Z-r2-D-200us-20260908T225137.738590Z/run.json
block-20260908T224532349585Z,2026-09-08,fixed_any_budget,5811.0,A,200,2,True,False,,1.1437728539519028,ANT1 ANT2 ANT4 ANT8 ANT7 ANT5,docs/completed_switching_analysis/data/fixed.csv,/srv/bulk/samteway/lab-data/tracking-comprehensive-20260908-v1/captures/block-20260908T224532349585Z-r2-A-200us-control-20260908T225147.525776Z/run.json
block-20260908T224532349585Z,2026-09-08,fixed_any_budget,5811.0,A,1000,2,True,True,,0.46203928122724064,ANT1 ANT2 ANT4 ANT8 ANT7 ANT5,docs/completed_switching_analysis/data/fixed.csv,/srv/bulk/samteway/lab-data/tracking-comprehensive-20260908-v1/captures/block-20260908T224532349585Z-r2-A-1000us-control-20260908T225202.071637Z/run.json
block-20260908T224532349585Z,2026-09-08,fixed_any_budget,5811.0,A,200,3,True,False,,12.385725276848056,ANT1 ANT2 ANT4 ANT8 ANT7 ANT5,docs/completed_switching_analysis/data/fixed.csv,/srv/bulk/samteway/lab-data/tracking-comprehensive-20260908-v1/captures/block-20260908T224532349585Z-r3-A-200us-control-20260908T225217.377152Z/run.json
block-20260908T224532349585Z,2026-09-08,fixed_any_budget,5811.0,D,200,3,False,False,,1.3681628451348353,ANT1 ANT2 ANT4 ANT8 ANT7 ANT5,docs/completed_switching_analysis/data/fixed.csv,/srv/bulk/samteway/lab-data/tracking-comprehensive-20260908-v1/captures/block-20260908T224532349585Z-r3-D-200us-20260908T225226.655619Z/run.json
block-20260908T224532349585Z,2026-09-08,fixed_any_budget,5811.0,D,1000,3,False,True,,0.37801197056222124,ANT1 ANT2 ANT4 ANT8 ANT7 ANT5,docs/completed_switching_analysis/data/fixed.csv,/srv/bulk/samteway/lab-data/tracking-comprehensive-20260908-v1/captures/block-20260908T224532349585Z-r3-D-1000us-20260908T225242.582056Z/run.json
block-20260908T224532349585Z,2026-09-08,fixed_any_budget,5811.0,D,50,3,False,False,,2.5202315606553793,ANT1 ANT2 ANT4 ANT8 ANT7 ANT5,docs/completed_switching_analysis/data/fixed.csv,/srv/bulk/samteway/lab-data/tracking-comprehensive-20260908-v1/captures/block-20260908T224532349585Z-r3-D-50us-20260908T225258.394594Z/run.json
block-20260908T224532349585Z,2026-09-08,fixed_any_budget,5811.0,A,1000,3,True,True,,0.6598312654763699,ANT1 ANT2 ANT4 ANT8 ANT7 ANT5,docs/completed_switching_analysis/data/fixed.csv,/srv/bulk/samteway/lab-data/tracking-comprehensive-20260908-v1/captures/block-20260908T224532349585Z-r3-A-1000us-control-20260908T225314.291570Z/run.json
block-20260908T224532349585Z,2026-09-08,fixed_any_budget,5811.0,D,25,3,False,False,,6.167778524319649,ANT1 ANT2 ANT4 ANT8 ANT7 ANT5,docs/completed_switching_analysis/data/fixed.csv,/srv/bulk/samteway/lab-data/tracking-comprehensive-20260908-v1/captures/block-20260908T224532349585Z-r3-D-25us-20260908T225328.645407Z/run.json
block-20260908T224532349585Z,2026-09-08,fixed_any_budget,5811.0,D,100,3,False,False,,2.25634629457159,ANT1 ANT2 ANT4 ANT8 ANT7 ANT5,docs/completed_switching_analysis/data/fixed.csv,/srv/bulk/samteway/lab-data/tracking-comprehensive-20260908-v1/captures/block-20260908T224532349585Z-r3-D-100us-20260908T225344.059325Z/run.json
